user_id,username,full_name,department,role,location,hostname,device_id,status,hire_date,termination_date,manager_username
EMP12741,OMKAAR.CHANA52,Omkaar Chana,Supply Chain,Administrator,Branch Office,LPT-12741,,Working,,,manager780
EMP11307,ethan.narasimhan97,Ethan Narasimhan,Legal,Manager,Head Office,VDR-11307.corp.local,dev42831,Live,2026-05-18 23:12:00,,manager881
EMP11601,ethan.choudhry47,Ethan Choudhry,Marketing,Director,,WS-11601,dev40763,Live,2023-01-14 09:22:00,,manager809
EMP12621,vedant_panchal60,Vedant Panchal,Support,Analyst,Head_Office,LPT_12621,DEV-95371,Enabled,,,manager886
EMP12029,  gayathri.mohanty65  ,Gayathri Mohanty,R&D,Executive,work from home,LPT-12029,dev 51958,A,2021-09-01 00:00:00,,manager867
EMP11950,GARIMA.CHAUDHARY44,Garima Chaudhary,Call Center,Executive,,LPT-11950,dev13049,Live,2023-12-30 17:13:00,,  manager521  
EMP12718,  vrishti.dewan18  ,Vrishti Dewan,Compliance,Officer,warehouse,lpt-12718,DEV-46814,Working,2021-06-21 08:34:45,,manager544
EMP10184,,Varsha Mall,IT,Director,Remote,WS-10184,dev 12128,A,2020-07-28 21:36:00,,MANAGER850
EMP12400,peter.sama77,Peter Sama,IT,Specialist,work from home,VDR-12400,,Enabled,2026-06-13 19:10:36,,manager829
EMP10194,ayush.dua87,Ayush Dua,R&D,Analyst,BRANCH OFFICE,LPT-10194,DEV-40932,ACTIVE,2023-02-12 03:25:50,,manager680
EMP12798,abhimanyu.trivedi4,Abhimanyu Trivedi,Sales,Specialist,Data_Center,WS-12798,DEV31013,A,2026-04-13 04:15:33,,manager344
EMP11195,christopher.toor37,Christopher Toor,Legal,Director,work from home,VDR-11195,DEV99205,Enabled,2023-02-13 09:32:23,,manager739
EMP11406,urishilla.bhatt88,Urishilla Bhatt,Sales,Specialist,REGIONAL OFFICE,WS-11406,DEV78076,Live,2024-01-06 19:04:32,,manager438
EMP10314,GIRINDRA.DHALIWAL46,Girindra Dhaliwal,R&D,Specialist,branch office,VDR-10314,DEV-48986,Left,2025-01-07 14:08:35,2025-04-21 15:06:37,manager344
EMP10102,  gaurangi.samra66  ,Gaurangi Samra,Finance,Manager,Remote,WS-10102,DEV-54548,Terminated,2024-04-26 11:39:00,2024-04-30 11:18:18,MANAGER405
EMP11437,waida.anand56,Waida Anand,Operations,Administrator,branch office,WS-11437,DEV76029,Live,2026-04-27 19:55:00,,
EMP12959,LIBNI.LALA75,Libni Lala,Sales,Engineer,WORK FROM HOME,VDR-12959,DEV19450,ACTIVE,2022-03-28 23:25:36,,manager860
EMP11221,  qabil.lanka74  ,Qabil Lanka,Legal,Executive,Regional_Office,WS-11221,DEV32769,Working,2022-09-15 09:06:54,,manager547
EMP12935,abha.naik17,Abha Naik,Procurement,Executive,Warehouse,WS-12935,dev47829,ACTIVE,2022-01-19 00:00:00,,
EMP10705,bimala.raval96,Bimala Raval,Marketing Dept,Specialist,REMOTE,LPT-10705.corp.local,DEV-92483,Working,,,manager772
EMP12234,tristan.ravi53,Tristan Ravi,Ops Team,Executive,Warehouse,WS-12234,DEV-46572,Leave,2026-07-07 20:26:00,,
EMP11973,edhitha.pathak81,Edhitha Pathak,R&D,Director,work from home,VDR-11973.corp.local,dev 94430,Left,,,
EMP11517,ANITA.DUTT25,Anita Dutt,Hr,Engineer,BRANCH OFFICE,WS-11517,dev 75769,ACTIVE,2026-07-09 04:27:00,,manager205
EMP12976,AAYUSH.KOSHY48,Aayush Koshy,Sales,Engineer,data center,VDR-12976.corp.local,,Active,,,
EMP12232,,Idika Sani,Operations Dept,Analyst,,WS-12232,DEV43610,LEFT,2025-07-23 00:00:00,2026-08-19 09:57:38,manager419
EMP10178,tanveer.ghose11,Tanveer Ghose,Ops,Engineer,Head_Office,WS-10178,dev22987,DISABLED,2025-07-12 08:34:52,2025-11-02 19:08:00,manager393
EMP12030,urishilla.dugar5,Urishilla Dugar,Customer Support,Consultant,Regional_Office,vdr-12030,dev 10085,Active,,,manager911
EMP12926,  ronith.bhatti96  ,Ronith Bhatti,Sales,Analyst,BRANCH OFFICE,VDR-12926,DEV-21629,ACTIVE,2023-02-18 05:36:00,,
EMP10611,,Dhruv Cherian,Procurement Team,Administrator,Head Office,VDR-10611,DEV-85534,Live,,,
EMP10679,ira.khanna17,Ira Khanna,It Support,Trainee,Regional_Office,LPT-10679,,Enabled,2020-09-24 13:32:29,,manager283
EMP10152,finn.vig49,Finn Vig,Support,Engineer,WAREHOUSE,VDR-10152,DEV-97562,DISABLED,2020-08-11 00:00:00,,manager570
EMP12484,aahana.seth4,Aahana Seth,Sales Dept,Engineer,Head Office,VDR-12484,DEV-38543,Enabled,,,  manager345  
EMP11025,darsh.patla51,Darsh Patla,Finance,Manager,regional office,lpt-11025,dev 98785,Working,2023-10-01 01:50:28,,manager321
EMP10907,sneha.loke46,Sneha Loke,Fin,Executive,work from home,VDR-10907.corp.local,dev14190,DISABLED,2022-11-15 07:19:43,,manager675
EMP10254,wriddhish_arora70,Wriddhish Arora,Finance,Consultant,Head Office,LPT-10254,dev80419,Enabled,2021-01-30 15:41:12,,manager328
EMP12416,harish.bhatia99,Harish Bhatia,Legal,Engineer,Head Office,,DEV87517,ACTIVE,2026-06-11 00:00:00,,  manager695  
EMP12332,SHRAVYA.MAND51,Shravya Mand,People Team,Consultant,Regional_Office,,DEV-39132,Exited,2024-09-30 12:03:44,,unknown
EMP10346,dipta_oza8,Dipta Oza,Legal,Officer,Remote,VDR-10346,dev 75673,A,2023-08-09 00:03:30,,manager184
EMP10299,anmol.bhatt26,Anmol Bhatt,Procurement,Officer,Branch Office,VDR-10299,dev 82102,Enabled,2026-03-09 00:00:00,,  manager825  
EMP12045,girik.gaba54,Girik Gaba,Innovation,Officer,head office,LPT-12045,,Working,2022-09-12 21:06:42,,manager735
EMP11295,utkarsh.bakshi57,Utkarsh Bakshi,Legal,Analyst,Head_Office,WS-11295,dev 63026,Enabled,2021-07-25 19:18:38,,
EMP11357,nandini.buch11,Nandini Buch,Compliance,Director,warehouse,LPT-11357,,Active,2026-07-28 12:35:07,,manager284
EMP11422,rishi.contractor33,Rishi Contractor,Cs,Analyst,Warehouse,WS-11422,dev 14394,Active,2025-06-16 14:41:08,,  manager144  
EMP12482,chakrika.nagar94,Chakrika Nagar,Mktg,Manager,Work_From_Home,WS-12482,DEV-25608,Active,2022-07-21 22:31:07,,manager684
EMP10139,ISAAC.DUGAR28,Isaac Dugar,Legal,Trainee,,,dev 54424,D,2023-05-23 19:28:38,2023-10-18 12:32:00,manager420
EMP12603,  gautam.dass68  ,Gautam Dass,Finance,Trainee,BRANCH OFFICE,LPT-12603,dev 97646,Active,2022-08-10 22:55:29,,  manager793  
EMP10246,rohan.dash48,Rohan Dash,Legal,Officer,Data_Center,VDR_10246,DEV97044,DISABLED,2026-06-25 00:22:00,,
EMP10900,lohit.reddy93,Lohit Reddy,Purch,Trainee,branch office,VDR-10900,dev17956,Working,2023-08-04 02:56:00,,manager666
EMP12130,KRISHNA.KATA74,Krishna Kata,Customer Care,Specialist,,VDR-12130,DEV68796,L,,2024-09-24 00:00:00,unknown
EMP11681,ayushman.varty42,Ayushman Varty,Sales Dept,Executive,,VDR-11681,dev 87635,A,2023-07-04 21:58:23,,manager392
EMP12334,bahadurjit.sridhar62,Bahadurjit Sridhar,Sales,Consultant,,WS-12334,DEV27173,A,2021-11-04 05:38:50,,unknown
EMP10889,chanchal.tank46,Chanchal Tank,Mkt,Specialist,head office,VDR-10889,,Live,,,manager905
EMP11268,krishna.babu43,Krishna Babu,Innovation,Executive,HEAD OFFICE,vdr-11268,dev72206,Working,,,manager370
EMP11926,chatresh.varty75,Chatresh Varty,Finance,Analyst,WAREHOUSE,,dev80651,Resigned,2021-01-27 19:05:07,2021-07-04 11:53:00,manager721
EMP11620,ira.choudhury44,Ira Choudhury,Research And Development,Officer,WORK FROM HOME,WS-11620,DEV68711,Left,2025-09-08 00:00:00,2026-01-17 23:51:00,manager244
EMP10700,charles.brar31,Charles Brar,Call Center,Administrator,,VDR-10700,dev 85543,ACTIVE,2020-04-27 15:25:17,,manager821
EMP11061,  ekansh.ahuja25  ,Ekansh Ahuja,Mktg,Director,Data_Center,VDR-11061,dev91844,Live,2025-05-31 07:55:55,,manager400
EMP10485,hardik.kuruvilla24,Hardik Kuruvilla,Customer Support,Manager,Work From Home,VDR-10485,DEV-30889,A,,,manager457
EMP11356,jeet.tara32,Jeet Tara,Legal Dept,Specialist,Regional Office,LPT-11356,,Enabled,2022-06-10 00:00:00,,manager220
EMP12310,zashil.chaudhari74,Zashil Chaudhari,Operations,Specialist,,VDR-12310,dev 21473,Deactivated,2021-07-29 21:47:57,2026-08-24 00:00:00,MANAGER905
EMP12181,hemal.kohli58,Hemal Kohli,Mktg,Officer,WAREHOUSE,VDR-12181,dev 74389,Live,2025-04-12 00:00:00,,manager186
EMP10761,dayita.dasgupta48,Dayita Dasgupta,R&D,Analyst,WORK FROM HOME,,dev 19266,ACTIVE,2025-11-16 00:00:00,,manager133
EMP10746,  oviya.acharya25  ,Oviya Acharya,People Team,Executive,,WS-10746,,A,2025-09-13 01:27:00,,unknown
EMP10321,kalpit.mody99,Kalpit Mody,R&D,Officer,,LPT-10321,dev 85066,ACTIVE,,,
EMP12707,indira.pant51,Indira Pant,Mkt,Engineer,Regional Office,vdr-12707,dev56397,Working,2024-11-13 12:26:12,,manager574
EMP10188,wakeeta.srivastava97,Wakeeta Srivastava,Sales Dept,Administrator,,LPT-10188,dev95948,Enabled,2021-01-21 17:31:44,,
EMP10772,gagan_bhandari75,Gagan Bhandari,Ops Team,Consultant,data center,VDR-10772,dev 97274,Live,2024-08-31 00:47:00,,manager411
EMP12496,ANUSHA.BAWA86,Anusha Bawa,Supply Chain,Trainee,WAREHOUSE,ws-12496,DEV-67414,Live,2023-02-26 10:56:13,,
EMP11451,arunima.dube10,Arunima Dube,Ops Team,Trainee,Regional Office,VDR-11451,DEV-86864,Enabled,2025-03-05 14:42:50,,manager340
EMP12354,gagan.raman49,Gagan Raman,Ops,Administrator,branch office,LPT-12354,,Working,2024-12-01 00:00:00,,MANAGER286
EMP10410,onveer.om63,Onveer Om,Supply Chain,Specialist,DATA CENTER,LPT-10410,dev32570,Active,2021-03-22 22:25:57,,manager797
EMP11727,bhavya.sem13,Bhavya Sem,Information Technology,Consultant,branch office,vdr-11727,dev35006,ON_LEAVE,2026-04-23 20:04:58,,unknown
EMP12852,warinder.wali82,Warinder Wali,R&D,Administrator,,LPT-12852,dev27337,Exited,2022-04-19 15:11:56,,  manager876  
EMP12216,urvashi.handa11,Urvashi Handa,Customer Support,Analyst,work from home,VDR-12216,dev58305,LEFT,2020-08-14 07:19:06,2023-09-10 00:00:00,manager421
EMP11398,yauvani_chacko81,Yauvani Chacko,Human Resources,Manager,,LPT-11398,dev 37221,Exited,2024-03-01 00:00:00,2024-07-10 02:35:24,manager731
EMP11361,inaya.sridhar38,Inaya Sridhar,Human Resource,Consultant,Work From Home,ws-11361,DEV-87526,Live,,,unknown
EMP11657,yadavi.balay60,Yadavi Balay,Business Sales,Executive,,WS-11657,DEV51446,ACTIVE,2026-06-29 18:40:46,,manager852
EMP10051,ekbal.malhotra95,Ekbal Malhotra,Finance,Manager,,vdr-10051,dev97012,A,2022-11-07 09:26:00,,manager869
EMP11624,bishakha_ghose98,Bishakha Ghose,Business Sales,Administrator,,,DEV-62984,Live,2020-09-12 00:00:00,,manager603
EMP10063,IRA.TARA4,Ira Tara,People Team,Director,branch office,,DEV-33819,ACTIVE,,,manager565
EMP12789,  tamanna.kala64  ,Tamanna Kala,Legal Dept,Analyst,Data_Center,VDR-12789,DEV80063,Live,2021-02-03 00:00:00,,
EMP12553,  tanish.kurian86  ,Tanish Kurian,IT,Specialist,Remote,WS-12553,DEV-68468,DISABLED,2024-01-14 02:19:39,,MANAGER123
EMP12530,wazir.das67,Wazir Das,Human Resources,Officer,,LPT-12530,dev 81876,Working,2025-07-18 00:00:00,,manager624
EMP11090,pahal.bajwa31,Pahal Bajwa,Legal,Trainee,Remote,VDR-11090,,On Leave,2025-07-21 04:04:10,,  manager894  
EMP11465,brinda.chauhan94,Brinda Chauhan,Customer Care,Specialist,Data Center,LPT-11465,dev20031,A,2020-04-28 22:54:00,,  manager841  
EMP11896,URMI.PALL82,Urmi Pall,Accounts,Engineer,Data Center,WS-11896,,LEFT,2025-08-19 16:55:56,2026-02-25 13:56:11,unknown
EMP10052,anirudh.ramanathan31,Anirudh Ramanathan,Mktg,Engineer,,LPT-10052,dev 29313,A,,,unknown
EMP12807,damyanti.wali52,Damyanti Wali,Business Sales,Executive,Regional Office,LPT-12807,dev 24606,Working,2023-06-06 22:34:43,,manager565
EMP12763,sanaya.kale52,Sanaya Kale,Marketing Dept,Officer,Warehouse,LPT-12763,DEV25578,Working,2026-02-05 04:10:52,,manager610
EMP12551,warinder.jaggi19,Warinder Jaggi,Sales,Administrator,REMOTE,LPT_12551,dev 34073,Enabled,2020-10-15 00:00:00,,manager115
EMP12864,pooja.choudhary68,Pooja Choudhary,Marketing Dept,Trainee,Remote,LPT-12864,DEV93489,Working,,,manager864
EMP10544,harita.sura62,Harita Sura,Hr Dept,Administrator,Head Office,WS-10544,dev 93055,Deactivated,2021-11-15 16:53:49,2023-10-31 01:43:49,
EMP12948,AADI.MOHAN96,Aadi Mohan,Operations Dept,Consultant,Head Office,VDR-12948.corp.local,DEV-37300,D,2022-04-22 00:00:00,2024-06-25 00:00:00,unknown
EMP10450,charles.mohanty2,Charles Mohanty,Accounts,Executive,Remote,WS-10450,,On Leave,,,
EMP12515,onveer.wason58,Onveer Wason,Sales,Manager,,WS-12515.corp.local,DEV60572,Deactivated,2022-01-13 19:36:00,2023-08-14 12:06:35,manager908
EMP10044,gopal.lala36,Gopal Lala,Human Resources,Administrator,,VDR-10044,dev 76768,Active,2024-07-23 23:08:34,,manager128
EMP11001,AARUSH.PRASHAD25,Aarush Prashad,Purchase,Executive,WORK FROM HOME,VDR-11001,dev 81188,LEFT,2020-01-27 12:19:55,2022-06-21 04:14:18,
EMP11831,,Chaaya Vasa,Supply Chain,Engineer,BRANCH OFFICE,LPT-11831,DEV-66868,Working,2022-10-16 12:54:27,,unknown
EMP10829,chaman.goda59,Chaman Goda,Legal,Specialist,Warehouse,WS-10829,DEV-44946,Active,,,manager424
EMP10598,ekalinga.walla33,Ekalinga Walla,It Dept,Consultant,Branch Office,VDR-10598,,Working,2021-10-10 00:00:00,,manager952
EMP10408,akshay.sarraf2,Akshay Sarraf,Purch,Specialist,Warehouse,WS-10408.corp.local,dev 24748,Live,,,manager696
EMP12917,charita.mannan95,Charita Mannan,Sales,Officer,Remote,VDR-12917,dev 46720,A,,,manager621
EMP10256,naveen.bhagat32,Naveen Bhagat,R&D,Consultant,BRANCH OFFICE,WS-10256,,Resigned,,2026-03-08 19:50:49,unknown
EMP12028,neha_devan64,Neha Devan,Supply Chain,Officer,data center,ws-12028,DEV81037,Enabled,2025-04-21 14:03:42,,manager546
EMP12303,lila_srinivasan31,Lila Srinivasan,Finance,Administrator,,LPT-12303,DEV-57924,ACTIVE,,,manager330
EMP11837,qabil.parikh37,Qabil Parikh,Sales Dept,Specialist,WORK FROM HOME,LPT-11837,DEV54054,Live,,,
EMP11702,HEMANG.BAKSHI78,Hemang Bakshi,Customer Care,Engineer,Work_From_Home,VDR-11702,,On Leave,,,manager402
EMP12490,laban.sridhar64,Laban Sridhar,Hr Dept,Trainee,data center,VDR_12490,,Exited,2025-01-14 19:14:46,2026-04-17 04:12:42,unknown
EMP11662,aishani.dugal36,Aishani Dugal,Sales Dept,Manager,regional office,,DEV68314,Working,2020-05-02 08:15:44,,manager490
EMP10144,yashica_rao48,Yashica Rao,Human Resources,Administrator,WAREHOUSE,LPT-10144,,Deactivated,,,manager773
EMP12090,vasatika.saha98,Vasatika Saha,Research And Development,Engineer,branch office,VDR-12090,DEV38061,Active,2024-11-11 18:45:00,,manager489
EMP11292,harsh.sem7,Harsh Sem,Sales Dept,Officer,Branch Office,VDR-11292,DEV74920,Live,2025-09-30 06:24:33,,manager258
EMP12155,  ekansh.soni57  ,Ekansh Soni,Mkt,Director,,,DEV39684,Deactivated,,2026-02-18 14:53:11,manager371
EMP10416,arunima.tata4,Arunima Tata,Fin,Engineer,Work From Home,LPT_10416,DEV-17553,Live,2023-11-19 03:16:47,,manager469
EMP10929,aarini.bora51,Aarini Bora,Mktg,Specialist,DATA CENTER,VDR-10929,DEV65498,On Leave,2025-10-11 16:53:42,,
EMP12022,,Zayyan Dayal,Operations Dept,Analyst,warehouse,VDR-12022,dev 40120,Live,2024-08-11 00:00:00,,manager836
EMP10170,nathaniel_prakash13,Nathaniel Prakash,Cs,Officer,work from home,VDR-10170,dev 79013,A,,,unknown
EMP11125,indali.aggarwal48,Indali Aggarwal,Mktg,Consultant,Data_Center,lpt-11125,dev 80310,Disabled,2020-03-12 16:53:08,,manager549
EMP10567,upadhriti.krishnan99,Upadhriti Krishnan,Legal,Officer,work from home,LPT-10567,DEV23622,ACTIVE,2021-04-27 10:05:44,,MANAGER499
EMP11590,mahika.som71,Mahika Som,Operations,Director,WORK FROM HOME,ws-11590,DEV32551,DISABLED,2020-10-03 02:35:12,2025-12-31 04:54:19,manager924
EMP12673,victor.nagar6,Victor Nagar,Finance,Consultant,REGIONAL OFFICE,ws-12673,,Disabled,,2022-06-06 09:29:39,unknown
EMP10134,sai.bedi96,Sai Bedi,Human Resource,Trainee,DATA CENTER,WS-10134.corp.local,dev77271,Working,,,manager729
EMP11717,jatin.saha63,Jatin Saha,It Dept,Consultant,Regional_Office,LPT-11717,DEV86229,L,,,manager317
EMP10642,umang.dhaliwal49,Umang Dhaliwal,Operations,Director,Warehouse,vdr-10642,dev84964,A,2024-06-19 20:01:00,,  manager821  
EMP11689,vaishnavi.kant81,Vaishnavi Kant,Fin,Director,REMOTE,lpt-11689,DEV-66935,DISABLED,2025-08-18 01:18:07,,manager288
EMP12745,prisha.sarkar30,Prisha Sarkar,Cs,Officer,Regional Office,,,Disabled,2020-06-17 17:09:43,2026-05-13 00:00:00,MANAGER858
EMP10554,shaurya.talwar44,Shaurya Talwar,Operations Dept,Executive,Data_Center,WS-10554,DEV37594,ACTIVE,2026-05-25 23:46:53,,manager974
EMP12174,onveer.bansal17,Onveer Bansal,Sales,Manager,,VDR-12174,DEV-88056,Terminated,2023-01-18 09:37:31,2026-05-22 18:40:00,
EMP11538,jai.chanda34,Jai Chanda,Sales,Specialist,,WS-11538,DEV79778,Enabled,2025-08-29 07:57:34,,manager941
EMP10999,yoshita.raval66,Yoshita Raval,Cs,Manager,,,dev 39850,Working,2020-08-09 00:00:00,,manager659
EMP10291,upasna_krishnamurthy12,Upasna Krishnamurthy,Fin,Director,Data Center,VDR-10291,DEV82710,Live,2020-11-16 00:00:00,,MANAGER462
EMP11338,vansha_virk36,Vansha Virk,Marketing,Manager,Branch Office,VDR-11338,,Working,2023-05-10 23:35:55,,manager380
EMP12247,TANISH.DASGUPTA22,Tanish Dasgupta,It Support,Director,,VDR-12247.corp.local,DEV-58621,Left,,,manager185
EMP10781,,Rohan Wali,Innovation,Consultant,Head Office,WS-10781,DEV17213,Live,2021-08-29 00:00:00,,manager327
EMP10443,tejas.raghavan27,Tejas Raghavan,IT,Administrator,DATA CENTER,vdr-10443,DEV-23235,ACTIVE,2022-04-18 00:00:00,,MANAGER817
EMP12601,dominic.bawa78,Dominic Bawa,Operations,Executive,,WS-12601,DEV85344,DISABLED,2020-02-23 00:00:00,,manager383
EMP12149,  teerth.chowdhury93  ,Teerth Chowdhury,Legal,Analyst,,lpt-12149,DEV42587,Working,2022-03-01 17:49:47,,  manager623  
EMP10449,jagvi.sengupta38,Jagvi Sengupta,Ops,Consultant,Data Center,VDR-10449.corp.local,,Active,,,
EMP11029,,Gaurangi Kibe,Human Resource,Executive,REGIONAL OFFICE,lpt-11029,,A,2020-11-30 13:29:17,,
EMP11992,raksha.saini25,Raksha Saini,Mkt,Director,Warehouse,LPT-11992,DEV-41536,Live,2026-07-30 01:51:31,,manager621
EMP12403,ANDREW.VASA6,Andrew Vasa,Sales,Consultant,Regional_Office,,dev 64516,D,2026-04-26 00:00:00,2026-10-05 23:48:30,MANAGER150
EMP12750,darika.parekh27,Darika Parekh,IT,Officer,,VDR-12750,dev 14121,Enabled,,,manager511
EMP10000,  vrinda.dua82  ,Vrinda Dua,Hr Dept,Analyst,REGIONAL OFFICE,WS-10000,DEV-42098,ACTIVE,2026-04-07 00:00:00,,manager858
EMP11048,quincy.lata26,Quincy Lata,Finance,Engineer,Head Office,LPT-11048,,Working,,,  manager525  
EMP10270,upkaar.doshi48,Upkaar Doshi,Ops Team,Director,Head_Office,VDR-10270,DEV39002,Working,2020-02-20 09:26:36,,manager698
EMP10736,jackson.cherian13,Jackson Cherian,R&D,Specialist,branch office,VDR-10736,dev18383,D,2020-11-26 08:37:44,,
EMP10298,ARADHANA.YOGI41,Aradhana Yogi,Mkt,Trainee,warehouse,LPT-10298,,ACTIVE,2023-05-05 19:22:01,,  manager677  
EMP10032,  lila.nadkarni27  ,Lila Nadkarni,Operations Dept,Engineer,Remote,WS-10032,dev 27154,Working,2022-07-21 01:24:12,,manager869
EMP12498,lekha.kapoor10,Lekha Kapoor,Innovation,Specialist,Data_Center,vdr-12498,dev80623,A,2025-08-20 13:08:32,,
EMP10014,ridhi.saini2,Ridhi Saini,People Team,Officer,work from home,WS_10014,DEV94012,Active,2022-06-30 00:00:00,,  manager564  
EMP10093,pahal.roy74,Pahal Roy,Procurement Team,Analyst,Work From Home,VDR-10093.corp.local,dev 45325,A,2026-06-28 21:31:52,,
EMP10411,shivani.pillay89,Shivani Pillay,Legal Dept,Analyst,DATA CENTER,WS-10411,DEV41139,Active,2024-01-16 10:50:11,,
EMP11159,adya.shetty2,Adya Shetty,People Team,Officer,Regional_Office,WS-11159,,Active,,,unknown
EMP12362,kamala.nazareth82,Kamala Nazareth,Procurement Team,Consultant,Branch Office,VDR-12362,dev 59827,Working,2021-10-01 16:10:14,,manager479
EMP12819,chakradhar.nagi26,Chakradhar Nagi,Rd,Consultant,WAREHOUSE,WS-12819,DEV88309,Active,2020-12-14 07:49:07,,manager944
EMP10149,girik.bhatia28,Girik Bhatia,Cs,Manager,Remote,WS-10149,DEV24534,Live,,,manager639
EMP11600,gagan.mitter67,Gagan Mitter,Purch,Director,Regional_Office,VDR_11600,dev 60738,ACTIVE,2026-01-04 18:47:00,,
EMP11044,mugdha.khare82,Mugdha Khare,Sales,Administrator,WORK FROM HOME,WS-11044,DEV20487,ON_LEAVE,2023-01-22 04:22:20,,manager271
EMP12153,  abdul.deep62  ,Abdul Deep,Human Resource,Officer,branch office,VDR-12153,,A,2024-11-15 23:28:00,,
EMP10495,  tanmayi.thaman1  ,Tanmayi Thaman,Procurement Team,Manager,work from home,VDR-10495,dev86756,A,2020-08-13 12:39:41,,manager614
EMP10332,,Ijaya Palla,Procurement Team,Trainee,Work_From_Home,WS-10332,dev 99463,ACTIVE,2020-05-22 17:45:11,,MANAGER902
EMP12788,utkarsh.vora38,Utkarsh Vora,Marketing Dept,Administrator,Work_From_Home,WS-12788,dev 47566,A,2020-01-01 00:00:00,,
EMP12066,  david.sampath85  ,David Sampath,Customer Care,Engineer,regional office,LPT-12066,dev61445,Working,2021-07-18 08:59:32,,MANAGER223
EMP11874,dayita.rout5,Dayita Rout,Research And Development,Engineer,,VDR-11874.corp.local,dev 56585,Working,,,
EMP10756,mugdha.shah75,Mugdha Shah,Sales,Specialist,,VDR-10756,dev 10665,Working,2020-05-17 09:35:43,,manager581
EMP10798,udarsh.korpal53,Udarsh Korpal,Operations,Executive,,LPT-10798,dev 30257,A,2021-08-08 09:22:24,,
EMP12274,praneel.sastry13,Praneel Sastry,Supply Chain,Executive,Head Office,WS-12274,DEV-78738,Blocked,2024-06-10 14:04:00,2026-07-09 23:05:36,manager802
EMP10203,samaksh.subramanian60,Samaksh Subramanian,Call Center,Consultant,Branch Office,VDR-10203,,A,2026-07-13 09:56:00,,
EMP10463,ISHA.PADMANABHAN86,Isha Padmanabhan,Innovation,Consultant,,LPT-10463,DEV39218,Deactivated,,2025-06-17 03:55:28,manager833
EMP12851,kamala.raman22,Kamala Raman,Supply Chain,Officer,Work_From_Home,WS-12851.corp.local,dev27730,Enabled,,,MANAGER138
EMP12749,darika.mandal6,Darika Mandal,Human Resources,Trainee,,VDR-12749,dev 30457,A,2022-07-15 22:07:37,,manager149
EMP11583,hemang.bansal35,Hemang Bansal,Hr,Trainee,Warehouse,VDR-11583,DEV84136,Live,2024-05-31 08:58:00,,
EMP10555,vrishti.lala52,Vrishti Lala,Mkt,Trainee,Branch Office,VDR-10555,DEV-27188,Leave,2025-11-01 00:00:00,,manager202
EMP10174,ridhi.iyer25,Ridhi Iyer,Ops,Specialist,data center,WS-10174,,A,2024-04-11 00:00:00,,  manager265  
EMP10289,jonathan.narayanan92,Jonathan Narayanan,Human Resource,Manager,remote,LPT-10289.corp.local,DEV-59807,Enabled,,,manager498
EMP10120,lakshit.mand42,Lakshit Mand,Compliance,Executive,Branch_Office,LPT-10120,DEV-80701,Left,2023-02-10 16:18:00,2024-09-04 00:52:14,
EMP12839,  lipika.parsa25  ,Lipika Parsa,Finance,Specialist,Regional Office,WS-12839,dev 37879,D,,2024-07-29 22:10:00,manager140
EMP10847,vidhi.krishna41,Vidhi Krishna,Call Center,Director,Data Center,VDR-10847,,On Leave,,,manager832
EMP12699,edhitha.balasubramanian33,Edhitha Balasubramanian,Finance,Analyst,head office,LPT-12699,dev 31302,Live,2022-04-29 19:38:57,,manager683
EMP10432,  omya.gole7  ,Omya Gole,Finance,Executive,BRANCH OFFICE,ws-10432,dev63633,LWP,2023-11-22 14:59:56,,  manager983  
EMP12969,ekanta.deshmukh53,Ekanta Deshmukh,Mktg,Consultant,Branch_Office,LPT-12969.corp.local,DEV-49882,Enabled,2023-05-26 21:51:57,,manager923
EMP11317,ganga.goswami90,Ganga Goswami,Human Resource,Specialist,Data Center,WS-11317,dev95620,Live,2022-11-16 06:28:48,,manager305
EMP11200,xiti.sem41,Xiti Sem,Operations Dept,Specialist,DATA CENTER,LPT-11200,dev 72419,Working,2023-11-13 07:50:27,,manager259
EMP10393,aarini.deep10,Aarini Deep,It Support,Administrator,head office,WS-10393,dev 44226,ON_LEAVE,2020-08-18 00:00:00,,manager484
EMP12031,,Rohan Biswas,Operations Dept,Analyst,regional office,WS-12031,DEV13918,Live,2023-01-24 14:11:06,,
EMP11800,farhan.sastry34,Farhan Sastry,R&D,Executive,BRANCH OFFICE,LPT-11800,DEV-86741,A,2025-04-02 08:31:23,,manager300
EMP11721,FREDERICK.VASA15,Frederick Vasa,IT,Director,WORK FROM HOME,LPT-11721,DEV-36946,A,2024-11-06 13:42:48,,manager405
EMP10192,ridhi.bala57,Ridhi Bala,Operations,Trainee,HEAD OFFICE,,,ACTIVE,2023-09-13 07:30:52,,manager910
EMP10266,abhimanyu.gade25,Abhimanyu Gade,Procurement Team,Officer,branch office,WS-10266,dev37379,Left,2022-10-31 11:37:06,2022-11-24 07:18:01,manager294
EMP12692,dalaja.sura56,Dalaja Sura,Ops Team,Manager,Remote,VDR-12692,dev17492,ACTIVE,,,MANAGER781
EMP10805,udarsh.kannan13,Udarsh Kannan,People Team,Specialist,BRANCH OFFICE,VDR-10805,dev 36217,ACTIVE,2022-12-28 00:00:00,,MANAGER249
EMP10331,janaki.hegde46,Janaki Hegde,Hr Dept,Officer,Data_Center,LPT-10331,dev66314,Blocked,2024-03-17 00:37:00,2025-05-31 13:44:10,manager691
EMP10528,,Luke Nagi,Human Resource,Administrator,warehouse,VDR-10528.corp.local,dev63562,Active,2020-01-17 23:49:00,,manager908
EMP11225,tanay.viswanathan59,Tanay Viswanathan,Operations,Executive,,VDR-11225,dev 39065,Live,,,
EMP10801,ansh.brahmbhatt77,Ansh Brahmbhatt,Cs,Consultant,BRANCH OFFICE,VDR-10801.corp.local,DEV-49935,Working,2021-01-03 11:13:30,,manager977
EMP11089,,Pahal Lata,Customer Support,Consultant,WAREHOUSE,WS-11089,DEV-29473,A,2023-06-09 03:58:33,,manager221
EMP10764,rachana.madan60,Rachana Madan,Purch,Analyst,Remote,WS-10764,,ACTIVE,2025-12-29 23:11:23,,
EMP10218,jagat_dasgupta98,Jagat Dasgupta,Customer Support,Administrator,,VDR-10218,dev99181,ACTIVE,2021-02-03 17:50:14,,
EMP10479,ayushman.nagy50,Ayushman Nagy,Legal,Consultant,,lpt-10479,DEV-11699,Working,2021-09-22 23:16:50,,manager899
EMP10790,janani.barad1,Janani Barad,Accounts,Administrator,remote,VDR-10790.corp.local,dev93435,A,2025-07-24 07:49:43,,  manager394  
EMP10478,AACHAL.MANI50,Aachal Mani,Business Sales,Officer,WORK FROM HOME,VDR_10478,DEV47701,Enabled,,,
EMP12645,hemani.bhagat18,Hemani Bhagat,Ops,Specialist,,lpt-12645,DEV79338,Working,2024-04-14 17:12:46,,unknown
EMP10727,kabir.sampath9,Kabir Sampath,Customer Care,Engineer,,WS-10727.corp.local,,Working,2024-07-21 00:00:00,,
EMP10581,nidra.agate60,Nidra Agate,Information Technology,Consultant,Head Office,LPT-10581,dev 17345,A,2023-04-05 05:05:18,,manager581
EMP11157,jyoti.brar52,Jyoti Brar,People Team,Officer,BRANCH OFFICE,VDR-11157,dev 11545,Active,2023-03-20 00:24:43,,manager212
EMP12547,hemani.oza5,Hemani Oza,R&D,Executive,Branch Office,LPT-12547,,Active,2023-03-28 17:09:59,,manager861
EMP11688,pranav.master58,Pranav Master,Accounts,Executive,Regional_Office,WS-11688,DEV-64997,Exited,2021-03-09 04:48:18,2024-06-06 00:00:00,
EMP12633,aishani.sem75,Aishani Sem,Legal,Manager,remote,WS-12633,DEV-42346,Enabled,2022-09-24 03:53:00,,
EMP10045,kiaan.sen15,Kiaan Sen,Marketing,Executive,Warehouse,WS-10045,,Working,2023-09-12 03:25:20,,  manager905  
EMP12849,eiravati.agrawal54,Eiravati Agrawal,Cs,Analyst,Data_Center,WS-12849,dev49156,Live,2020-03-28 20:29:48,,
EMP10240,jalsa.bhatti59,Jalsa Bhatti,Mktg,Executive,,vdr-10240,dev54185,DISABLED,,,manager976
EMP10251,aarini.memon10,Aarini Memon,It Support,Director,REMOTE,VDR-10251,dev 18357,A,2020-07-06 04:59:07,,unknown
EMP10990,dalbir.reddy82,Dalbir Reddy,Sales,Analyst,work from home,VDR-10990,dev 86981,Live,,,manager252
EMP10457,darsh.sura85,Darsh Sura,Sales Dept,Trainee,REMOTE,VDR-10457,dev98643,Working,2021-04-06 20:28:44,,
EMP11272,umang.loke95,Umang Loke,Ops Team,Officer,Remote,VDR-11272,,A,2023-11-26 06:56:00,,manager461
EMP10676,yauvani_mannan99,Yauvani Mannan,R&D,Manager,Remote,LPT-10676,dev30643,Enabled,2020-02-17 09:37:22,,
EMP11814,dipta_agate15,Dipta Agate,Procurement,Director,data center,WS-11814,dev49258,Enabled,2022-09-04 00:00:00,,manager868
EMP11533,abdul_mitra65,Abdul Mitra,Ops Team,Officer,data center,WS-11533,dev 85342,ACTIVE,,,manager678
EMP12356,vasatika.dhar45,Vasatika Dhar,R&D,Director,,WS-12356,DEV83798,ACTIVE,2022-06-01 15:27:54,,  manager828  
EMP11084,yadavi.pandit87,Yadavi Pandit,Innovation,Consultant,work from home,WS-11084,dev 61257,Working,,,manager813
EMP11511,sudiksha.raman15,Sudiksha Raman,R&D,Manager,data center,LPT-11511,DEV23090,A,2021-10-29 23:06:37,,manager407
EMP12404,  ekiya.chakraborty63  ,Ekiya Chakraborty,Marketing Dept,Analyst,Work From Home,VDR-12404,,Active,,,manager734
EMP10257,frederick.kaur54,Frederick Kaur,Procurement Team,Analyst,,LPT_10257,DEV-18819,Active,2020-04-14 07:37:42,,manager788
EMP12272,ekta.lal33,Ekta Lal,R&D,Trainee,Head_Office,VDR-12272,dev 88097,A,2023-10-14 00:00:00,,manager920
EMP10368,turvi.sarkar90,Turvi Sarkar,Supply Chain,Analyst,branch office,WS-10368,dev29441,ACTIVE,2022-10-02 04:32:03,,
EMP12050,aditya.nayar99,Aditya Nayar,Purchase,Officer,data center,WS-12050.corp.local,dev80636,Active,2022-07-16 20:58:15,,unknown
EMP12973,manya_chakrabarti30,Manya Chakrabarti,Operations,Director,WORK FROM HOME,LPT-12973,dev53857,Active,2023-04-06 22:53:35,,
EMP12844,OMAJA.MANGAT18,Omaja Mangat,Business Sales,Administrator,DATA CENTER,VDR-12844,dev19253,Working,,,manager722
EMP10354,nidra.mall33,Nidra Mall,Hr,Specialist,Regional_Office,VDR-10354,,Working,2024-04-29 00:00:00,,manager979
EMP11299,ojasvi_vohra60,Ojasvi Vohra,Compliance,Director,branch office,LPT-11299,dev 47148,A,2024-10-18 00:00:00,,manager694
EMP11864,isaac.bir96,Isaac Bir,Mktg,Executive,REGIONAL OFFICE,WS-11864.corp.local,DEV-98055,Active,2021-05-17 21:15:57,,
EMP12219,dalaja.lata76,Dalaja Lata,Compliance,Executive,DATA CENTER,WS-12219,DEV33203,Live,2025-02-16 00:00:00,,
EMP11196,ODIKA.RAJAGOPAL41,Odika Rajagopal,Ops,Manager,Regional Office,WS-11196,,Active,,,manager759
EMP11830,  atharv.peri95  ,Atharv Peri,Ops Team,Consultant,warehouse,LPT-11830,dev97523,ACTIVE,2026-02-04 06:53:30,,manager798
EMP12202,upma.kohli12,Upma Kohli,Marketing,Analyst,Regional_Office,LPT-12202,DEV-82487,Live,2022-09-19 00:00:00,,manager756
EMP11302,,Ubika Bhakta,Finance,Consultant,regional office,VDR-11302,,Working,2026-01-30 00:00:00,,unknown
EMP10682,dhruv.sami40,Dhruv Sami,Rd,Trainee,branch office,LPT-10682,dev28837,L,,,manager816
EMP11381,jairaj_acharya41,Jairaj Acharya,Hr Dept,Consultant,Regional Office,WS-11381,dev 26784,Enabled,2024-02-11 22:10:00,,unknown
EMP10507,dipta.narayan36,Dipta Narayan,Finance,Officer,BRANCH OFFICE,WS-10507,DEV-92132,Active,2020-08-22 06:13:41,,
EMP10211,krishna_seth41,Krishna Seth,Operations,Director,,WS-10211,DEV77499,Enabled,2022-09-18 00:00:00,,MANAGER225
EMP11454,meera.kaur84,Meera Kaur,Finance,Director,,WS-11454,,ACTIVE,2024-02-02 08:00:54,,manager531
EMP10819,oni.wable49,Oni Wable,Procurement,Consultant,Branch Office,WS-10819,DEV-91522,Working,,,manager869
EMP11650,charita.rattan19,Charita Rattan,Information Technology,Trainee,Data_Center,VDR-11650,dev80975,DISABLED,2023-06-03 16:30:48,2026-01-31 22:07:00,MANAGER515
EMP12909,varsha_swamy83,Varsha Swamy,Call Center,Officer,regional office,WS-12909,dev 95939,Blocked,2020-01-11 09:08:30,,
EMP10582,charan.deshmukh24,Charan Deshmukh,Sales,Administrator,WORK FROM HOME,WS-10582,dev11653,ACTIVE,2026-07-14 13:05:32,,manager494
EMP10175,benjamin.rau26,Benjamin Rau,Purch,Executive,Work From Home,ws-10175,dev16839,Working,,,manager205
EMP11712,vasatika.kunda70,Vasatika Kunda,IT,Officer,Data_Center,VDR-11712,DEV61903,Live,2024-08-29 21:06:46,,
EMP10430,dhruv.bose40,Dhruv Bose,Compliance,Consultant,REMOTE,WS-10430,dev 86751,Live,,,  manager987  
EMP11507,owen.badal65,Owen Badal,Hr,Administrator,,VDR-11507,,Exited,,2024-12-03 15:40:19,manager362
EMP10744,  dayamai.din39  ,Dayamai Din,Ops,Director,head office,VDR-10744.corp.local,dev40885,Live,2024-07-05 00:00:00,,
EMP11362,meghana.jaggi6,Meghana Jaggi,Hr Dept,Consultant,data center,WS-11362,DEV-92684,Working,2023-09-15 15:24:43,,manager588
EMP11097,nirja.jani16,Nirja Jani,IT,Executive,Warehouse,lpt-11097,dev 95542,Active,2024-10-13 14:45:26,,manager871
EMP10506,ekanta.ravel60,Ekanta Ravel,Innovation,Consultant,,WS-10506,dev 73828,A,2021-06-30 02:22:00,,MANAGER183
EMP10945,sachi.shetty87,Sachi Shetty,Finance,Analyst,WAREHOUSE,WS-10945,dev33784,A,2020-06-30 00:00:00,,manager201
EMP11135,nandini.pai30,Nandini Pai,Sales Dept,Consultant,DATA CENTER,WS-11135,DEV18041,ACTIVE,2025-06-23 10:39:45,,manager212
EMP11023,aashi.raju60,Aashi Raju,Rd,Trainee,Head Office,LPT-11023,dev81883,Live,2026-01-26 00:29:44,,
EMP10196,omaja.soman68,Omaja Soman,Ops Team,Director,REMOTE,VDR-10196.corp.local,DEV-46528,A,2020-12-18 11:20:00,,manager290
EMP12512,,Nihal Lanka,Cs,Trainee,BRANCH OFFICE,WS-12512,DEV-62698,ACTIVE,2023-09-28 00:00:00,,manager806
EMP10088,hema.yadav5,Hema Yadav,Business Sales,Administrator,Regional_Office,WS-10088,dev69510,A,,,unknown
EMP11047,riya.trivedi40,Riya Trivedi,Research And Development,Administrator,,VDR-11047.corp.local,,Enabled,,,manager580
EMP12878,zayyan.contractor3,Zayyan Contractor,Customer Support,Engineer,work from home,WS-12878,DEV-71597,Terminated,2026-03-18 14:53:00,,unknown
EMP12025,oliver.devan65,Oliver Devan,R&D,Analyst,regional office,VDR-12025,DEV-67855,A,2021-07-10 06:21:00,,  manager657  
EMP12943,jatin.garde4,Jatin Garde,Supply Chain,Executive,branch office,LPT-12943,,Enabled,2022-02-08 15:16:19,,
EMP10678,AVI.KALLA37,Avi Kalla,Purchase,Engineer,BRANCH OFFICE,LPT-10678,DEV50812,Enabled,2022-11-18 10:12:09,,manager151
EMP11034,anamika.gala90,Anamika Gala,Legal,Executive,,lpt-11034,DEV93277,Enabled,2025-11-06 09:02:37,,manager971
EMP10564,rayaan.aggarwal35,Rayaan Aggarwal,Purch,Director,Remote,WS-10564.corp.local,,Active,2024-06-06 11:46:49,,
EMP10343,AYAAN.KALA66,Ayaan Kala,Sales Dept,Director,Remote,,DEV-17152,Blocked,2022-01-13 00:00:00,2022-12-29 21:20:26,manager753
EMP12346,upasna.vig49,Upasna Vig,Purch,Engineer,Warehouse,WS-12346,,Working,,,
EMP10025,NAVEEN.JOHAL55,Naveen Johal,Finance,Administrator,DATA CENTER,LPT-10025,DEV19880,ACTIVE,2024-09-05 19:13:00,,manager767
EMP10940,,Mekhala Talwar,Supply Chain,Analyst,warehouse,VDR-10940,dev 34824,ACTIVE,,,
EMP11859,aachal.sarraf5,Aachal Sarraf,Sales Dept,Specialist,,,dev44782,A,,,manager941
EMP12892,nirja.bhakta26,Nirja Bhakta,It Support,Officer,Warehouse,VDR-12892,dev 26926,Blocked,2022-09-21 00:00:00,2024-12-06 23:55:26,
EMP12795,zehaan.naik32,Zehaan Naik,Procurement Team,Manager,data center,lpt-12795,dev94752,Active,2024-01-08 00:00:00,,manager391
EMP11488,gaurangi.viswanathan21,Gaurangi Viswanathan,R&D,Consultant,REGIONAL OFFICE,LPT_11488,DEV32965,Live,2026-01-23 13:39:45,,
EMP11525,yamini.cherian93,Yamini Cherian,Procurement,Trainee,Head_Office,VDR-11525,DEV-61126,ACTIVE,2026-01-03 00:00:00,,manager386
EMP12422,madhav.grover92,Madhav Grover,Operations,Officer,Branch_Office,WS-12422,DEV-81229,Working,2024-03-31 21:40:58,,unknown
EMP12574,vanya.rana13,Vanya Rana,Sales Dept,Trainee,head office,lpt-12574,DEV-78601,LEFT,2022-09-16 00:00:00,2025-04-11 12:46:00,manager478
EMP10650,darika.sha73,Darika Sha,Finance,Executive,Work_From_Home,LPT-10650,dev33444,A,2020-06-08 09:59:00,,manager416
EMP10867,nathan.madan77,Nathan Madan,Information Technology,Analyst,Remote,VDR-10867,dev 91219,Live,2023-05-11 06:43:38,,manager235
EMP11350,utkarsh.nadig92,Utkarsh Nadig,Operations Dept,Engineer,Data Center,VDR-11350,dev14272,Enabled,,,manager764
EMP10067,wyatt.bora78,Wyatt Bora,People Team,Executive,remote,LPT-10067,DEV85849,ACTIVE,2022-08-27 05:13:05,,  manager484  
EMP12249,hemal.naik73,Hemal Naik,Operations,Analyst,Head_Office,lpt-12249,DEV-64746,Working,2025-12-13 16:38:39,,
EMP10621,bhanumati_ratta30,Bhanumati Ratta,Sales,Consultant,,VDR-10621,dev 21247,A,2020-06-18 10:38:57,,manager735
EMP10651,  pranit.srinivas94  ,Pranit Srinivas,Rd,Administrator,,LPT-10651.corp.local,,L,,2023-11-17 15:02:30,manager609
EMP12195,BALENDRA.JHA12,Balendra Jha,Procurement,Officer,Regional_Office,WS_12195,DEV43113,Working,,,
EMP10602,sai_goda99,Sai Goda,Purchase,Consultant,REGIONAL OFFICE,ws-10602,DEV-97194,ACTIVE,2020-11-19 00:00:00,,manager284
EMP12911,charan.dhawan17,Charan Dhawan,Sales,Trainee,Work_From_Home,LPT-12911,dev87264,Enabled,2023-04-19 00:00:00,,manager336
EMP10423,bahadurjit.dyal80,Bahadurjit Dyal,Legal,Specialist,HEAD OFFICE,LPT-10423,DEV-77045,On Leave,2023-08-03 16:35:37,,  manager708  
EMP12171,  bishakha.bajaj79  ,Bishakha Bajaj,Hr Dept,Director,Head Office,lpt-12171,,Active,,,
EMP12805,anamika.hayer81,Anamika Hayer,Mkt,Engineer,Head_Office,LPT-12805.corp.local,DEV-36174,A,,,unknown
EMP11910,  jonathan.lalla10  ,Jonathan Lalla,Human Resources,Officer,Data_Center,VDR-11910.corp.local,dev 27789,A,2021-10-28 12:47:43,,manager199
EMP12861,  lakshmi.gill13  ,Lakshmi Gill,Accounts,Manager,branch office,vdr-12861,dev81834,Active,2024-07-16 01:07:45,,
EMP11113,RACHANA.JANI60,Rachana Jani,Support,Administrator,Remote,WS-11113,dev 78235,Exited,2021-11-12 17:53:16,2022-07-09 20:46:26,
EMP11477,odika.mann97,Odika Mann,Ops Team,Trainee,,WS-11477.corp.local,DEV-13875,Live,2024-12-22 08:03:20,,MANAGER460
EMP11553,zaid_chad19,Zaid Chad,Legal,Analyst,WAREHOUSE,WS-11553.corp.local,dev 88447,ACTIVE,,,manager115
EMP10124,sathvik.kadakia72,Sathvik Kadakia,Ops Team,Specialist,BRANCH OFFICE,vdr-10124,dev 18285,A,2023-12-13 00:00:00,,
EMP12541,saumya.contractor14,Saumya Contractor,Support,Specialist,Head_Office,LPT-12541,dev 35220,Working,2024-06-21 17:30:24,,manager804
EMP12903,farhan.pathak41,Farhan Pathak,Business Sales,Specialist,warehouse,,dev81387,Working,2025-10-30 00:00:00,,  manager563  
EMP11866,leena.sankaran10,Leena Sankaran,Finance,Manager,Work_From_Home,lpt-11866,DEV41398,A,2026-07-21 08:40:00,,
EMP11872,janani.narula52,Janani Narula,Sales,Executive,Branch_Office,VDR-11872.corp.local,,Working,2024-12-26 17:45:30,,manager168
EMP10532,jack.mallick72,Jack Mallick,R&D,Executive,REMOTE,VDR_10532,dev 82733,Working,,,manager892
EMP12009,gautam.bala88,Gautam Bala,Marketing Dept,Manager,Data_Center,WS_12009,DEV-80016,Active,2021-03-16 11:22:45,,
EMP11057,turvi.devan14,Turvi Devan,Purch,Consultant,Work_From_Home,LPT-11057,dev 45261,Enabled,2026-05-13 20:33:55,,manager415
EMP12907,ekani.kalita20,Ekani Kalita,It Dept,Trainee,DATA CENTER,LPT-12907,DEV-29783,ACTIVE,2023-05-25 02:38:26,,MANAGER284
EMP11690,madhav.handa28,Madhav Handa,People Team,Analyst,data center,WS-11690,DEV29647,Active,,,manager501
EMP11487,manya.sridhar12,Manya Sridhar,Ops,Analyst,Regional Office,VDR-11487,dev 95736,Working,2024-05-07 15:56:04,,
EMP10557,watika.sami2,Watika Sami,Finance,Director,Data Center,LPT-10557,DEV-92660,Enabled,,,manager598
EMP12561,OVIYA.PRADHAN73,Oviya Pradhan,Human Resource,Specialist,Head_Office,WS-12561,DEV48217,Active,2024-10-28 09:30:27,,  manager547  
EMP11173,,Adya Mutti,Legal,Engineer,,LPT-11173,DEV-17322,Enabled,2020-12-30 05:44:06,,
EMP10176,lajita.choudhury92,Lajita Choudhury,Cs,Manager,,LPT-10176,dev31012,Active,2024-05-13 22:21:16,,manager547
EMP10322,bakhshi.dora47,Bakhshi Dora,Support,Analyst,Work From Home,VDR-10322,dev 67850,Live,2023-08-13 21:49:53,,manager949
EMP11188,pranav.dara5,Pranav Dara,Mkt,Executive,Branch_Office,VDR-11188,DEV70700,Enabled,,,manager835
EMP11461,,Laksh Luthra,Operations,Administrator,Data_Center,WS-11461,DEV98473,A,,,manager283
EMP12478,tanay.khosla86,Tanay Khosla,Mkt,Executive,REGIONAL OFFICE,WS-12478,dev28342,Working,,,manager218
EMP11545,  hritik.shan95  ,Hritik Shan,Purch,Consultant,REGIONAL OFFICE,WS-11545,DEV-64411,Live,2020-09-10 01:51:57,,
EMP10695,charita_dhingra41,Charita Dhingra,Legal,Director,data center,ws-10695,dev81449,A,2021-06-22 00:00:00,,manager292
EMP11628,gautami.chaudhry69,Gautami Chaudhry,Information Technology,Director,Regional Office,VDR-11628,DEV-78679,Blocked,,2024-07-08 02:07:44,
EMP10080,ubika.anne68,Ubika Anne,Supply Chain,Administrator,Head_Office,LPT-10080,dev48829,Live,2021-07-11 12:07:00,,manager825
EMP12525,oeshi.gara54,Oeshi Gara,R&D,Director,Remote,VDR-12525,dev 96412,Terminated,2025-05-01 00:00:00,,
EMP11149,ekaraj.kaur18,Ekaraj Kaur,Marketing Dept,Analyst,REGIONAL OFFICE,LPT-11149,dev37521,Live,2020-05-01 08:23:19,,manager747
EMP11151,aadhya.saini38,Aadhya Saini,Ops Team,Analyst,regional office,LPT-11151,DEV-56593,ACTIVE,2022-05-18 23:11:00,,manager116
EMP10862,gauri.nagi49,Gauri Nagi,Fin,Director,work from home,,dev 88654,Working,2022-05-29 00:00:00,,manager293
EMP11260,alexander.gaba61,Alexander Gaba,Customer Care,Trainee,REMOTE,,DEV25509,Exited,2020-09-18 04:28:21,,MANAGER614
EMP10439,WILLIAM.SANKARAN18,William Sankaran,Ops,Trainee,,,DEV-31611,Resigned,2023-06-07 07:03:41,,manager234
EMP10471,ekaraj_sharaf36,Ekaraj Sharaf,Legal Dept,Consultant,Remote,WS-10471,dev 27481,A,2025-02-14 23:28:45,,manager866
EMP12230,chakradev.loyal14,Chakradev Loyal,Hr,Consultant,,WS-12230,DEV20599,Working,2020-05-15 00:00:00,,  manager332  
EMP12011,  wishi.ganesh63  ,Wishi Ganesh,Procurement Team,Officer,WORK FROM HOME,LPT-12011,dev23413,Active,2022-03-22 04:54:18,,manager529
EMP11706,JYOTI.SARAF98,Jyoti Saraf,Operations,Manager,Remote,WS_11706,,Live,2025-02-27 11:05:04,,  manager266  
EMP10812,advika.mani57,Advika Mani,Sales,Officer,Data_Center,WS-10812,,Active,,,
EMP11234,gaurika.chopra35,Gaurika Chopra,Brand Team,Trainee,BRANCH OFFICE,LPT-11234,dev 55685,Live,,,manager863
EMP12246,unni.hayer3,Unni Hayer,Finance,Consultant,WORK FROM HOME,WS-12246,DEV68351,A,2020-06-16 17:17:41,,manager281
EMP10568,mekhala.nadig40,Mekhala Nadig,Business Sales,Engineer,regional office,WS-10568,dev 68085,Enabled,2021-11-02 20:43:50,,manager274
EMP12425,jeet.rajagopalan64,Jeet Rajagopalan,R&D,Officer,data center,lpt-12425,dev 51114,ACTIVE,,,unknown
EMP11653,BALHAAR.BHAKTA94,Balhaar Bhakta,Procurement Team,Consultant,,vdr-11653,dev 63504,A,,,manager244
EMP10141,,Nidhi Murty,Operations,Executive,,LPT-10141,,OOO,2024-10-11 02:08:00,,manager225
EMP10511,samaksh.dutt66,Samaksh Dutt,Finance,Trainee,BRANCH OFFICE,lpt-10511,,Left,2025-08-10 17:25:10,,manager849
EMP11612,  aarush.vasa18  ,Aarush Vasa,Operations,Executive,,WS-11612,DEV56551,ACTIVE,2023-08-30 00:00:00,,
EMP12605,tripti.chander54,Tripti Chander,Call Center,Analyst,data center,,dev 44035,LEFT,,,
EMP11809,GIRISH.ATWAL74,Girish Atwal,Brand Team,Trainee,,WS-11809,,A,2026-01-25 00:00:00,,manager755
EMP12866,ABHIRAM.BAHRI83,Abhiram Bahri,Customer Support,Trainee,,WS-12866,,ACTIVE,2022-06-20 09:08:47,,manager634
EMP11684,timothy.gopal8,Timothy Gopal,Supply Chain,Director,head office,VDR-11684,DEV-68449,Live,2026-05-01 08:41:00,,manager426
EMP10610,ojasvi.gour94,Ojasvi Gour,Hr,Consultant,work from home,WS-10610,,A,,,manager939
EMP12810,garima.kant8,Garima Kant,Cs,Executive,Regional_Office,LPT-12810,DEV-20476,Live,2020-07-16 08:39:00,,MANAGER863
EMP11966,varsha.bhakta93,Varsha Bhakta,Finance,Engineer,,VDR-11966,DEV76303,Active,2022-01-16 02:18:51,,MANAGER443
EMP10831,nilima.bahri98,Nilima Bahri,Operations Dept,Executive,WAREHOUSE,WS-10831,DEV-57622,LWP,,,  manager967  
EMP10177,jason.rege12,Jason Rege,Sales,Trainee,Remote,LPT-10177,DEV64381,Working,2024-08-04 16:21:48,,manager495
EMP10857,manbir_subramaniam95,Manbir Subramaniam,Finance,Administrator,,VDR-10857,DEV-87728,DISABLED,2022-05-25 00:00:00,,  manager502  
EMP10693,wriddhish.babu12,Wriddhish Babu,Supply Chain,Analyst,warehouse,VDR-10693,dev 62978,Deactivated,2022-07-02 00:00:00,2026-05-02 18:32:06,manager154
EMP11736,vanya.desai85,Vanya Desai,Ops Team,Officer,,LPT_11736,dev 52036,Enabled,2022-12-13 10:22:07,,manager694
EMP11072,yashoda.kannan15,Yashoda Kannan,Research And Development,Officer,Branch Office,lpt-11072,dev37740,Enabled,2025-08-11 18:09:36,,manager208
EMP11278,niharika.lad59,Niharika Lad,Purch,Consultant,,LPT-11278,DEV11092,A,2025-10-30 20:34:33,,manager797
EMP11503,turvi.pillay41,Turvi Pillay,Support,Consultant,,WS-11503,dev 94984,A,2024-06-19 20:29:59,,MANAGER595
EMP10183,arjun.dara86,Arjun Dara,Hr Dept,Officer,remote,LPT-10183,dev78951,Active,2024-04-26 03:05:01,,manager499
EMP11468,neelima_varty56,Neelima Varty,People Team,Engineer,Warehouse,ws-11468,dev 49741,Live,,,
EMP12227,sanaya.korpal34,Sanaya Korpal,R&D,Engineer,HEAD OFFICE,LPT-12227,DEV65008,A,2024-08-11 16:42:44,,unknown
EMP12727,unni.borra40,Unni Borra,Ops Team,Analyst,,ws-12727,,Blocked,2024-10-12 09:10:19,,
EMP10565,vidhi.balan53,Vidhi Balan,Finance,Executive,Work From Home,LPT_10565,DEV26389,A,2025-08-18 19:58:00,,manager861
EMP12901,advay.jayaraman98,Advay Jayaraman,Legal,Consultant,Work_From_Home,WS-12901,DEV81061,Active,2023-10-23 22:52:00,,manager665
EMP12340,gautami.contractor31,Gautami Contractor,It Support,Trainee,regional office,WS-12340,dev 40030,Blocked,2022-08-05 06:16:54,2025-05-15 23:23:09,manager252
EMP11985,yochana.shere98,Yochana Shere,Compliance,Analyst,REGIONAL OFFICE,WS-11985,,Enabled,,,MANAGER841
EMP11829,azad.dewan44,Azad Dewan,Purch,Consultant,Work_From_Home,,DEV43827,Live,2024-08-29 00:00:00,,
EMP12850,jatin.nigam57,Jatin Nigam,IT,Engineer,warehouse,WS-12850,dev 16862,Active,2020-04-17 08:28:24,,manager420
EMP10486,  thomas.kaul29  ,Thomas Kaul,Sales Dept,Consultant,Remote,WS-10486,dev48479,Live,2026-05-27 10:04:33,,manager586
EMP12940,aryan.prabhu29,Aryan Prabhu,Mktg,Specialist,warehouse,VDR-12940,dev 15192,Enabled,2021-10-10 14:01:58,,manager533
EMP11204,karan.zachariah68,Karan Zachariah,Sales,Administrator,Branch Office,,dev 22116,L,2023-08-24 09:49:59,,manager457
EMP10370,TEJAS.DHALIWAL72,Tejas Dhaliwal,Customer Support,Engineer,head office,WS-10370,DEV23357,Deactivated,2021-10-03 07:43:29,2021-09-17 22:06:43,
EMP10162,jason.dayal95,Jason Dayal,Information Technology,Trainee,Work_From_Home,VDR-10162,dev 95437,ACTIVE,2025-02-22 16:30:00,,manager254
EMP12646,lavanya.grover78,Lavanya Grover,Information Technology,Director,Regional_Office,VDR-12646,DEV13959,D,2024-05-25 00:00:00,,manager502
EMP12650,hemal.sarin58,Hemal Sarin,Information Technology,Trainee,,VDR-12650,dev 70735,Working,2022-11-19 05:44:28,,manager262
EMP12931,JANYA.BORA79,Janya Bora,Human Resource,Director,,WS-12931.corp.local,DEV-10385,A,2021-05-16 22:55:58,,unknown
EMP11911,joshua.ahluwalia5,Joshua Ahluwalia,Marketing,Analyst,warehouse,WS_11911,dev25765,Leave,2025-06-20 18:59:19,,
EMP10729,INAYA.CHAUDHURI44,Inaya Chaudhuri,Hr,Trainee,Work From Home,,DEV94907,ACTIVE,2024-09-18 16:41:17,,manager493
EMP10969,URVASHI.UPADHYAY40,Urvashi Upadhyay,Human Resource,Manager,HEAD OFFICE,,DEV-66616,DISABLED,,2025-10-01 00:00:00,
EMP10670,,Lekha Prabhu,It Dept,Administrator,DATA CENTER,LPT-10670,dev 75149,Resigned,2023-02-28 11:16:46,2024-06-12 14:05:00,MANAGER409
EMP10887,EKAPAD.AGARWAL62,Ekapad Agarwal,Mkt,Executive,BRANCH OFFICE,VDR-10887,DEV49375,Deactivated,2024-06-13 04:34:14,2024-08-26 08:00:34,manager146
EMP10030,karan.hari9,Karan Hari,Purch,Manager,Regional Office,LPT-10030,dev 62923,ACTIVE,2024-11-04 22:04:00,,manager708
EMP11055,urmi.sunder11,Urmi Sunder,Support,Engineer,data center,LPT-11055,dev 65950,Working,2022-07-27 23:07:26,,manager645
EMP12079,upasna.choudhary60,Upasna Choudhary,Call Center,Officer,warehouse,VDR-12079,dev 67458,Live,2021-10-16 00:00:00,,MANAGER839
EMP11591,  dalaja.tak30  ,Dalaja Tak,Operations,Administrator,Head_Office,VDR-11591.corp.local,DEV21853,A,2022-08-30 05:19:00,,manager754
EMP10173,dalbir.sem96,Dalbir Sem,R&D,Engineer,WAREHOUSE,LPT-10173,dev50562,ON_LEAVE,,,
EMP11962,abhimanyu.krishnamurthy64,Abhimanyu Krishnamurthy,Mktg,Administrator,WORK FROM HOME,VDR-11962,,LWP,2023-07-14 22:44:18,,
EMP10296,osha.kapur39,Osha Kapur,IT,Director,Remote,VDR-10296,dev 59792,Blocked,,2024-08-19 18:56:50,
EMP10325,liam.tandon27,Liam Tandon,Sales,Analyst,WAREHOUSE,ws-10325,dev 79767,A,2024-07-31 21:29:41,,manager820
EMP11236,JAGDISH.CHAUDHRY92,Jagdish Chaudhry,Marketing Dept,Director,Head_Office,VDR-11236,,ACTIVE,2021-10-01 11:55:52,,unknown
EMP11988,hemal.gokhale89,Hemal Gokhale,Supply Chain,Specialist,Data_Center,WS-11988,,Enabled,2021-04-02 00:00:00,,
EMP11738,yamini.bala47,Yamini Bala,Legal Dept,Manager,warehouse,WS-11738,DEV28040,ACTIVE,2023-01-19 00:00:00,,MANAGER561
EMP12759,ekanta.gola20,Ekanta Gola,Sales,Trainee,REMOTE,LPT-12759,,Active,2022-04-07 05:47:00,,manager514
EMP11472,anamika_singh82,Anamika Singh,Operations,Manager,branch office,LPT-11472,DEV-12368,Enabled,2021-11-17 19:15:29,,manager394
EMP11925,triya.narasimhan75,Triya Narasimhan,Hr Dept,Executive,,LPT-11925,DEV79932,L,,2024-04-26 14:13:10,unknown
EMP12714,inaya.kapadia64,Inaya Kapadia,Purch,Specialist,WAREHOUSE,LPT-12714,dev32601,A,2021-07-21 18:59:08,,  manager272  
EMP10605,owen.kashyap42,Owen Kashyap,Procurement Team,Engineer,Warehouse,vdr-10605,,Working,2024-09-05 00:00:00,,
EMP11283,ranbir.kalita61,Ranbir Kalita,Ops Team,Engineer,Work From Home,vdr-11283,dev93498,Working,2023-05-25 00:04:00,,
EMP12671,victor.kumer39,Victor Kumer,Sales Dept,Specialist,Head_Office,WS-12671,dev43953,Working,2020-04-17 11:34:26,,manager277
EMP12626,nimrat.rattan2,Nimrat Rattan,Business Sales,Engineer,Remote,LPT_12626,dev 95036,Working,2022-03-12 00:00:00,,
EMP12881,nirja.virk29,Nirja Virk,IT,Specialist,WORK FROM HOME,ws-12881,dev 19065,A,,,manager697
EMP12669,vyanjana.jayaraman1,Vyanjana Jayaraman,Legal,Trainee,,WS-12669,dev12844,Active,,,manager832
EMP10073,eta.saini12,Eta Saini,Marketing Dept,Trainee,BRANCH OFFICE,ws-10073,,Working,2023-03-23 11:29:26,,manager606
EMP10048,george_dayal65,George Dayal,Brand Team,Director,Remote,WS-10048,dev48752,Working,,,  manager488  
EMP12258,megha_bal48,Megha Bal,Purchase,Consultant,branch office,LPT-12258,,Active,2020-04-13 07:52:17,,manager598
EMP11916,CHANDRAN.BATTA95,Chandran Batta,Hr Dept,Specialist,head office,vdr-11916,DEV46078,Enabled,2021-05-02 15:21:02,,manager146
EMP11815,YATIN.SODHI3,Yatin Sodhi,Sales,Director,WORK FROM HOME,VDR-11815,DEV29289,ACTIVE,,,unknown
EMP10535,  vansha.dar1  ,Vansha Dar,People Team,Executive,data center,VDR-10535,,A,2022-03-28 09:33:40,,  manager181  
EMP11270,pallavi.prashad61,Pallavi Prashad,Hr Dept,Analyst,Work From Home,LPT-11270,dev84352,ACTIVE,2022-06-22 01:04:00,,unknown
EMP12132,daksha.ratti52,Daksha Ratti,Mktg,Administrator,,LPT-12132,dev31065,Live,2023-11-03 02:43:17,,
EMP11665,oni_goda48,Oni Goda,Human Resource,Executive,Branch_Office,VDR-11665.corp.local,dev49335,Working,2021-04-09 10:29:03,,manager909
EMP11071,faqid.dani64,Faqid Dani,Hr Dept,Administrator,Work From Home,VDR_11071,dev81925,LWP,2023-12-21 07:21:00,,manager556
EMP11566,ekani.panchal59,Ekani Panchal,Human Resource,Manager,WAREHOUSE,VDR-11566,dev 48759,Enabled,,,MANAGER546
EMP12748,nisha.babu33,Nisha Babu,Procurement,Executive,WORK FROM HOME,VDR-12748,,ACTIVE,,,manager559
EMP12206,utkarsh.mittal36,Utkarsh Mittal,Ops,Specialist,,WS_12206,DEV19769,ACTIVE,2025-10-11 17:55:15,,manager543
EMP12780,MICHAEL.ZACHARIA55,Michael Zacharia,Legal,Specialist,WORK FROM HOME,LPT-12780,DEV91577,Exited,2024-10-01 19:38:24,,manager682
EMP10838,,Damyanti Dasgupta,Finance,Engineer,branch office,vdr-10838,dev99824,Active,2023-09-14 16:56:00,,manager980
EMP11094,  bimala.narasimhan13  ,Bimala Narasimhan,Ops Team,Manager,Regional_Office,vdr-11094,DEV-34233,Working,2025-12-17 03:06:00,,manager669
EMP11345,lipika.gupta33,Lipika Gupta,It Support,Consultant,,VDR-11345,,Working,2022-12-22 13:43:58,,  manager619  
EMP12304,hiral.sheth32,Hiral Sheth,Marketing,Engineer,Work_From_Home,LPT-12304,dev41573,Active,2026-01-03 00:00:00,,
EMP11233,shivansh_karan47,Shivansh Karan,Hr Dept,Engineer,head office,WS-11233,DEV-28161,Active,2026-11-03 00:31:04,,manager229
EMP12597,ONI.DHAR38,Oni Dhar,Innovation,Trainee,,LPT-12597.corp.local,DEV96820,Live,2020-07-05 16:35:59,,manager470
EMP11846,,Chakrika Mohanty,It Dept,Manager,Head_Office,vdr-11846,DEV25429,A,2023-10-26 17:54:56,,manager840
EMP12829,wridesh_varkey26,Wridesh Varkey,IT,Manager,,LPT-12829,dev99049,Enabled,2020-10-07 00:00:00,,MANAGER928
EMP10324,hemal.menon31,Hemal Menon,Sales,Specialist,regional office,WS-10324,,Enabled,2021-05-30 16:29:11,,manager903
EMP10759,rohan.samra17,Rohan Samra,Operations,Administrator,BRANCH OFFICE,VDR-10759,dev21892,Active,2025-09-09 14:54:39,,MANAGER820
EMP11509,deepa.keer12,Deepa Keer,Business Sales,Manager,BRANCH OFFICE,VDR-11509,DEV-49683,Working,,,manager879
EMP11731,,Mahika Bhargava,Business Sales,Manager,DATA CENTER,vdr-11731,,Enabled,2024-03-25 00:00:00,,manager576
EMP12349,chanchal.bobal40,Chanchal Bobal,Hr Dept,Engineer,,LPT-12349,DEV-66360,Exited,2025-04-11 00:00:00,2026-05-29 10:03:53,manager564
EMP11883,falak_handa71,Falak Handa,Customer Support,Manager,work from home,VDR-11883,DEV-81950,Exited,2025-11-15 06:05:09,2026-06-17 18:31:00,manager202
EMP10599,anmol.sawhney11,Anmol Sawhney,Rd,Analyst,Remote,VDR-10599,dev 64519,Deactivated,2026-10-01 00:39:06,2026-04-23 00:00:00,manager851
EMP12163,ethan.dhillon39,Ethan Dhillon,Fin,Administrator,Warehouse,VDR-12163,DEV42796,Enabled,2022-06-30 07:19:38,,unknown
EMP10433,nandini.ravel92,Nandini Ravel,Finance,Manager,DATA CENTER,,dev 92710,Leave,2022-08-31 00:00:00,,manager104
EMP12379,joshua.dyal71,Joshua Dyal,Brand Team,Engineer,Remote,,dev 52894,ACTIVE,2021-11-18 12:22:28,,manager328
EMP11547,ryan.rau52,Ryan Rau,People Team,Consultant,Remote,ws-11547,dev18559,A,2025-07-18 16:46:50,,manager818
EMP11744,avi.basak59,Avi Basak,Finance,Engineer,regional office,LPT-11744,dev76127,DISABLED,2024-03-18 00:00:00,2024-07-08 17:03:00,
EMP10239,JATIN.CHADA37,Jatin Chada,Rd,Officer,Warehouse,ws-10239,DEV-27589,Deactivated,2023-12-25 02:09:29,2024-06-17 00:00:00,manager848
EMP10817,geetika.ganesh63,Geetika Ganesh,Call Center,Administrator,BRANCH OFFICE,WS-10817,dev24160,A,2024-02-29 07:56:16,,manager743
EMP12661,deepa.jha15,Deepa Jha,R&D,Executive,warehouse,WS-12661,DEV68143,ACTIVE,2022-01-20 00:00:00,,
EMP11177,lekha.jhaveri61,Lekha Jhaveri,Legal,Consultant,,VDR-11177,DEV-11731,Live,2021-04-29 07:48:08,,manager757
EMP12963,balendra_rao10,Balendra Rao,Brand Team,Consultant,Regional_Office,VDR_12963,,Working,2020-10-23 00:00:00,,
EMP11730,wridesh.rajan59,Wridesh Rajan,Purch,Officer,Remote,WS-11730,DEV-12956,ACTIVE,2024-01-30 10:53:00,,
EMP12533,qarin.hayer3,Qarin Hayer,Finance,Officer,Branch_Office,ws-12533,,Enabled,,,
EMP12225,pavani.memon61,Pavani Memon,Finance,Officer,Branch_Office,VDR-12225,DEV-90088,Working,2026-02-18 10:34:01,,unknown
EMP12523,lohit.bhasin66,Lohit Bhasin,Human Resources,Administrator,regional office,WS-12523,dev98661,Enabled,2020-12-26 14:00:15,,manager692
EMP11483,MEKHALA.CHOUDHARY37,Mekhala Choudhary,R&D,Executive,WORK FROM HOME,LPT-11483.corp.local,dev62435,A,,,
EMP10912,mohammed.devan20,Mohammed Devan,Operations,Consultant,Work_From_Home,lpt-10912,dev 26119,Deactivated,2023-09-26 00:00:00,,
EMP12096,bhavini.mutti77,Bhavini Mutti,Operations,Executive,WORK FROM HOME,VDR-12096,DEV-86475,Working,2020-02-23 02:12:48,,
EMP11965,DAMYANTI.MADAN68,Damyanti Madan,Innovation,Consultant,Work From Home,LPT-11965,dev 86881,Enabled,2023-06-19 08:55:31,,
EMP10926,ishaan.narang92,Ishaan Narang,Purch,Executive,Regional Office,WS-10926,DEV-78113,A,2020-11-22 22:17:17,,manager696
EMP12212,MATTHEW.BATH56,Matthew Bath,Customer Support,Officer,WAREHOUSE,VDR_12212,dev 84154,Working,,,unknown
EMP11421,bina.kar2,Bina Kar,Sales,Trainee,REMOTE,VDR-11421.corp.local,DEV35544,A,2022-08-22 08:24:29,,  manager477  
EMP12579,balveer.nair93,Balveer Nair,Information Technology,Executive,Regional Office,VDR-12579,dev 22006,ACTIVE,2021-04-17 21:25:00,,unknown
EMP10594,gabriel.mistry80,Gabriel Mistry,Ops Team,Specialist,,ws-10594,dev 18302,A,2024-08-01 00:00:00,,
EMP10601,urmi.borra25,Urmi Borra,Customer Care,Engineer,warehouse,VDR_10601,DEV-33448,ACTIVE,,,manager208
EMP10637,hitesh.shroff73,Hitesh Shroff,Purch,Engineer,WAREHOUSE,,DEV40266,Enabled,2023-01-21 04:28:01,,manager898
EMP12899,nidhi.dayal3,Nidhi Dayal,Legal Dept,Executive,BRANCH OFFICE,LPT-12899,DEV-70315,A,2021-11-14 17:07:51,,  manager221  
EMP11795,agastya.kala68,Agastya Kala,Ops,Consultant,,WS_11795,DEV76526,Live,,,manager481
EMP11010,  kiaan.issac82  ,Kiaan Issac,Mktg,Manager,,LPT_11010,dev 98458,Active,2020-04-09 00:00:00,,
EMP10680,chanchal.srivastava91,Chanchal Srivastava,Purchase,Specialist,,VDR_10680,DEV-68436,Live,2022-08-28 17:15:49,,manager302
EMP12431,lohit.raja77,Lohit Raja,Supply Chain,Administrator,WAREHOUSE,,DEV79054,Active,2021-05-14 20:21:14,,manager303
EMP11778,  viraj.wadhwa36  ,Viraj Wadhwa,Marketing Dept,Specialist,Data_Center,VDR-11778,dev96391,Working,2025-03-19 16:35:57,,
EMP10414,garima.bedi78,Garima Bedi,People Team,Engineer,Data Center,LPT-10414,DEV-63368,A,,,manager482
EMP10874,dominic.shenoy64,Dominic Shenoy,Human Resources,Executive,Head_Office,WS-10874,DEV22265,Working,,,manager272
EMP10527,william.modi62,William Modi,Legal Dept,Consultant,Warehouse,,,ACTIVE,,,manager884
EMP11512,samesh_sangha73,Samesh Sangha,Information Technology,Specialist,Data Center,lpt-11512,dev 68017,Live,2021-08-28 05:14:55,,manager750
EMP12548,nachiket.singh66,Nachiket Singh,Innovation,Manager,Regional_Office,WS-12548,,Live,,,manager943
EMP10108,AAHANA.SAMRA10,Aahana Samra,R&D,Administrator,remote,VDR-10108,dev62098,Live,,,unknown
EMP11206,guneet.lalla74,Guneet Lalla,Legal,Analyst,,VDR-11206.corp.local,dev36025,A,2025-09-06 06:53:35,,manager248
EMP12414,ishani.bava73,Ishani Bava,Finance,Analyst,Data_Center,,,Enabled,2020-09-17 00:00:00,,manager719
EMP12439,zinal.agarwal70,Zinal Agarwal,Legal Dept,Executive,Data Center,WS-12439,DEV-23730,ACTIVE,2024-11-09 11:17:10,,manager895
EMP11116,sneha.devi66,Sneha Devi,Call Center,Manager,DATA CENTER,LPT-11116,dev 90777,Working,2026-05-06 11:37:20,,manager535
EMP10318,saumya.mody46,Saumya Mody,Information Technology,Trainee,Branch_Office,LPT-10318,dev60324,LWP,,,manager518
EMP11951,HARSH.DUGAR36,Harsh Dugar,Mktg,Officer,WAREHOUSE,VDR-11951,DEV76219,Resigned,2020-03-10 21:07:00,2026-05-29 08:02:08,manager347
EMP11161,neel.venkataraman70,Neel Venkataraman,Hr,Analyst,,LPT-11161,dev23476,Enabled,2020-11-14 15:52:55,,  manager956  
EMP12700,ZILMIL.SUR74,Zilmil Sur,Finance,Specialist,,LPT-12700.corp.local,dev89362,ACTIVE,2023-07-21 03:27:00,,manager951
EMP11558,neelima.divan52,Neelima Divan,Brand Team,Specialist,head office,LPT-11558,dev 39651,Active,,,MANAGER436
EMP12920,lakshit.yohannan97,Lakshit Yohannan,Legal,Officer,warehouse,LPT_12920,dev 14911,Live,2023-09-22 12:58:00,,unknown
EMP10402,bhavini.gaba45,Bhavini Gaba,Support,Director,Work From Home,VDR-10402,dev 39820,Enabled,2023-04-17 16:43:21,,
EMP11502,wyatt.jani93,Wyatt Jani,Call Center,Officer,Data Center,WS-11502,dev 91062,Exited,,2025-04-06 12:25:00,unknown
EMP10937,ridhi.kumer20,Ridhi Kumer,Ops,Manager,Work From Home,VDR-10937,dev97097,ACTIVE,2023-04-18 02:20:37,,manager504
EMP12004,daksha.mangal11,Daksha Mangal,Research And Development,Analyst,branch office,LPT-12004,dev98871,A,2025-02-16 05:30:30,,manager488
EMP11261,krishna.nayar56,Krishna Nayar,Cs,Consultant,Head Office,ws-11261,dev 45728,ACTIVE,2020-06-01 15:43:34,,manager849
EMP12722,falak.lanka40,Falak Lanka,Innovation,Director,REGIONAL OFFICE,LPT-12722,dev48482,Active,2024-04-18 00:00:00,,
EMP12806,rajata.lalla49,Rajata Lalla,Human Resource,Manager,Remote,VDR-12806,,Live,2024-10-08 14:02:10,,manager266
EMP10387,ABHIMANYU.ATWAL89,Abhimanyu Atwal,Supply Chain,Consultant,branch office,VDR-10387.corp.local,DEV87194,DISABLED,2023-03-21 00:00:00,2026-02-23 03:26:47,manager281
EMP11960,finn.mall2,Finn Mall,Fin,Engineer,Work From Home,LPT-11960.corp.local,DEV-13853,Live,,,
EMP11850,,Eshana Nigam,Ops,Trainee,Branch Office,WS-11850,DEV-65358,Enabled,2026-05-23 20:57:13,,  manager816  
EMP10810,anika.acharya16,Anika Acharya,Rd,Manager,Warehouse,LPT_10810,dev 74987,A,2025-12-29 12:32:44,,manager839
EMP10755,BHAVINI.ACHARYA76,Bhavini Acharya,Innovation,Trainee,remote,LPT-10755,DEV66113,Active,2022-02-05 00:00:00,,manager544
EMP11174,max.ganguly91,Max Ganguly,Accounts,Director,Regional Office,LPT-11174,dev65667,Working,2025-12-19 04:18:23,,manager695
EMP11587,isaac.bora28,Isaac Bora,Purch,Executive,HEAD OFFICE,VDR-11587,DEV53117,ACTIVE,2023-07-04 11:40:38,,
EMP12713,hritik_shukla36,Hritik Shukla,Legal,Manager,data center,WS-12713,,Enabled,,,manager188
EMP11235,hritik.dar64,Hritik Dar,Legal Dept,Officer,Data_Center,LPT-11235,,Active,2025-11-04 14:43:01,,unknown
EMP11891,,Charita Shenoy,People Team,Director,WAREHOUSE,lpt-11891,dev43152,Active,,,manager756
EMP10070,mekhala.bajwa65,Mekhala Bajwa,Ops Team,Analyst,WORK FROM HOME,ws-10070,dev74251,A,2023-01-30 06:41:50,,MANAGER948
EMP12760,vrishti.mall91,Vrishti Mall,IT,Engineer,warehouse,WS-12760,DEV95069,Enabled,2020-01-03 09:21:00,,manager872
EMP12342,LOHIT.DOCTOR85,Lohit Doctor,Compliance,Engineer,warehouse,vdr-12342,dev 72066,Live,2023-04-14 14:55:10,,manager848
EMP12263,vamakshi.raval28,Vamakshi Raval,Finance,Consultant,Work_From_Home,LPT-12263,dev 19552,Live,2023-03-25 00:00:00,,manager233
EMP10839,wazir_sheth9,Wazir Sheth,Sales Dept,Director,REMOTE,WS-10839,,Live,,,manager515
EMP10056,ANVI.PARMAR57,Anvi Parmar,Supply Chain,Officer,,vdr-10056,DEV-68446,LEFT,2026-04-29 10:58:07,,manager869
EMP12468,manan.mittal77,Manan Mittal,It Support,Director,Data Center,WS-12468,dev 97197,Enabled,2023-08-03 00:00:00,,MANAGER510
EMP11817,brinda.iyer33,Brinda Iyer,Rd,Director,,vdr-11817,dev70975,Working,2021-09-27 22:58:00,,manager525
EMP11395,tejas.sami53,Tejas Sami,Support,Administrator,DATA CENTER,WS-11395,DEV-79888,ACTIVE,2023-04-03 02:25:00,,manager608
EMP11556,bishakha_mangat17,Bishakha Mangat,Operations,Officer,,VDR-11556,DEV97612,Working,,,
EMP12086,vincent.dube76,Vincent Dube,Research And Development,Manager,warehouse,LPT-12086,dev29029,ACTIVE,2025-05-21 13:34:35,,MANAGER255
EMP11904,yashawini.comar81,Yashawini Comar,Innovation,Officer,HEAD OFFICE,LPT-11904,dev12565,ACTIVE,2025-11-12 00:00:00,,
EMP12501,damyanti.misra13,Damyanti Misra,Marketing,Engineer,Data_Center,WS_12501,DEV-30955,Active,2023-04-30 00:00:00,,
EMP12161,omya.sahota27,Omya Sahota,Legal,Consultant,,WS-12161,DEV94884,Enabled,,,manager435
EMP10309,hardik.dani22,Hardik Dani,Sales,Officer,Branch_Office,,,A,2023-08-17 16:24:00,,
EMP11961,benjamin_srinivasan15,Benjamin Srinivasan,Cs,Executive,Work_From_Home,VDR-11961,dev78664,Terminated,2022-01-29 06:43:42,,manager819
EMP11253,bachittar.sathe85,Bachittar Sathe,R&D,Administrator,REMOTE,vdr-11253,dev 73269,Live,2022-03-30 15:15:02,,
EMP11228,TANMAYI.DHAR12,Tanmayi Dhar,People Team,Trainee,WORK FROM HOME,,DEV37259,A,2024-03-05 14:22:00,,
EMP12769,banjeet.savant73,Banjeet Savant,Procurement Team,Director,branch office,LPT-12769,,ACTIVE,2025-07-01 02:13:31,,
EMP11537,nachiket.subramaniam52,Nachiket Subramaniam,Purchase,Administrator,Head Office,vdr-11537,dev 61111,ACTIVE,,,manager254
EMP11741,warda.rajagopal65,Warda Rajagopal,Customer Support,Analyst,Warehouse,LPT-11741,DEV-85427,A,2024-09-06 04:25:11,,manager268
EMP11351,raksha.de11,Raksha De,People Team,Engineer,Warehouse,VDR_11351,DEV-85292,ACTIVE,2026-03-30 07:22:18,,manager850
EMP11376,matthew.dalal24,Matthew Dalal,R&D,Administrator,BRANCH OFFICE,LPT-11376.corp.local,,LEFT,2024-05-23 02:34:00,,manager103
EMP12162,megha.garg48,Megha Garg,Procurement,Analyst,DATA CENTER,WS-12162,dev11006,Enabled,2025-01-19 20:36:12,,
EMP12813,DAMYANTI.PALAN49,Damyanti Palan,It Dept,Consultant,branch office,LPT-12813,,A,2020-08-16 21:24:55,,manager408
EMP11861,WAZIR.KHATRI54,Wazir Khatri,IT,Officer,,VDR-11861,DEV-93888,Disabled,2026-07-16 00:00:00,,
EMP12716,lakshmi.sen22,Lakshmi Sen,Sales,Administrator,Remote,WS-12716,dev 53940,Disabled,2024-05-04 12:00:42,2025-07-05 10:48:06,manager879
EMP12709,manan.jhaveri26,Manan Jhaveri,Legal,Manager,Head Office,VDR-12709,dev 90900,Enabled,2026-01-22 19:40:32,,manager545
EMP11659,VRITTI.SUNDARAM41,Vritti Sundaram,Operations,Engineer,regional office,LPT-11659,,ACTIVE,2020-07-24 03:02:16,,manager423
EMP10436,omkaar_pau69,Omkaar Pau,Sales,Consultant,Head Office,WS-10436,dev79603,ACTIVE,2025-03-10 13:59:57,,manager851
EMP12078,omya.comar71,Omya Comar,Business Sales,Executive,Head_Office,LPT-12078,DEV44774,Enabled,2024-02-28 02:24:49,,MANAGER802
EMP11222,vasatika.saraf30,Vasatika Saraf,Human Resources,Executive,WAREHOUSE,LPT-11222,dev92764,Working,2023-05-02 00:00:00,,unknown
EMP11491,zarna.mandal21,Zarna Mandal,Sales,Trainee,,LPT-11491,dev 10902,Active,2025-10-19 23:21:55,,manager987
EMP11912,vinaya.ravi27,Vinaya Ravi,Hr,Consultant,BRANCH OFFICE,VDR-11912,dev25568,Active,2022-02-16 16:57:51,,unknown
EMP10313,nathaniel.seshadri86,Nathaniel Seshadri,R&D,Officer,regional office,ws-10313,dev 88246,ACTIVE,2023-05-04 14:12:09,,manager456
EMP10233,onveer.borah62,Onveer Borah,Business Sales,Engineer,Work From Home,VDR-10233,dev45537,Exited,,2026-01-14 08:21:00,manager700
EMP11436,christopher.sarna67,Christopher Sarna,Innovation,Executive,HEAD OFFICE,VDR-11436,dev60551,Working,2024-11-01 22:11:19,,manager819
EMP10685,anamika.sundaram14,Anamika Sundaram,Ops Team,Officer,Regional Office,LPT-10685,,Enabled,2023-05-30 07:02:00,,MANAGER344
EMP12918,nitara.gulati69,Nitara Gulati,Sales,Manager,Head Office,WS_12918,dev 18374,A,2024-10-02 20:42:46,,
EMP10111,  jai.memon6  ,Jai Memon,Operations,Analyst,remote,WS-10111,dev 59131,Active,2022-01-28 16:40:49,,manager679
EMP11213,divya.gupta70,Divya Gupta,Compliance,Director,REMOTE,VDR-11213,,Enabled,2022-05-30 00:31:00,,MANAGER977
EMP11413,tejas.vora50,Tejas Vora,Operations Dept,Specialist,work from home,VDR-11413,DEV89269,Working,2026-04-09 14:30:00,,unknown
EMP11127,kritika.gole37,Kritika Gole,It Support,Executive,Data Center,WS-11127,dev53412,Resigned,2021-05-13 01:45:00,2025-06-10 04:35:00,unknown
EMP12916,kashvi.toor41,Kashvi Toor,R&D,Analyst,remote,LPT-12916,DEV-94372,Working,2024-01-26 00:00:00,,manager791
EMP11971,aachal.cheema98,Aachal Cheema,It Support,Director,Branch Office,VDR-11971,,Active,2026-05-04 03:15:00,,manager279
EMP10472,ARYAN.GOUR66,Aryan Gour,Brand Team,Officer,Work_From_Home,WS-10472,dev82559,Enabled,2021-09-16 03:22:00,,manager831
EMP12835,reva.pal71,Reva Pal,Sales,Engineer,remote,VDR-12835.corp.local,DEV-89596,Enabled,2025-05-02 00:00:00,,manager571
EMP12251,isaac.rajagopal76,Isaac Rajagopal,Mktg,Trainee,,VDR-12251,DEV-54536,Working,2022-05-27 18:11:04,,manager954
EMP10903,unni.guha76,Unni Guha,Ops Team,Specialist,Work From Home,VDR-10903,dev96108,Live,,,manager499
EMP10897,tanvi.singh95,Tanvi Singh,R&D,Trainee,,,DEV-68918,Enabled,2021-09-17 12:52:50,,manager949
EMP12448,aarna.magar22,Aarna Magar,Procurement Team,Consultant,,LPT-12448,,ACTIVE,2021-09-26 00:00:00,,manager619
EMP11939,EKBAL.WALIA16,Ekbal Walia,Sales,Director,branch office,ws-11939,,Active,2022-09-26 00:00:00,,manager150
EMP12293,NIDHI.PILLAI54,Nidhi Pillai,Innovation,Analyst,Warehouse,,dev58089,Working,2023-02-19 02:53:56,,
EMP12896,  pahal.shere50  ,Pahal Shere,Legal Dept,Executive,Work From Home,VDR-12896.corp.local,DEV38001,Enabled,2025-06-18 09:00:01,,unknown
EMP12684,omaja.venkatesh99,Omaja Venkatesh,Sales,Analyst,Head_Office,VDR_12684,,Working,2026-04-23 18:36:26,,
EMP10361,ONKAR.BUTALA89,Onkar Butala,It Support,Consultant,Head_Office,VDR-10361,dev59319,DISABLED,2026-03-09 09:05:00,2026-04-18 00:00:00,manager343
EMP10135,  jagdish.comar6  ,Jagdish Comar,Customer Care,Administrator,Data_Center,VDR-10135,,Live,2024-01-28 00:00:00,,
EMP11309,sachi.venkatesh74,Sachi Venkatesh,Cs,Engineer,branch office,ws-11309,dev 74369,A,2022-06-07 20:22:01,,manager859
EMP12995,harrison.mangal35,Harrison Mangal,Procurement Team,Analyst,WORK FROM HOME,LPT-12995,DEV35518,ACTIVE,2022-04-25 00:00:00,,
EMP12328,EESHA.NIGAM82,Eesha Nigam,Rd,Engineer,Regional Office,VDR-12328,dev 34917,LEFT,2025-02-17 16:00:01,2025-02-18 18:32:55,manager973
EMP10366,zinal.saha75,Zinal Saha,Human Resource,Executive,head office,lpt-10366,,Enabled,2023-06-16 23:46:22,,manager466
EMP11017,kalpit.mannan92,Kalpit Mannan,Marketing Dept,Director,Warehouse,lpt-11017,DEV-64401,Active,2025-04-03 05:46:00,,manager568
EMP10029,victor.guha7,Victor Guha,Procurement Team,Trainee,WAREHOUSE,VDR-10029,dev 30635,Live,2024-04-26 00:00:00,,manager290
EMP12578,krisha.bansal35,Krisha Bansal,Legal,Director,data center,LPT_12578,DEV17034,ACTIVE,2024-09-06 10:58:23,,manager759
EMP10022,zarna.chawla28,Zarna Chawla,Call Center,Executive,Regional_Office,vdr-10022,DEV85525,ACTIVE,2024-01-09 11:25:06,,unknown
EMP11924,chandani.palan99,Chandani Palan,It Dept,Engineer,data center,WS_11924,DEV59220,Enabled,2023-12-15 00:00:00,,
EMP11100,vasatika.buch89,Vasatika Buch,Operations,Officer,remote,VDR-11100,,Working,2025-11-07 07:48:07,,manager939
EMP10420,yauvani_narasimhan28,Yauvani Narasimhan,Business Sales,Engineer,regional office,LPT-10420,dev 45269,Live,2024-05-13 17:01:23,,manager899
EMP12390,hemani.mohanty26,Hemani Mohanty,Marketing Dept,Director,data center,WS-12390,dev 18876,ACTIVE,2021-01-16 16:47:15,,manager538
EMP10460,jatin.mangal83,Jatin Mangal,Legal,Director,,LPT-10460,,ACTIVE,2024-11-15 08:34:52,,manager977
EMP10043,deepa.wagle29,Deepa Wagle,Sales,Trainee,REMOTE,ws-10043,dev 39831,A,2025-08-12 15:38:29,,MANAGER436
EMP10087,janani.dyal31,Janani Dyal,Finance,Officer,,LPT-10087,dev 10350,A,2025-11-11 19:14:14,,manager398
EMP10859,gautami.kibe60,Gautami Kibe,Sales,Administrator,REGIONAL OFFICE,LPT-10859,,Live,2023-08-25 13:21:10,,  manager252  
EMP10572,baljiwan.yadav12,Baljiwan Yadav,R&D,Administrator,,WS-10572,dev44053,Live,2020-02-02 00:00:00,,  manager934  
EMP10944,quincy.goda70,Quincy Goda,Fin,Administrator,Branch_Office,LPT-10944,DEV-43496,A,,,MANAGER517
EMP10282,theodore_bajaj68,Theodore Bajaj,IT,Engineer,Branch Office,VDR-10282,DEV-84289,Working,2020-05-24 15:54:43,,unknown
EMP12658,nathaniel.mody8,Nathaniel Mody,Legal,Officer,,LPT-12658,,Working,2026-06-17 14:25:39,,manager321
EMP12466,ojasvi.natt3,Ojasvi Natt,Hr,Officer,data center,LPT-12466,DEV-64322,Terminated,2020-04-18 00:00:00,2025-08-31 00:17:54,unknown
EMP12932,dalbir.ahuja10,Dalbir Ahuja,Customer Care,Manager,Data_Center,VDR-12932,DEV82327,ACTIVE,2022-06-09 16:21:00,,unknown
EMP12476,laksh.kakar31,Laksh Kakar,Finance,Trainee,Data_Center,LPT-12476,dev 65784,Working,2024-07-23 00:00:00,,manager849
EMP10533,ayaan.kalita91,Ayaan Kalita,Legal,Executive,Work_From_Home,vdr-10533,dev25608,Working,2023-10-19 12:31:39,,
EMP10776,IJAYA.GODA34,Ijaya Goda,Ops,Executive,BRANCH OFFICE,VDR-10776,DEV14546,Enabled,2022-12-04 07:05:30,,manager559
EMP12527,joshua.dash97,Joshua Dash,Ops Team,Manager,Work From Home,VDR-12527,,D,,2026-08-23 18:46:51,
EMP12430,  mekhala.loyal73  ,Mekhala Loyal,People Team,Manager,Data Center,vdr-12430,,Active,,,manager724
EMP12464,,Zaitra Nori,Legal,Administrator,Head_Office,,dev 44217,ACTIVE,,,unknown
EMP12179,bhavika_naidu97,Bhavika Naidu,Business Sales,Officer,,WS-12179,,D,2022-04-13 00:00:00,2025-12-07 00:00:00,
EMP10809,,Advaith Tiwari,Fin,Consultant,Data Center,WS_10809,dev38085,Enabled,2023-06-20 00:00:00,,manager421
EMP10964,bahadurjit.ramanathan73,Bahadurjit Ramanathan,Sales,Officer,Regional_Office,WS-10964,,Deactivated,2020-03-12 19:45:56,,  manager645  
EMP10978,  girish.tata8  ,Girish Tata,Fin,Administrator,,WS-10978,DEV77256,OOO,,,manager697
EMP10691,,Joshua Viswanathan,IT,Executive,,LPT-10691,DEV69372,Enabled,,,manager557
EMP10932,ayush.zacharia48,Ayush Zacharia,Hr,Specialist,work from home,ws-10932,,Live,2024-11-11 09:52:12,,manager635
EMP11241,bhavani.shetty89,Bhavani Shetty,It Support,Consultant,Branch Office,WS-11241,,D,2021-12-23 00:00:00,2025-04-04 00:00:00,manager317
EMP12259,yashasvi.mammen73,Yashasvi Mammen,Procurement,Analyst,Regional_Office,LPT-12259,dev 62138,Enabled,2024-08-28 00:00:00,,manager659
EMP11672,ishwar.ganesan93,Ishwar Ganesan,Mkt,Officer,branch office,WS-11672.corp.local,DEV46915,ACTIVE,,,
EMP11426,  qasim.gade91  ,Qasim Gade,IT,Consultant,HEAD OFFICE,VDR-11426,dev 46369,ON_LEAVE,2021-08-26 07:17:00,,manager855
EMP10221,wakeeta.sur18,Wakeeta Sur,Ops,Specialist,remote,LPT-10221,DEV-61505,Leave,,,
EMP10543,bhavna.ramesh73,Bhavna Ramesh,Rd,Engineer,Work_From_Home,ws-10543,dev 70142,A,2024-12-28 04:57:23,,
EMP11286,quincy.saran73,Quincy Saran,Rd,Officer,branch office,WS-11286,DEV-67264,A,2024-06-24 00:00:00,,MANAGER420
EMP12209,gaurang.pathak52,Gaurang Pathak,Supply Chain,Specialist,Remote,VDR_12209,DEV71529,Live,2025-03-26 00:00:00,,manager891
EMP10789,JASMIT.BOSE49,Jasmit Bose,Mkt,Officer,Data_Center,LPT-10789,,Blocked,2022-08-02 00:00:00,2025-09-24 13:19:49,  manager127  
EMP10794,zashil.mistry18,Zashil Mistry,Ops Team,Executive,,WS-10794,dev 57338,ACTIVE,2023-01-11 00:00:00,,manager398
EMP11720,faqid.dixit37,Faqid Dixit,Research And Development,Analyst,Data Center,VDR-11720,DEV-95381,Active,,,manager289
EMP12005,xavier.date15,Xavier Date,Sales Dept,Director,,VDR-12005,,Active,2023-12-24 04:18:21,,manager687
EMP11563,JEET.RAJU59,Jeet Raju,Procurement,Administrator,WAREHOUSE,WS-11563,,Active,,,unknown
EMP10612,OMYA.RAM43,Omya Ram,Operations,Director,DATA CENTER,LPT-10612,DEV39716,Working,2025-02-14 06:51:53,,
EMP11456,dev.kata13,Dev Kata,Legal,Analyst,,WS-11456,DEV26874,Enabled,2023-04-08 00:23:27,,manager111
EMP11718,ISHAAN.RATTA20,Ishaan Ratta,Call Center,Analyst,Regional_Office,VDR-11718,DEV-91630,Working,2024-09-24 00:00:00,,manager497
EMP10272,chandani.sane64,Chandani Sane,Call Center,Consultant,REMOTE,WS-10272,,ACTIVE,,,manager914
EMP10521,damyanti.nayak82,Damyanti Nayak,IT,Administrator,Head_Office,LPT-10521,dev 68877,Live,2024-04-01 15:08:05,,unknown
EMP11003,yashasvi.nayar20,Yashasvi Nayar,Legal,Engineer,Branch Office,VDR_11003,DEV37508,A,2024-05-21 14:43:32,,MANAGER665
EMP11373,vanya.barman11,Vanya Barman,Sales Dept,Manager,remote,LPT-11373,dev 76461,A,2023-11-09 20:43:00,,manager625
EMP12522,kabir.thakur63,Kabir Thakur,Sales Dept,Analyst,REMOTE,lpt-12522,dev 73780,A,2023-08-04 19:03:20,,manager977
EMP11938,omya.choudhury49,Omya Choudhury,Operations,Consultant,head office,WS-11938,dev 77618,A,2021-04-10 00:00:00,,MANAGER676
EMP10350,  ansh.majumdar95  ,Ansh Majumdar,Finance,Manager,Head_Office,VDR-10350,DEV27984,Active,,,manager455
EMP10949,,Rachita Gala,Cs,Executive,,VDR_10949,DEV-63313,Enabled,,,manager901
EMP12126,ekiya.kota86,Ekiya Kota,Purch,Specialist,REMOTE,VDR-12126,DEV-84509,Exited,2025-03-11 21:37:00,2025-03-23 06:54:47,manager942
EMP12387,advik.sura55,Advik Sura,Legal,Consultant,Branch Office,WS_12387,DEV-54141,Live,,,
EMP12862,mahika.borra10,Mahika Borra,Human Resource,Consultant,warehouse,WS-12862,dev 83712,L,2021-12-09 07:18:14,2021-12-21 23:48:00,manager286
EMP12672,meera.kulkarni21,Meera Kulkarni,Ops Team,Engineer,,LPT-12672,dev32716,Enabled,2021-05-06 06:02:25,,  manager168  
EMP11179,ishani.tak59,Ishani Tak,Customer Support,Administrator,warehouse,vdr-11179,dev50112,Live,2023-08-09 07:08:00,,unknown
EMP11036,SANAYA.CHAUDHURI76,Sanaya Chaudhuri,IT,Engineer,HEAD OFFICE,vdr-11036,,Enabled,,,MANAGER349
EMP12580,lohit.muni84,Lohit Muni,Business Sales,Officer,data center,VDR-12580,DEV-47877,Leave,,,
EMP10168,kamala.chakrabarti17,Kamala Chakrabarti,Customer Support,Manager,REGIONAL OFFICE,VDR-10168,,Active,2020-02-26 15:22:03,,manager284
EMP12582,YASHVI.JAYARAMAN60,Yashvi Jayaraman,Sales,Consultant,,LPT-12582,DEV63947,Enabled,2021-11-21 13:35:29,,  manager565  
EMP12266,leena.sama5,Leena Sama,Purchase,Analyst,,WS-12266,,Working,2022-01-28 23:13:55,,manager882
EMP11954,krishna.mukherjee27,Krishna Mukherjee,Ops Team,Engineer,Work_From_Home,VDR-11954,dev43779,Working,,,manager845
EMP12073,yashvi.biswas33,Yashvi Biswas,Supply Chain,Trainee,,VDR-12073,DEV-25267,ACTIVE,,,  manager968  
EMP12377,omkaar.peri46,Omkaar Peri,Cs,Specialist,Data_Center,LPT-12377,,ACTIVE,2025-05-05 03:24:19,,manager582
EMP10765,fiyaz.narayanan27,Fiyaz Narayanan,Accounts,Consultant,Branch_Office,VDR-10765,DEV24884,A,,,unknown
EMP12190,amrita.bhagat78,Amrita Bhagat,Purch,Engineer,DATA CENTER,VDR-12190,DEV82413,ACTIVE,2025-06-16 23:06:21,,manager873
EMP12166,advika.barman44,Advika Barman,Call Center,Analyst,Warehouse,WS-12166.corp.local,DEV50438,Working,2021-11-16 19:01:00,,manager618
EMP12302,jeremiah.barman92,Jeremiah Barman,Human Resource,Specialist,Warehouse,VDR-12302,DEV59842,Active,2021-09-16 12:37:49,,  manager924  
EMP10219,ira.barad51,Ira Barad,Ops,Consultant,Warehouse,WS-10219,dev28909,Live,2024-04-30 18:55:34,,manager141
EMP10367,abeer.nori99,Abeer Nori,Business Sales,Trainee,REMOTE,WS-10367,dev 44735,Deactivated,,2026-08-09 10:13:37,
EMP12545,odika.gara44,Odika Gara,Rd,Trainee,warehouse,WS-12545,dev 13935,Enabled,2024-03-17 16:51:00,,manager441
EMP10879,  indali.ramakrishnan84  ,Indali Ramakrishnan,Supply Chain,Trainee,Remote,VDR-10879,DEV84600,Active,,,
EMP12347,bahadurjit.zachariah8,Bahadurjit Zachariah,R&D,Analyst,Work From Home,LPT-12347.corp.local,dev12380,A,2023-09-12 05:53:06,,unknown
EMP11323,frederick.shetty55,Frederick Shetty,Support,Executive,HEAD OFFICE,WS-11323.corp.local,DEV-25465,LEFT,,2024-08-02 10:59:48,manager159
EMP11392,qadim.zacharia93,Qadim Zacharia,Compliance,Analyst,head office,VDR-11392,dev81001,Active,2021-04-16 18:34:29,,manager702
EMP10351,rudra.chakraborty67,Rudra Chakraborty,Support,Administrator,,WS-10351,DEV-26637,Active,,,manager220
EMP11053,rajata.sandhu83,Rajata Sandhu,Accounts,Administrator,,,dev99268,Live,2022-07-02 16:35:04,,manager778
EMP11211,gagan.sunder65,Gagan Sunder,Hr,Trainee,REGIONAL OFFICE,WS-11211,dev 64270,Active,2022-12-30 00:00:00,,
EMP11967,geetika.ratti44,Geetika Ratti,Legal,Manager,head office,WS-11967,,Working,2026-03-20 06:58:19,,manager632
EMP12771,garima.sinha95,Garima Sinha,R&D,Director,,VDR-12771,DEV-70816,A,2023-11-02 00:00:00,,manager481
EMP12442,,Darpan Singhal,Procurement,Manager,,ws-12442,,Live,2026-02-07 10:53:48,,manager817
EMP10498,janaki.pathak70,Janaki Pathak,Mkt,Executive,Remote,VDR-10498,dev 94926,Working,2020-02-04 15:25:00,,manager668
EMP11735,dayamai.dora92,Dayamai Dora,It Dept,Administrator,Remote,LPT-11735,,Live,2024-01-07 00:00:00,,manager482
EMP10210,  yahvi.modi57  ,Yahvi Modi,Legal Dept,Trainee,,LPT-10210.corp.local,dev 54589,Active,2022-08-29 03:50:24,,
EMP12487,keya.khanna72,Keya Khanna,Legal,Executive,Remote,VDR-12487,DEV-18204,A,,,  manager413  
EMP12838,samesh.parmer83,Samesh Parmer,Hr Dept,Specialist,branch office,LPT_12838,DEV13346,Enabled,2023-09-05 16:32:00,,  manager322  
EMP10227,OSCAR.DUBEY95,Oscar Dubey,Information Technology,Executive,Warehouse,lpt-10227,dev 83516,ACTIVE,2025-08-19 11:12:33,,manager485
EMP10365,qushi.patla41,Qushi Patla,Legal,Consultant,remote,WS-10365,dev 45645,Active,2021-09-21 19:20:56,,manager888
EMP10965,nisha.walla79,Nisha Walla,Mktg,Officer,DATA CENTER,LPT-10965,dev65982,Working,2025-07-12 13:45:12,,manager430
EMP10276,manthan.bansal82,Manthan Bansal,Purchase,Trainee,Regional_Office,WS-10276,,Working,,,manager117
EMP12299,arunima.dube33,Arunima Dube,Sales,Director,regional office,lpt-12299,,Resigned,2024-09-19 00:00:00,2025-04-14 18:13:29,manager203
EMP11877,osha.mani16,Osha Mani,Supply Chain,Analyst,WORK FROM HOME,VDR-11877,DEV-51558,Active,2024-07-26 15:42:06,,unknown
EMP12670,maanas.tata14,Maanas Tata,Procurement,Executive,warehouse,LPT-12670,DEV31745,A,2020-08-29 13:46:56,,
EMP11103,naksh.khalsa84,Naksh Khalsa,Finance,Director,DATA CENTER,LPT-11103.corp.local,DEV-43315,Working,2025-11-27 18:49:10,,manager308
EMP10407,abha_agrawal9,Abha Agrawal,Human Resource,Director,WAREHOUSE,ws-10407,DEV-82358,A,2022-08-05 03:01:33,,manager994
EMP12044,  daksh.swamy14  ,Daksh Swamy,Ops,Consultant,Branch Office,LPT-12044,DEV38389,Enabled,,,manager319
EMP11124,hamsini.d’alia20,Hamsini D’Alia,Legal,Manager,Data_Center,LPT-11124,dev 30398,Live,2022-02-16 03:23:00,,manager504
EMP12406,aahana.bandi23,Aahana Bandi,Accounts,Executive,data center,WS-12406,DEV-43361,Active,2024-09-28 00:00:00,,manager267
EMP10785,jackson.balasubramanian40,Jackson Balasubramanian,Rd,Officer,HEAD OFFICE,LPT-10785,,Working,2023-07-15 00:00:00,,
EMP12564,rishi.krishna56,Rishi Krishna,Brand Team,Trainee,Head Office,VDR-12564,,A,,,
EMP12627,brijesh.chaudry21,Brijesh Chaudry,Marketing,Engineer,,,DEV-24746,Live,2021-11-21 03:19:01,,manager395
EMP12380,RYAN.ARYA70,Ryan Arya,Customer Support,Consultant,Head Office,LPT-12380,DEV-48879,Resigned,2021-08-14 00:00:00,,unknown
EMP10007,janya.bhatia21,Janya Bhatia,Ops,Consultant,Branch_Office,VDR_10007,DEV44993,A,2025-10-24 17:00:29,,manager723
EMP11244,qasim.bahl54,Qasim Bahl,Human Resources,Manager,Data Center,LPT-11244,DEV88830,ACTIVE,2023-04-04 00:00:00,,manager121
EMP11289,alka.mody73,Alka Mody,Brand Team,Analyst,,WS-11289,dev 26506,Active,2020-01-19 11:52:34,,manager881
EMP10864,nidra.bora32,Nidra Bora,Ops Team,Specialist,REGIONAL OFFICE,VDR-10864,,Live,2023-12-27 18:20:48,,manager431
EMP10415,hredhaan.dave8,Hredhaan Dave,Customer Care,Executive,HEAD OFFICE,WS-10415,DEV-76426,Working,2024-06-16 21:36:48,,
EMP11742,ZANSI.SHA95,Zansi Sha,Business Sales,Consultant,Data_Center,LPT-11742,dev52662,A,2023-03-05 20:54:00,,manager504
EMP11713,gabriel_pal27,Gabriel Pal,R&D,Executive,HEAD OFFICE,WS-11713,DEV39805,A,2025-06-26 04:41:02,,MANAGER124
EMP11691,WARJAS.BEDI21,Warjas Bedi,Mkt,Officer,remote,LPT-11691.corp.local,DEV34896,Active,2026-02-26 13:09:39,,manager545
EMP10199,nathan.sampath88,Nathan Sampath,Ops Team,Consultant,regional office,LPT-10199,DEV82089,A,2022-07-20 22:23:27,,
EMP10283,eshana.sahni88,Eshana Sahni,Brand Team,Officer,Warehouse,VDR-10283,DEV-14312,Active,2022-09-04 01:40:42,,manager312
EMP10231,  gopal.prabhakar93  ,Gopal Prabhakar,Mkt,Administrator,Head Office,VDR-10231,DEV98686,ACTIVE,2023-05-10 18:28:18,,
EMP10718,anamika.radhakrishnan8,Anamika Radhakrishnan,Purchase,Engineer,warehouse,VDR-10718,dev25963,Live,2021-01-07 18:08:31,,manager719
EMP12947,yash.sur34,Yash Sur,Hr,Administrator,,LPT-12947,DEV-13450,ACTIVE,2024-08-28 00:00:00,,manager283
EMP10096,,Lopa Sethi,Marketing Dept,Director,work from home,VDR-10096,DEV-14809,A,2022-09-04 00:00:00,,  manager218  
EMP12826,david.sha41,David Sha,Legal,Director,Head Office,LPT-12826,dev 63528,A,,,
EMP12648,theodore.ratti88,Theodore Ratti,Customer Care,Specialist,Work From Home,LPT-12648,,Working,2023-07-23 01:17:24,,MANAGER435
EMP11474,ishwar.sha2,Ishwar Sha,Operations Dept,Consultant,,,dev 68246,Enabled,,,manager645
EMP10881,  umang.datta23  ,Umang Datta,Sales,Director,head office,LPT-10881,DEV37292,Working,2023-06-04 04:50:16,,manager870
EMP11419,daksha.sabharwal88,Daksha Sabharwal,Hr,Officer,Data Center,vdr-11419,,ACTIVE,2023-02-10 03:36:43,,unknown
EMP12542,karan.bala49,Karan Bala,Business Sales,Analyst,DATA CENTER,LPT-12542,dev 29570,Live,2023-10-25 21:49:45,,manager273
EMP12949,chandresh.samra52,Chandresh Samra,R&D,Executive,Branch Office,VDR-12949,DEV80247,Active,2020-01-03 00:00:00,,  manager873  
EMP12666,harish.sampath8,Harish Sampath,Accounts,Director,Regional_Office,WS-12666,DEV-69318,A,,,unknown
EMP12254,harini.ram37,Harini Ram,Purchase,Engineer,Remote,VDR-12254,dev 11599,Live,2024-12-03 19:44:41,,manager384
EMP11462,tejas.dugar38,Tejas Dugar,Operations,Director,Head_Office,ws-11462,DEV-52550,Active,2020-04-20 15:39:00,,manager465
EMP10104,leena.kalla70,Leena Kalla,Legal Dept,Trainee,Remote,LPT-10104,,Active,2021-12-26 15:40:00,,unknown
EMP12298,siya.bhandari78,Siya Bhandari,Compliance,Executive,,LPT-12298,DEV-26970,D,,,manager250
EMP12872,divya.chakrabarti94,Divya Chakrabarti,Rd,Officer,,WS-12872,dev 53325,Enabled,2024-06-12 02:12:31,,
EMP11725,advik.wagle63,Advik Wagle,R&D,Officer,WAREHOUSE,WS-11725.corp.local,dev 97428,Disabled,2022-02-11 02:52:43,2023-01-10 08:52:56,unknown
EMP12609,gagan.sankar65,Gagan Sankar,Compliance,Analyst,,LPT-12609.corp.local,,ACTIVE,2025-12-11 07:19:39,,manager708
EMP11102,NIDRA.SENGUPTA76,Nidra Sengupta,Ops,Administrator,branch office,VDR-11102,,Enabled,2024-09-04 07:41:03,,manager490
EMP12820,chandran.ganesan24,Chandran Ganesan,Legal,Analyst,Head_Office,VDR-12820,DEV79919,ACTIVE,2021-02-17 08:46:00,,
EMP10807,vidhi.kuruvilla75,Vidhi Kuruvilla,It Support,Officer,branch office,VDR-10807,,On Leave,2021-06-17 16:21:26,,unknown
EMP10226,watika_muni41,Watika Muni,Legal,Executive,Data Center,vdr-10226,,Live,,,
EMP10840,azad.hora31,Azad Hora,Human Resource,Executive,BRANCH OFFICE,LPT-10840,DEV42189,Blocked,2022-08-22 00:00:00,2025-01-08 11:22:19,
EMP12369,chaaya.cherian34,Chaaya Cherian,It Dept,Officer,,VDR-12369,DEV96164,Active,2021-06-16 07:50:21,,manager148
EMP11621,wriddhish.chaudhari31,Wriddhish Chaudhari,Rd,Engineer,Work_From_Home,WS-11621,dev 15451,Enabled,,,
EMP12639,chakrika.shankar97,Chakrika Shankar,Research And Development,Officer,Regional_Office,LPT-12639.corp.local,DEV73065,Working,2020-07-09 03:30:35,,manager598
EMP12528,,Qabil Bose,R&D,Administrator,BRANCH OFFICE,LPT-12528.corp.local,dev94122,OOO,2024-09-13 11:26:31,,
EMP11093,CHAAYA.GOKHALE74,Chaaya Gokhale,Procurement Team,Trainee,REMOTE,VDR-11093,,D,2021-07-16 15:32:00,2025-03-24 23:18:41,manager228
EMP12897,sarthak.kohli12,Sarthak Kohli,Ops Team,Manager,Work From Home,VDR-12897,DEV21839,Active,,,MANAGER897
EMP12783,NITESH.NAIK20,Nitesh Naik,Marketing,Analyst,remote,LPT-12783.corp.local,DEV-50285,Working,2021-01-09 00:00:00,,  manager425  
EMP11763,rachita.baria48,Rachita Baria,Customer Care,Administrator,DATA CENTER,LPT-11763,dev 96017,ACTIVE,,,manager140
EMP12510,mohammed.modi93,Mohammed Modi,Compliance,Analyst,Warehouse,lpt-12510,dev79614,Working,,,
EMP10979,ALKA.SASTRY70,Alka Sastry,Finance,Executive,Data Center,WS-10979,DEV-89079,A,2023-02-19 00:00:00,,unknown
EMP11953,MITALI.BAINS90,Mitali Bains,IT,Consultant,HEAD OFFICE,WS-11953,dev 93765,Enabled,,,manager321
EMP10464,kalpit.mane85,Kalpit Mane,Operations,Trainee,Head_Office,LPT_10464,DEV-96364,A,2022-11-26 13:25:53,,
EMP11940,jairaj.jayaraman47,Jairaj Jayaraman,Brand Team,Executive,Work_From_Home,VDR-11940,DEV-59194,Active,2024-09-12 16:36:58,,manager740
EMP12595,TARA.THAKUR66,Tara Thakur,Legal,Director,REGIONAL OFFICE,WS-12595,dev56017,LEFT,,,
EMP10927,ekta.batra25,Ekta Batra,Operations Dept,Trainee,Head_Office,LPT_10927,DEV65796,Deactivated,2020-11-09 14:25:25,2024-04-23 16:16:28,
EMP11359,gaurika.patla96,Gaurika Patla,Human Resources,Executive,Work From Home,LPT-11359,dev 66547,Enabled,2021-06-02 15:37:00,,
EMP11216,kamya_pandya54,Kamya Pandya,Sales,Engineer,WORK FROM HOME,WS-11216,DEV-82297,Enabled,2021-08-30 14:01:40,,
EMP11032,hiral.kibe29,Hiral Kibe,People Team,Administrator,Regional Office,VDR-11032,DEV-58362,Enabled,2021-11-10 01:04:42,,manager885
EMP12567,sara.borah1,Sara Borah,It Dept,Analyst,head office,,dev 78025,ACTIVE,2022-06-25 06:02:35,,manager512
EMP11936,darsh.mishra10,Darsh Mishra,Fin,Executive,,WS-11936,dev75721,ACTIVE,2020-11-05 22:02:05,,
EMP10212,advaith.agate35,Advaith Agate,Rd,Engineer,Branch_Office,LPT-10212,dev 16632,Active,2023-04-08 12:17:14,,
EMP10012,NETRA.VASA52,Netra Vasa,Operations,Engineer,Branch Office,vdr-10012,DEV74686,ACTIVE,2020-05-26 09:15:05,,
EMP12990,VYANJANA.PRABHU25,Vyanjana Prabhu,Procurement Team,Manager,Data Center,LPT-12990,dev 86687,Terminated,,2025-08-24 00:00:00,manager504
EMP10422,yuvraj.bahl40,Yuvraj Bahl,Brand Team,Director,Data_Center,ws-10422,,Enabled,2023-12-20 23:31:35,,manager633
EMP12436,om.bawa8,Om Bawa,IT,Trainee,data center,VDR-12436,DEV-66648,Active,2023-11-22 01:22:07,,
EMP12366,oscar.lad97,Oscar Lad,Brand Team,Administrator,regional office,LPT-12366.corp.local,dev 50290,ACTIVE,2020-08-14 18:49:18,,unknown
EMP11749,HAMSINI.LALA64,Hamsini Lala,Operations,Consultant,Head Office,WS-11749,DEV-72075,Terminated,2023-04-07 06:52:00,,manager805
EMP11391,gunbir.dubey35,Gunbir Dubey,Hr Dept,Director,Regional_Office,WS-11391,dev27195,DISABLED,2022-04-18 20:33:33,,manager616
EMP12721,advika.pai76,Advika Pai,Procurement,Analyst,Work_From_Home,LPT-12721,DEV-86225,D,2024-01-21 00:00:00,2025-03-03 14:52:15,manager151
EMP11745,yuvraj.mani31,Yuvraj Mani,Legal Dept,Administrator,Work_From_Home,lpt-11745,DEV81036,ACTIVE,2021-08-16 10:28:57,,  manager131  
EMP10741,libni.bhatnagar11,Libni Bhatnagar,It Dept,Analyst,branch office,LPT-10741,DEV-95426,Active,2022-05-31 12:33:00,,manager926
EMP11626,charita_hari90,Charita Hari,It Support,Officer,Work_From_Home,LPT-11626.corp.local,DEV34651,Exited,2022-12-08 04:30:50,,manager684
EMP12358,peter.bumb56,Peter Bumb,Research And Development,Director,remote,VDR_12358,dev 68697,Active,2022-08-19 14:42:00,,
EMP10509,  ishanvi.dugar70  ,Ishanvi Dugar,R&D,Executive,Remote,WS-10509,,Terminated,2025-01-05 19:49:00,,manager613
EMP10644,janani.rajagopalan6,Janani Rajagopalan,Call Center,Director,Warehouse,vdr-10644,dev16461,Live,2023-09-27 15:30:44,,manager411
EMP10597,gaurangi.chaudry25,Gaurangi Chaudry,People Team,Analyst,Warehouse,VDR-10597,,Live,2024-06-21 16:04:56,,manager704
EMP11005,xalak.gill58,Xalak Gill,Call Center,Analyst,Remote,LPT-11005,dev 85695,Left,,,MANAGER929
EMP12015,WARHI.SARRAF16,Warhi Sarraf,R&D,Trainee,,LPT-12015,dev62777,Left,2024-03-22 11:04:08,,manager926
EMP11237,meera.srinivasan63,Meera Srinivasan,Legal,Trainee,,VDR-11237,dev 45608,DISABLED,2025-04-19 00:00:00,2026-02-10 00:00:00,manager680
EMP12725,gunbir.viswanathan52,Gunbir Viswanathan,Support,Manager,remote,vdr-12725,dev 48919,LEFT,2020-09-27 16:43:42,2025-02-21 14:30:00,manager684
EMP10518,liam.ahluwalia43,Liam Ahluwalia,Human Resources,Trainee,REGIONAL OFFICE,WS-10518,dev 72786,Active,2021-05-15 23:23:33,,manager520
EMP12240,UCCHAL.CHOUDHARY33,Ucchal Choudhary,Mkt,Officer,Warehouse,lpt-12240,DEV81717,Enabled,2021-07-03 12:53:09,,manager333
EMP10573,alexander.bumb98,Alexander Bumb,Finance,Consultant,Remote,ws-10573,dev 80136,ACTIVE,,,
EMP11073,rachit.shanker56,Rachit Shanker,It Support,Executive,Remote,WS-11073,dev 46747,Active,,,manager786
EMP12808,zinal_karnik88,Zinal Karnik,Accounts,Executive,Head_Office,WS-12808,dev39607,ACTIVE,2024-01-01 10:21:13,,manager587
EMP12063,  urvi.kala69  ,Urvi Kala,Accounts,Trainee,DATA CENTER,VDR-12063,,Enabled,,,
EMP11316,dalaja.sankar21,Dalaja Sankar,Brand Team,Manager,Warehouse,VDR-11316,,Blocked,2025-03-14 01:54:00,2026-01-18 03:53:59,manager659
EMP11220,pranit.chadha56,Pranit Chadha,Sales,Officer,Data_Center,lpt-11220,dev 90775,Live,2020-06-09 00:00:00,,
EMP11613,KEVIN.AHUJA64,Kevin Ahuja,Human Resource,Executive,Remote,WS-11613,DEV36293,A,2025-07-03 20:36:50,,manager447
EMP10123,raksha.verma87,Raksha Verma,Marketing,Specialist,,VDR-10123.corp.local,,Live,2021-12-27 11:01:29,,manager734
EMP11251,AMRITA.BALAKRISHNAN89,Amrita Balakrishnan,Procurement,Director,,VDR-11251.corp.local,,Exited,,2025-03-25 19:36:58,manager251
EMP10220,,Priya Rajagopalan,It Dept,Executive,REGIONAL OFFICE,WS-10220,dev72094,Active,2021-04-07 17:49:14,,manager627
EMP12994,zansi.dhar14,Zansi Dhar,Finance,Consultant,work from home,VDR-12994,,Working,2026-02-10 00:55:41,,manager716
EMP10358,  anirudh.kapoor37  ,Anirudh Kapoor,Mkt,Consultant,Head Office,VDR-10358,DEV69866,ACTIVE,2021-09-15 11:07:33,,manager903
EMP12218,lakshmi.nigam78,Lakshmi Nigam,Finance,Manager,HEAD OFFICE,VDR-12218,DEV98208,Disabled,2025-06-26 21:16:00,2026-01-30 15:01:00,manager829
EMP12123,chavvi.naidu26,Chavvi Naidu,Rd,Specialist,Data Center,VDR_12123,dev25765,Deactivated,2023-04-02 12:28:55,2026-06-10 00:00:00,manager520
EMP12295,damini.prabhakar11,Damini Prabhakar,Procurement Team,Officer,WORK FROM HOME,WS-12295,DEV57454,Live,2022-07-30 23:59:00,,manager897
EMP10259,hemal.palla8,Hemal Palla,Finance,Officer,Remote,LPT-10259,DEV-85511,Live,2025-01-31 00:00:00,,
EMP12855,YAHVI.SINHA85,Yahvi Sinha,Operations,Director,WORK FROM HOME,WS-12855,DEV63952,Live,2022-05-28 00:00:00,,manager373
EMP12830,JAIRAJ.BEN13,Jairaj Ben,Operations Dept,Director,head office,ws-12830,dev 79017,A,,,manager283
EMP12465,thomas.majumdar70,Thomas Majumdar,Mkt,Director,Data Center,VDR-12465,DEV16787,Working,2024-01-30 20:23:09,,
EMP12906,aishani.dayal71,Aishani Dayal,Sales Dept,Officer,REMOTE,VDR-12906,,Active,2021-09-30 00:58:36,,manager981
EMP11675,jatin.narasimhan80,Jatin Narasimhan,People Team,Executive,,VDR_11675,dev 70393,Enabled,2022-10-25 01:44:23,,unknown
EMP12480,harita.dutta68,Harita Dutta,It Support,Consultant,Remote,,DEV22156,Enabled,2023-11-11 20:44:53,,manager582
EMP11845,rajeshri.shetty52,Rajeshri Shetty,Legal,Engineer,,WS_11845,dev 97327,Working,,,  manager820  
EMP11536,lila.rege10,Lila Rege,Fin,Specialist,Remote,WS-11536,DEV79168,Blocked,2026-04-16 10:01:48,2026-07-09 09:08:00,unknown
EMP12857,edhitha.loyal90,Edhitha Loyal,Purchase,Trainee,regional office,vdr-12857,DEV80999,Live,2025-02-01 09:48:00,,
EMP12397,manan.jayaraman61,Manan Jayaraman,Research And Development,Consultant,Work_From_Home,WS_12397,dev 64253,A,,,
EMP10456,daksh.kari74,Daksh Kari,Supply Chain,Engineer,regional office,WS-10456,,Active,,,  manager543  
EMP10462,  damyanti.barad71  ,Damyanti Barad,Information Technology,Manager,work from home,VDR-10462,DEV91142,Active,2024-04-28 00:00:00,,manager770
EMP12292,keya.johal9,Keya Johal,Procurement,Director,DATA CENTER,LPT-12292,DEV-29770,Live,2021-09-22 18:34:14,,
EMP11788,yadavi.kaur93,Yadavi Kaur,Mktg,Administrator,data center,LPT-11788,DEV40210,Active,2025-02-18 12:14:54,,manager373
EMP11767,harita.kakar82,Harita Kakar,Support,Manager,Branch Office,VDR-11767,DEV-26640,DISABLED,2021-03-27 00:00:00,,
EMP10381,tanveer.sankar50,Tanveer Sankar,Ops,Executive,BRANCH OFFICE,lpt-10381,,Working,2026-12-04 05:06:18,,manager705
EMP11444,nitesh.dugar65,Nitesh Dugar,Hr,Director,DATA CENTER,WS-11444,,A,2020-03-29 17:13:41,,manager270
EMP11187,aarav_chakraborty53,Aarav Chakraborty,Call Center,Manager,Warehouse,LPT-11187,DEV-13104,Working,2023-04-02 04:18:57,,manager989
EMP12607,alka.ranganathan93,Alka Ranganathan,Finance,Engineer,WORK FROM HOME,,DEV25527,A,2020-06-07 07:40:54,,manager861
EMP12357,  vasana.singhal7  ,Vasana Singhal,It Dept,Executive,Data Center,VDR-12357,dev70852,ACTIVE,2022-08-18 14:38:00,,  manager880  
EMP11842,harita.parekh10,Harita Parekh,Purchase,Administrator,BRANCH OFFICE,LPT-11842,DEV70599,Live,,,MANAGER894
EMP11554,charles.shah45,Charles Shah,Sales Dept,Manager,data center,LPT-11554,dev 24733,LWP,,,
EMP10059,warjas.sachar28,Warjas Sachar,Human Resources,Director,DATA CENTER,ws-10059,dev 81121,ACTIVE,,,manager530
EMP11608,  ati.chana43  ,Ati Chana,Sales,Specialist,Work_From_Home,VDR-11608,DEV-63364,Working,2024-08-03 12:25:57,,
EMP12638,rachana.tank4,Rachana Tank,R&D,Engineer,,VDR-12638,DEV70797,A,2023-04-08 21:33:00,,unknown
EMP11364,vrinda.ratta87,Vrinda Ratta,R&D,Director,REMOTE,WS-11364,DEV-33163,ACTIVE,2025-01-01 02:29:19,,manager891
EMP11505,caleb.khurana94,Caleb Khurana,Hr Dept,Engineer,Remote,WS-11505,DEV70204,ACTIVE,2025-06-07 04:11:00,,
EMP12876,  faqid.gaba42  ,Faqid Gaba,Hr Dept,Executive,BRANCH OFFICE,WS_12876,dev 49654,Active,,,manager726
EMP12359,rachana.sibal12,Rachana Sibal,Legal,Engineer,Data Center,WS-12359,dev65919,A,2020-04-14 22:25:32,,manager438
EMP12928,waida.raju48,Waida Raju,Hr,Officer,Remote,VDR-12928,dev43330,ACTIVE,,,manager498
EMP11480,,Indali Saraf,Mktg,Executive,Work_From_Home,LPT-11480,DEV62575,Live,,,
EMP10542,jhalak.toor65,Jhalak Toor,Marketing Dept,Consultant,head office,VDR-10542,dev 43776,L,,2025-10-31 01:00:00,
EMP11133,BRIJESH.HEGDE76,Brijesh Hegde,Finance,Engineer,Head Office,,DEV62596,Working,,,
EMP11764,charles.subramaniam30,Charles Subramaniam,Sales,Executive,remote,LPT-11764,DEV-61211,Working,2020-07-05 09:28:00,,manager112
EMP12610,VASUDHA.RAJ58,Vasudha Raj,Cs,Specialist,Warehouse,VDR-12610,,Live,,,MANAGER113
EMP11880,yashvi.din95,Yashvi Din,Mkt,Director,Head Office,LPT-11880,DEV47375,Enabled,2026-01-20 11:40:41,,  manager240  
EMP10845,abeer.kashyap41,Abeer Kashyap,Operations,Specialist,Regional Office,WS-10845,dev40924,Terminated,,,manager381
EMP12494,dayita.bhatia69,Dayita Bhatia,Sales,Consultant,Branch_Office,LPT-12494,DEV-21139,ACTIVE,2023-06-26 13:53:47,,manager397
EMP12655,agastya.sarraf35,Agastya Sarraf,Customer Support,Director,Warehouse,VDR-12655,DEV40499,Working,2021-06-29 22:44:18,,
EMP11475,aarush_din90,Aarush Din,Finance,Director,Remote,WS-11475,dev 14229,Enabled,2024-11-10 00:12:23,,unknown
EMP11839,OWEN.RAU90,Owen Rau,Finance,Analyst,Head_Office,WS-11839,,ACTIVE,,,
EMP12980,girik_pingle83,Girik Pingle,Innovation,Director,BRANCH OFFICE,VDR-12980,DEV-91958,Active,2021-11-28 19:48:13,,manager317
EMP11801,ekiya.jaggi5,Ekiya Jaggi,Legal,Consultant,Head Office,LPT-11801,DEV-21792,Live,2021-05-08 05:31:54,,manager812
EMP11766,indali.pandey62,Indali Pandey,Sales,Engineer,Regional_Office,WS_11766,,A,,,MANAGER666
EMP12493,ojasvi.vohra89,Ojasvi Vohra,IT,Manager,Head Office,VDR-12493,dev 88063,ACTIVE,2024-01-30 00:00:00,,manager117
EMP11786,garima.arora7,Garima Arora,IT,Manager,REMOTE,LPT_11786,dev 81891,Live,2021-01-30 21:16:00,,
EMP11018,  edhitha.saini50  ,Edhitha Saini,Finance,Specialist,HEAD OFFICE,WS-11018,DEV-15723,A,,,manager743
EMP10435,triveni.palla12,Triveni Palla,Finance,Specialist,Data_Center,vdr-10435,DEV66283,Live,,,manager138
EMP11114,  anamika.iyengar53  ,Anamika Iyengar,Operations,Manager,Regional_Office,LPT_11114,dev20052,Active,2020-10-17 21:49:41,,  manager158  
EMP10237,naksh.anand12,Naksh Anand,Procurement,Engineer,warehouse,vdr-10237,dev14888,Terminated,,2022-12-26 01:31:53,
EMP11075,gopal.uppal74,Gopal Uppal,Purchase,Manager,Regional Office,WS-11075,dev59415,Terminated,,,manager903
EMP10109,warda.raju69,Warda Raju,Legal,Consultant,Regional_Office,VDR-10109,DEV73956,LEFT,2020-04-21 12:49:00,2022-04-20 00:00:00,manager394
EMP12119,niharika.bal84,Niharika Bal,Marketing Dept,Specialist,,VDR-12119,dev 82356,A,,,MANAGER816
EMP10163,ojasvi.bansal8,Ojasvi Bansal,R&D,Manager,Work From Home,ws-10163,,Working,2021-06-20 02:55:30,,MANAGER824
EMP10288,jyoti_guha56,Jyoti Guha,Finance,Specialist,REGIONAL OFFICE,WS-10288,DEV21232,Enabled,2022-07-06 17:05:25,,unknown
EMP10252,darsh.bal9,Darsh Bal,R&D,Analyst,remote,,DEV-33590,Enabled,,,manager846
EMP12588,,Raksha Gokhale,Business Sales,Executive,Warehouse,vdr-12588,,Working,2022-12-26 00:00:00,,
EMP12350,chatura.chowdhury52,Chatura Chowdhury,IT,Specialist,Warehouse,WS-12350,DEV38261,Active,,,manager595
EMP10767,pallavi.kunda48,Pallavi Kunda,Operations,Trainee,Data Center,VDR-10767,DEV79033,D,2023-12-31 00:00:00,2026-04-07 12:14:56,
EMP10787,lipika.kumer68,Lipika Kumer,Operations,Manager,,ws-10787,DEV21593,Enabled,,,
EMP11378,chasmum.sachdeva79,Chasmum Sachdeva,Compliance,Specialist,,VDR_11378,DEV55705,Active,2025-08-03 01:04:07,,unknown
EMP11027,ABHA.MANDA57,Abha Manda,IT,Specialist,Head Office,lpt-11027,DEV59465,Enabled,2022-02-14 18:57:00,,MANAGER344
EMP11037,abdul.baral80,Abdul Baral,People Team,Analyst,Branch_Office,WS-11037,DEV-75369,A,,,manager757
EMP10869,krishna.chaudry17,Krishna Chaudry,Human Resource,Consultant,REGIONAL OFFICE,VDR-10869,DEV66744,Active,2020-12-29 00:22:31,,manager230
EMP12957,liam.saran13,Liam Saran,IT,Specialist,Regional_Office,ws-12957,,Enabled,2023-08-07 23:24:00,,manager438
EMP12405,netra.madan80,Netra Madan,Marketing,Consultant,Branch_Office,VDR-12405,DEV51725,A,2026-07-02 15:41:18,,MANAGER204
EMP11980,eta.saran85,Eta Saran,Mkt,Officer,Regional Office,VDR-11980,,Working,,,MANAGER974
EMP12159,mitesh_chaudhry88,Mitesh Chaudhry,R&D,Consultant,Branch_Office,VDR-12159,dev 60002,Exited,,2020-12-22 21:29:02,MANAGER532
EMP12801,ishwar.bose49,Ishwar Bose,Mkt,Director,Regional_Office,VDR-12801,DEV-37085,Left,,2026-07-12 07:30:08,  manager304  
EMP12908,yahvi.mangal15,Yahvi Mangal,Supply Chain,Analyst,regional office,,,Active,2024-08-25 22:03:50,,
EMP12053,joshua.setty16,Joshua Setty,Human Resources,Director,remote,LPT-12053.corp.local,DEV27842,LEFT,2020-01-20 00:00:00,,manager920
EMP12472,qadim.lalla39,Qadim Lalla,Customer Support,Administrator,REGIONAL OFFICE,ws-12472,DEV-58806,Live,2025-02-09 13:34:22,,manager274
EMP10461,nidra.mahal64,Nidra Mahal,Research And Development,Consultant,head office,,DEV95638,Live,2023-06-07 10:38:28,,manager670
EMP10911,unnati.krishnan27,Unnati Krishnan,Ops,Executive,Regional_Office,WS-10911,dev 67870,Active,2024-03-28 00:00:00,,manager201
EMP12772,gauri.sabharwal56,Gauri Sabharwal,IT,Administrator,Head Office,lpt-12772,dev43398,Active,2020-05-31 18:56:00,,manager987
EMP10157,raghav.dutt31,Raghav Dutt,Human Resource,Executive,remote,LPT_10157,dev 32740,Active,2026-06-19 21:45:00,,unknown
EMP10930,,Janani Dasgupta,Legal,Executive,Branch Office,vdr-10930,,Working,2023-11-23 01:32:25,,
EMP12138,anita.varughese46,Anita Varughese,Sales Dept,Manager,Remote,LPT-12138,DEV-86149,Enabled,2023-01-06 17:38:00,,manager606
EMP12164,ekansh.mangal49,Ekansh Mangal,Marketing Dept,Officer,Warehouse,ws-12164,dev 66536,ACTIVE,2020-06-04 00:00:00,,manager546
EMP10677,aashi.nadig72,Aashi Nadig,Call Center,Manager,Branch_Office,VDR-10677,,Working,2022-04-22 00:00:00,,manager821
EMP12827,OSCAR.CHHABRA40,Oscar Chhabra,Customer Care,Director,HEAD OFFICE,WS-12827,dev11374,A,,,manager531
EMP11255,yochana.choudhary64,Yochana Choudhary,IT,Engineer,head office,VDR-11255.corp.local,DEV38329,Active,2023-04-11 00:00:00,,manager207
EMP10238,sanya_narang5,Sanya Narang,Legal,Trainee,,vdr-10238,dev47941,L,2020-01-29 19:00:36,2025-03-16 13:45:56,manager443
EMP11052,lajita.dhingra55,Lajita Dhingra,Sales Dept,Engineer,data center,LPT-11052.corp.local,,Working,2025-10-02 13:56:55,,
EMP11532,anmol.dugar63,Anmol Dugar,IT,Officer,head office,VDR_11532,DEV58952,Active,2023-09-20 00:00:00,,
EMP10243,fariq_atwal39,Fariq Atwal,Procurement,Specialist,Head_Office,WS-10243,,Working,,,  manager221  
EMP10100,turvi.nigam12,Turvi Nigam,Sales,Manager,data center,LPT-10100,DEV94896,DISABLED,2024-03-28 09:34:00,,manager822
EMP10315,girindra.pathak40,Girindra Pathak,Hr Dept,Executive,remote,VDR-10315,dev 28528,ACTIVE,2023-07-23 10:10:04,,manager688
EMP12409,omya.mukherjee26,Omya Mukherjee,Sales Dept,Administrator,Remote,WS-12409,dev68041,L,,2024-07-26 16:04:00,manager713
EMP12513,chakradev.chakraborty45,Chakradev Chakraborty,Call Center,Specialist,data center,VDR-12513.corp.local,DEV-42157,Live,2022-01-21 20:25:01,,
EMP11041,sara.raj57,Sara Raj,IT,Manager,,WS-11041,dev19173,ON_LEAVE,2020-06-10 21:22:08,,manager244
EMP11064,yadavi_seshadri1,Yadavi Seshadri,Compliance,Specialist,,ws-11064,DEV73691,Live,2022-11-13 02:46:32,,manager444
EMP10261,pavani.atwal76,Pavani Atwal,Fin,Director,Warehouse,ws-10261,DEV-16145,ON_LEAVE,2025-06-21 00:00:00,,manager904
EMP11655,gautam.sama21,Gautam Sama,Legal,Officer,Data_Center,LPT-11655,DEV-68062,Enabled,,,manager783
EMP12966,veer.lal49,Veer Lal,Finance,Analyst,head office,VDR-12966,,A,2020-08-22 15:36:02,,MANAGER312
EMP10195,tanay.karnik5,Tanay Karnik,Supply Chain,Executive,Regional_Office,WS-10195,DEV58623,A,,,manager240
EMP11941,yatan.chander61,Yatan Chander,IT,Director,Branch Office,LPT-11941,,Enabled,,,manager732
EMP11078,  dayita.apte69  ,Dayita Apte,Sales Dept,Director,data center,WS-11078,dev57844,DISABLED,2021-01-27 00:00:00,2026-03-11 14:01:18,manager209
EMP11847,vinaya.lal10,Vinaya Lal,Marketing Dept,Consultant,REGIONAL OFFICE,WS-11847,DEV-85926,Live,2024-02-05 06:27:27,,  manager225  
EMP10179,ridhi.kadakia61,Ridhi Kadakia,Finance,Trainee,DATA CENTER,VDR-10179,dev10688,Terminated,,2021-06-07 00:00:00,manager844
EMP11412,  praneel.panchal28  ,Praneel Panchal,Marketing Dept,Executive,REMOTE,vdr-11412,dev23411,ACTIVE,2024-06-10 18:50:17,,manager884
EMP10842,  mason.garg83  ,Mason Garg,It Support,Trainee,work from home,LPT-10842.corp.local,DEV17251,Deactivated,2020-09-17 18:14:25,2023-04-01 13:10:00,
EMP12389,ryan.borah18,Ryan Borah,Ops Team,Director,warehouse,LPT-12389,,Live,2020-01-31 22:43:58,,MANAGER324
EMP11510,yashoda.kapur75,Yashoda Kapur,R&D,Trainee,Head Office,VDR_11510,dev 16695,Working,,,  manager589  
EMP11995,  dhriti.sami98  ,Dhriti Sami,Compliance,Officer,Branch_Office,LPT-11995,dev20644,Active,2025-03-16 00:00:00,,manager943
EMP10340,prisha.venkataraman28,Prisha Venkataraman,Fin,Director,Warehouse,VDR-10340,dev67984,Disabled,,,
EMP11134,GANGA.YOGI55,Ganga Yogi,It Dept,Specialist,Branch_Office,LPT-11134,dev16678,Working,,,manager748
EMP12364,RIA.YADAV87,Ria Yadav,Sales,Director,Remote,LPT-12364,dev20271,D,2025-03-22 00:00:00,2026-05-04 00:00:00,manager673
EMP10748,faqid.kuruvilla95,Faqid Kuruvilla,IT,Officer,Branch Office,LPT-10748,dev13809,Enabled,2020-12-26 14:26:24,,manager340
EMP12936,  orinder.karpe99  ,Orinder Karpe,It Support,Executive,Data Center,VDR-12936,DEV-55597,OOO,2026-05-16 00:00:00,,MANAGER843
EMP10662,watika.sant81,Watika Sant,Human Resource,Engineer,WORK FROM HOME,,dev64346,ACTIVE,2022-11-03 01:21:16,,manager925
EMP10480,kamya.taneja57,Kamya Taneja,Sales,Consultant,Work From Home,vdr-10480,,Enabled,2021-02-09 09:47:47,,unknown
EMP10803,  aarna.menon15  ,Aarna Menon,Human Resources,Analyst,work from home,WS-10803,dev66524,Enabled,2020-11-30 23:26:48,,manager775
EMP12204,upasna_batra71,Upasna Batra,Finance,Engineer,Remote,WS-12204,dev 63564,Resigned,2025-01-03 00:46:20,2026-06-12 07:34:00,
EMP10998,lopa.sarin4,Lopa Sarin,Finance,Trainee,,WS-10998,dev 94587,Working,2020-09-13 01:34:11,,manager613
EMP11431,diya.dutt12,Diya Dutt,Procurement,Trainee,HEAD OFFICE,LPT-11431,DEV21870,Live,2020-09-25 11:46:00,,  manager705  
EMP12509,zarna.pall69,Zarna Pall,Accounts,Specialist,Data_Center,WS-12509,dev 27616,Active,2022-09-06 00:00:00,,manager349
EMP10549,inaya.garg98,Inaya Garg,Support,Analyst,Work From Home,WS-10549,dev 58653,ACTIVE,2024-03-09 15:33:32,,
EMP11210,warda.bora45,Warda Bora,Sales,Engineer,regional office,VDR-11210,DEV-11883,Working,2023-02-04 00:00:00,,manager414
EMP10783,bahadurjit.ramaswamy51,Bahadurjit Ramaswamy,Sales Dept,Trainee,REMOTE,VDR-10783,DEV-89308,A,,,unknown
EMP12791,rehaan.kothari61,Rehaan Kothari,Information Technology,Officer,,ws-12791,DEV21773,Enabled,,,
EMP12007,rajata.sem34,Rajata Sem,Purchase,Analyst,regional office,LPT_12007,dev85865,A,2021-03-13 14:37:17,,unknown
EMP10742,bhanumati.tella99,Bhanumati Tella,Innovation,Executive,,LPT-10742.corp.local,DEV-93863,A,2023-10-31 00:00:00,,manager278
EMP12488,jhalak.ben53,Jhalak Ben,Operations,Engineer,,VDR-12488,DEV39678,Working,,,manager624
EMP12733,nilima.basak27,Nilima Basak,Purch,Director,BRANCH OFFICE,WS-12733,dev 99094,D,2025-12-03 13:31:37,,
EMP12910,noah.ray4,Noah Ray,Rd,Analyst,,ws-12910,DEV88117,Live,2021-01-02 22:09:42,,MANAGER700
EMP11642,samesh_tandon65,Samesh Tandon,People Team,Engineer,BRANCH OFFICE,VDR_11642,DEV-35472,A,2026-02-18 15:09:33,,manager992
EMP12033,jason.lanka36,Jason Lanka,Support,Executive,Work_From_Home,vdr-12033,DEV-54909,Deactivated,2022-04-13 15:34:17,2025-08-17 04:42:08,manager503
EMP11239,benjamin.bhatia78,Benjamin Bhatia,Call Center,Consultant,Data_Center,,dev 25027,Active,,,manager290
EMP12208,sarthak_zacharia39,Sarthak Zacharia,Hr Dept,Manager,REGIONAL OFFICE,lpt-12208,dev46987,Working,,,manager202
EMP12967,zilmil.sankaran33,Zilmil Sankaran,Cs,Administrator,,lpt-12967,dev 85481,A,2021-12-08 19:51:00,,manager472
EMP10247,aadhya.shan11,Aadhya Shan,Support,Trainee,WAREHOUSE,VDR-10247.corp.local,DEV-57419,ACTIVE,2024-10-18 19:28:08,,manager948
EMP10871,,Aahana Chaudhary,Ops Team,Director,Branch Office,,DEV74392,Active,2021-04-14 23:07:01,,  manager773  
EMP10952,januja.yadav88,Januja Yadav,Legal Dept,Consultant,WORK FROM HOME,VDR-10952.corp.local,dev 37886,Enabled,2024-05-04 12:50:42,,manager265
EMP12262,damyanti_lal3,Damyanti Lal,IT,Director,,ws-12262,DEV-59411,Live,2021-03-05 07:51:26,,MANAGER108
EMP12803,,Yuvraj Sachar,Legal Dept,Trainee,HEAD OFFICE,VDR-12803,,Live,2020-05-12 05:30:44,,  manager142  
EMP10626,  sara.bhattacharyya47  ,Sara Bhattacharyya,Human Resource,Analyst,Remote,VDR-10626,dev 60662,Live,2023-03-28 19:08:21,,manager826
EMP10347,jacob.chadha82,Jacob Chadha,Support,Officer,,LPT-10347,dev46368,Active,2020-02-09 12:16:28,,manager308
EMP10278,david.lad68,David Lad,Finance,Engineer,Branch Office,VDR-10278.corp.local,,ACTIVE,2023-01-06 05:02:00,,manager506
EMP12689,,Chameli Deol,Human Resources,Officer,Warehouse,,dev 43341,Enabled,2025-09-29 00:00:00,,manager652
EMP10655,eshana.bala7,Eshana Bala,Human Resource,Director,,LPT-10655,dev 98092,Enabled,2025-08-15 10:06:38,,manager709
EMP11298,harrison.varughese13,Harrison Varughese,Procurement,Trainee,remote,VDR-11298,DEV-46068,ACTIVE,,,
EMP10962,aarav.sankaran82,Aarav Sankaran,Legal,Manager,work from home,WS-10962,DEV-84593,Active,2021-06-13 00:00:00,,manager775
EMP12706,  inaya.rastogi36  ,Inaya Rastogi,Legal,Manager,REGIONAL OFFICE,VDR-12706,DEV64786,Deactivated,2020-06-19 13:06:40,2024-04-03 22:08:32,unknown
EMP12667,ansh.bose59,Ansh Bose,Fin,Officer,Regional_Office,WS-12667,DEV56648,ON_LEAVE,2025-01-01 04:49:00,,manager738
EMP11091,  nathaniel.wadhwa89  ,Nathaniel Wadhwa,Human Resources,Trainee,work from home,vdr-11091,,Working,2025-07-22 09:47:00,,manager111
EMP11820,lipika.ramaswamy9,Lipika Ramaswamy,Ops,Consultant,BRANCH OFFICE,WS-11820,,Enabled,2020-11-10 00:00:00,,manager828
EMP10632,dayita.malhotra55,Dayita Malhotra,Brand Team,Specialist,REMOTE,WS-10632,dev 81071,Live,,,manager654
EMP11178,mason.goyal5,Mason Goyal,Purchase,Executive,,LPT-11178,DEV-11424,Live,2023-08-09 00:00:00,,manager996
EMP10445,charvi.mann64,Charvi Mann,Sales Dept,Specialist,Branch_Office,ws-10445,DEV78569,ON_LEAVE,2023-01-17 00:35:10,,MANAGER402
EMP10617,gaurav.rajagopal62,Gaurav Rajagopal,Customer Support,Engineer,data center,WS-10617,,ACTIVE,2024-10-09 11:41:23,,manager853
EMP11915,jasmit.panchal36,Jasmit Panchal,IT,Director,REGIONAL OFFICE,WS-11915,dev 56779,Live,2024-09-24 00:00:00,,manager127
EMP12922,brijesh.karpe81,Brijesh Karpe,Mkt,Consultant,Data_Center,VDR-12922,DEV48262,Working,2024-01-09 15:34:00,,manager400
EMP12792,hemal.anne22,Hemal Anne,Cs,Specialist,remote,,dev45125,Live,2021-08-21 08:13:40,,
EMP11207,DHRITI.CHOUDHARY42,Dhriti Choudhary,Operations Dept,Analyst,,WS-11207,dev 29331,Working,2022-09-10 00:00:00,,manager790
EMP12014,YADAVI.KARAN30,Yadavi Karan,Procurement,Trainee,regional office,LPT-12014,DEV74595,D,,,MANAGER797
EMP10844,saksham.vohra67,Saksham Vohra,Supply Chain,Officer,Remote,WS-10844.corp.local,DEV-21829,Active,,,
EMP12631,shivani.madan32,Shivani Madan,Sales,Specialist,Work_From_Home,WS-12631,,A,2020-10-08 20:13:00,,manager433
EMP10547,tristan.mukherjee88,Tristan Mukherjee,Business Sales,Trainee,Regional_Office,,dev 40783,Enabled,2022-04-04 14:03:33,,
EMP11889,atharv.shukla79,Atharv Shukla,Legal Dept,Engineer,work from home,VDR-11889,dev48365,Working,2023-06-10 19:14:29,,
EMP10942,,Udarsh Chokshi,R&D,Manager,WORK FROM HOME,VDR-10942,dev 89541,Live,2025-01-03 15:02:48,,manager982
EMP11011,adya.divan78,Adya Divan,Research And Development,Analyst,BRANCH OFFICE,LPT-11011,DEV19108,Resigned,2023-04-13 22:21:03,,manager636
EMP10263,tanish.issac29,Tanish Issac,Brand Team,Executive,work from home,,DEV-17552,Enabled,2023-07-18 01:04:38,,MANAGER237
EMP11393,rishi.iyengar51,Rishi Iyengar,Sales,Specialist,work from home,WS-11393,dev52431,ACTIVE,2026-04-28 22:08:14,,manager380
EMP11933,balendra.madan83,Balendra Madan,Operations Dept,Analyst,work from home,VDR-11933,dev89281,Live,2021-04-10 00:00:00,,
EMP10353,lajita.rao81,Lajita Rao,People Team,Trainee,DATA CENTER,VDR-10353,DEV57202,Enabled,2024-10-27 06:05:36,,manager261
EMP12923,,Lohit Kulkarni,Sales,Director,Regional_Office,WS-12923,DEV-49080,DISABLED,,2021-09-16 19:33:57,  manager591  
EMP10208,liam.agate34,Liam Agate,Sales Dept,Specialist,data center,VDR-10208,,A,,,manager757
EMP10613,pavani.bansal82,Pavani Bansal,Legal,Analyst,Remote,,dev 15397,Active,2024-10-21 00:00:00,,manager614
EMP11710,  advaith.barman92  ,Advaith Barman,Fin,Trainee,HEAD OFFICE,LPT-11710,dev 28338,A,2024-12-06 05:20:44,,manager830
EMP11780,  radha.gour60  ,Radha Gour,Procurement,Officer,,,DEV48202,Enabled,2021-01-10 04:37:33,,manager748
EMP11844,anamika.ben86,Anamika Ben,Accounts,Trainee,WORK FROM HOME,WS-11844,dev57022,ON_LEAVE,2022-08-09 22:44:51,,manager822
EMP11572,peter.chowdhury40,Peter Chowdhury,Sales,Specialist,Warehouse,LPT-11572,,A,2021-03-11 21:46:00,,manager942
EMP12702,SAMUEL.DUBEY7,Samuel Dubey,Supply Chain,Consultant,data center,LPT-12702,,Active,2022-06-04 00:00:00,,manager119
EMP12113,akshay.dugal56,Akshay Dugal,Accounts,Consultant,,VDR-12113,DEV98652,Enabled,,,manager710
EMP12307,saksham.rege93,Saksham Rege,Brand Team,Consultant,,WS-12307,DEV41447,Working,,,manager977
EMP10057,nimrat.nair32,Nimrat Nair,Mktg,Officer,Data_Center,vdr-10057,DEV-41358,Enabled,2020-08-28 17:34:00,,manager340
EMP12312,RANBIR.KUMAR36,Ranbir Kumar,Accounts,Engineer,Remote,vdr-12312,DEV87136,Leave,,,manager225
EMP10811,diya.ratta6,Diya Ratta,Human Resource,Consultant,,LPT_10811,dev60434,A,2025-02-08 08:17:11,,manager803
EMP12260,patrick.salvi50,Patrick Salvi,R&D,Trainee,REMOTE,LPT-12260,DEV-41671,Leave,2024-04-05 09:49:33,,manager796
EMP10561,RAGHAV.NANDA23,Raghav Nanda,Marketing Dept,Consultant,Remote,VDR_10561,,Live,2026-04-07 07:22:00,,manager180
EMP12112,,Forum Palla,Marketing,Engineer,Work From Home,WS-12112,dev 32935,Active,2021-02-09 16:05:53,,manager678
EMP10229,bhavna.dass88,Bhavna Dass,Brand Team,Specialist,,,dev 42311,Live,2022-07-16 09:42:39,,manager404
EMP12586,sai.mitra8,Sai Mitra,Innovation,Specialist,branch office,LPT-12586,dev17258,Live,2023-06-22 20:24:01,,MANAGER187
EMP11833,janya.wagle29,Janya Wagle,Sales,Trainee,BRANCH OFFICE,lpt-11833,dev 81068,Live,2023-07-06 00:00:00,,manager529
EMP11080,pavani.rout64,Pavani Rout,Rd,Executive,Warehouse,ws-11080,dev 29119,A,2025-12-24 00:00:00,,manager427
EMP10538,indali.dora66,Indali Dora,Customer Support,Engineer,,LPT-10538,dev98345,ACTIVE,2022-01-13 08:16:00,,manager261
EMP11320,QASIM.MUNSHI11,Qasim Munshi,Customer Care,Trainee,,WS-11320,,Active,2024-03-22 20:56:06,,manager765
EMP11674,sudiksha.shenoy74,Sudiksha Shenoy,Business Sales,Manager,Work_From_Home,LPT-11674,DEV-11264,Live,2026-07-04 05:40:59,,
EMP11110,  meera.banik95  ,Meera Banik,Customer Support,Officer,Warehouse,WS-11110.corp.local,dev 72503,ACTIVE,2022-03-15 20:59:27,,manager625
EMP11128,PRATYUSH.DESHPANDE35,Pratyush Deshpande,Hr Dept,Director,,VDR-11128,dev74955,DISABLED,2026-01-28 07:37:53,2026-02-07 14:44:45,  manager859  
EMP10707,raksha.mahal36,Raksha Mahal,Marketing Dept,Executive,,WS_10707,,DISABLED,2020-02-14 03:03:10,2025-04-04 03:15:00,manager705
EMP10424,eesha.basu78,Eesha Basu,Brand Team,Administrator,regional office,LPT_10424,dev73142,Active,2022-05-09 00:05:00,,  manager982  
EMP10069,brijesh.arora88,Brijesh Arora,Procurement,Manager,WORK FROM HOME,VDR-10069,dev 15383,Working,,,
EMP12817,suhani.dhar2,Suhani Dhar,Purchase,Officer,,LPT-12817,DEV11435,Deactivated,2024-12-27 15:10:23,2025-03-29 11:48:14,unknown
EMP12059,qushi.sandhu96,Qushi Sandhu,It Support,Executive,REMOTE,VDR-12059.corp.local,,Exited,2022-06-13 12:22:00,2026-07-11 18:58:56,MANAGER323
EMP10647,vedant.kumer4,Vedant Kumer,Finance,Trainee,Warehouse,VDR-10647,DEV-36467,L,2020-10-07 04:16:59,2026-08-26 06:28:00,manager828
EMP12975,warjas.barman48,Warjas Barman,Sales,Officer,head office,vdr-12975,dev 64598,A,2020-11-22 22:14:53,,manager901
EMP12051,warda.dey18,Warda Dey,R&D,Consultant,Warehouse,WS-12051,,Live,2025-05-18 02:11:00,,MANAGER702
EMP12382,girik.shere27,Girik Shere,People Team,Analyst,Remote,LPT-12382,DEV-96938,Working,2024-12-05 06:35:35,,manager859
EMP11743,,Warhi Dugar,Legal,Engineer,Warehouse,WS_11743,DEV-63477,Active,2020-11-26 15:44:40,,manager759
EMP12683,meghana.grewal81,Meghana Grewal,Legal,Administrator,Data_Center,LPT-12683,dev28594,Working,,,manager559
EMP11453,aadi.sharma83,Aadi Sharma,Sales,Executive,,LPT-11453,,ACTIVE,2023-09-14 17:49:00,,manager493
EMP12519,chaaya.mody33,Chaaya Mody,Marketing,Manager,Work_From_Home,vdr-12519,DEV-99516,Active,2020-04-18 14:56:58,,
EMP10620,udyati.basu22,Udyati Basu,Ops Team,Specialist,WORK FROM HOME,WS_10620,dev91681,Live,2020-05-19 10:18:45,,
EMP12682,YUVRAJ.TALWAR62,Yuvraj Talwar,Ops,Engineer,regional office,WS-12682.corp.local,dev26791,Terminated,2022-05-01 12:06:00,2023-08-14 02:16:20,manager620
EMP11407,zashil.menon96,Zashil Menon,Finance,Executive,Warehouse,VDR-11407,DEV72111,Working,2023-07-17 09:47:00,,manager581
EMP11977,rudra.gokhale89,Rudra Gokhale,IT,Specialist,work from home,lpt-11977,dev76505,ACTIVE,2024-10-19 17:19:14,,  manager166  
EMP11105,neel.soman20,Neel Soman,Operations Dept,Director,DATA CENTER,LPT-11105,,Live,2022-04-19 05:59:00,,manager212
EMP11618,,Hemangini Sathe,IT,Specialist,head office,VDR-11618,dev25765,DISABLED,2022-08-26 07:27:09,,manager799
EMP11580,hemangini.goda47,Hemangini Goda,Sales,Trainee,work from home,VDR-11580,DEV66685,Active,2025-06-05 09:11:42,,manager888
EMP12321,bhavani.khare8,Bhavani Khare,IT,Consultant,WORK FROM HOME,lpt-12321,dev67583,LEFT,2020-07-14 08:48:00,,manager631
EMP12746,neha.pal10,Neha Pal,R&D,Officer,Head_Office,,DEV71797,Active,2020-01-18 08:06:13,,manager485
EMP12320,warinder.pai74,Warinder Pai,Legal Dept,Director,regional office,ws-12320,DEV63311,Live,,,manager385
EMP10279,rayaan.kari11,Rayaan Kari,Operations,Director,,VDR_10279,dev 41877,On Leave,2021-12-02 00:00:00,,manager947
EMP12250,jyoti.rajagopal11,Jyoti Rajagopal,Operations,Manager,REMOTE,LPT-12250.corp.local,DEV-33998,LEFT,2022-12-14 04:01:00,,manager802
EMP12242,adya_deep36,Adya Deep,Information Technology,Director,,WS-12242,DEV91248,Live,2020-09-05 00:00:00,,manager506
EMP11606,manya.kale19,Manya Kale,People Team,Consultant,HEAD OFFICE,VDR-11606,,ACTIVE,2026-03-11 01:45:22,,manager712
EMP10166,omkaar.balan50,Omkaar Balan,Mktg,Administrator,REGIONAL OFFICE,,DEV-88997,L,,2025-08-28 00:00:00,manager458
EMP11242,reva.cherian68,Reva Cherian,Sales,Manager,warehouse,WS-11242,,Terminated,2025-09-16 19:06:33,2026-08-29 11:20:00,  manager798  
EMP11756,  zaid.goel6  ,Zaid Goel,Marketing,Specialist,remote,WS-11756,DEV24375,Live,2020-08-26 16:09:47,,manager597
EMP10553,nirja.kar42,Nirja Kar,Ops,Specialist,work from home,WS_10553,DEV34530,A,2022-06-01 18:22:37,,manager727
EMP10834,warda_rege61,Warda Rege,Compliance,Engineer,,LPT-10834,DEV-95398,Deactivated,2024-04-16 00:00:00,2026-02-18 08:43:23,manager420
EMP10657,,Kala Contractor,Ops,Director,,LPT-10657.corp.local,DEV-66010,Blocked,2020-07-20 17:13:24,2021-09-11 00:00:00,manager980
EMP10596,wishi.dixit15,Wishi Dixit,Hr,Officer,REGIONAL OFFICE,,dev15737,DISABLED,2021-02-07 04:40:14,2021-05-15 00:00:00,
EMP12828,siddharth.cheema52,Siddharth Cheema,IT,Executive,branch office,WS-12828,DEV18242,A,2023-08-02 12:44:43,,manager483
EMP10802,panini.gokhale89,Panini Gokhale,Finance,Engineer,Remote,lpt-10802,,A,,,manager881
EMP12203,yashodhara.de11,Yashodhara De,Purch,Officer,work from home,LPT-12203.corp.local,dev 73253,Enabled,2026-05-22 00:00:00,,
EMP11811,ISHANI.BHARDWAJ87,Ishani Bhardwaj,Legal,Officer,WAREHOUSE,VDR-11811.corp.local,DEV62939,Resigned,2023-12-20 17:43:28,,unknown
EMP12802,  fariq.sanghvi8  ,Fariq Sanghvi,Business Sales,Specialist,DATA CENTER,WS-12802,dev 44556,Disabled,2024-04-12 04:39:17,,
EMP10440,laksh.kari28,Laksh Kari,It Support,Specialist,WAREHOUSE,,,A,2025-07-14 00:00:00,,
EMP10508,nandini.kade65,Nandini Kade,IT,Specialist,WAREHOUSE,WS-10508,,Active,,,manager656
EMP10076,yamini.tata89,Yamini Tata,Rd,Trainee,,LPT_10076,dev 22196,ACTIVE,,,manager413
EMP12986,ekaja.dugar99,Ekaja Dugar,Information Technology,Manager,REMOTE,VDR-12986.corp.local,dev90418,Active,2024-02-06 10:33:00,,
EMP11948,kamya.ram56,Kamya Ram,Sales,Manager,REMOTE,WS-11948.corp.local,dev20769,A,2020-05-06 00:00:00,,
EMP10649,tejas.narula94,Tejas Narula,Support,Specialist,Branch_Office,WS-10649,,Working,2026-07-14 21:38:31,,MANAGER443
EMP10522,widisha.seshadri22,Widisha Seshadri,Business Sales,Director,Warehouse,lpt-10522,,Disabled,2021-07-19 00:00:00,2025-11-22 00:00:00,manager841
EMP11586,gunbir.goda45,Gunbir Goda,Rd,Trainee,Warehouse,VDR-11586,dev 14885,Resigned,2025-05-05 11:53:55,,
EMP11117,yagnesh.bhardwaj90,Yagnesh Bhardwaj,Call Center,Consultant,branch office,VDR-11117,,On Leave,,,manager143
EMP12383,gaurangi.natarajan89,Gaurangi Natarajan,Legal,Officer,Work From Home,LPT-12383,dev 14282,Active,2025-07-15 23:24:25,,  manager824  
EMP11593,,Kiaan Palan,Accounts,Executive,Remote,LPT-11593,dev 24611,Enabled,2022-08-22 18:36:53,,
EMP10654,vamakshi.ravel8,Vamakshi Ravel,Ops,Analyst,,LPT-10654,dev97424,Working,,,MANAGER189
EMP11375,ijaya.sachar81,Ijaya Sachar,It Dept,Engineer,Branch Office,,DEV59310,Left,2021-11-15 04:00:00,2024-02-17 09:10:31,  manager596  
EMP11644,ayushman.dara8,Ayushman Dara,Hr Dept,Manager,data center,VDR-11644,dev80028,ACTIVE,2026-02-16 00:00:00,,manager429
EMP12131,chaaya_sodhi94,Chaaya Sodhi,Cs,Officer,REGIONAL OFFICE,VDR-12131,dev 47980,L,,2024-08-15 15:57:07,
EMP10976,  michael.dhillon14  ,Michael Dhillon,It Dept,Specialist,Regional Office,LPT-10976,dev 87710,Blocked,2021-08-24 12:56:47,,manager621
EMP11760,kashvi.shere48,Kashvi Shere,Call Center,Manager,DATA CENTER,WS-11760,dev 14395,Enabled,2024-09-27 09:55:29,,
EMP10630,,Banjeet Vyas,Mktg,Director,Work_From_Home,LPT-10630,DEV-82737,Left,,2025-04-05 00:00:00,manager189
EMP11340,ranbir.tak34,Ranbir Tak,Finance,Trainee,,LPT-11340,DEV-67659,Active,2020-04-24 23:12:00,,unknown
EMP11609,,Kavya Rout,Operations,Analyst,Warehouse,LPT-11609,dev 56969,A,2020-08-08 15:08:00,,manager642
EMP12728,ekaraj.jaggi47,Ekaraj Jaggi,Legal,Director,head office,WS-12728,dev14784,ACTIVE,2022-02-09 10:37:00,,manager535
EMP10482,zayyan.pal49,Zayyan Pal,IT,Director,remote,VDR-10482,,Live,2024-12-19 09:09:23,,
EMP10560,jasmit_ramaswamy33,Jasmit Ramaswamy,Operations,Analyst,,LPT-10560,dev56018,L,2025-02-24 11:01:00,2026-05-17 18:28:20,manager651
EMP11192,vamakshi.divan13,Vamakshi Divan,IT,Executive,work from home,WS-11192,DEV81714,Terminated,2020-09-27 19:41:37,2024-10-08 20:37:31,manager402
EMP12642,jalsa.nagy51,Jalsa Nagy,Customer Care,Director,,WS-12642,DEV-34371,Active,2022-07-21 00:00:00,,unknown
EMP12032,alka.jayaraman50,Alka Jayaraman,Legal,Specialist,remote,VDR-12032,DEV69852,ACTIVE,2020-04-05 04:14:49,,manager271
EMP10438,urmi.gulati6,Urmi Gulati,Marketing,Administrator,,VDR-10438,,ACTIVE,2022-11-15 00:00:00,,manager803
EMP12151,MANYA.MOHANTY64,Manya Mohanty,Accounts,Administrator,head office,vdr-12151,DEV-22761,Working,,,manager297
EMP11947,xalak.handa21,Xalak Handa,Information Technology,Engineer,DATA CENTER,VDR-11947,dev27106,Working,2026-03-03 04:57:35,,
EMP12634,samarth.brar15,Samarth Brar,Finance,Officer,WORK FROM HOME,LPT-12634,,LEFT,2022-10-20 18:28:43,2023-05-16 21:51:14,manager481
EMP10856,odika.shanker32,Odika Shanker,Support,Executive,work from home,VDR-10856,DEV99883,Enabled,2022-09-19 08:07:00,,manager994
EMP10530,  indali.toor53  ,Indali Toor,Ops,Manager,Branch_Office,WS-10530.corp.local,dev95403,ACTIVE,,,
EMP11818,triveni.ranganathan7,Triveni Ranganathan,Sales Dept,Executive,,LPT-11818,DEV48721,Live,2022-12-25 03:17:00,,manager495
EMP10049,luke.walia87,Luke Walia,Finance,Specialist,WAREHOUSE,WS-10049,dev63225,Working,2020-01-02 06:16:00,,manager315
EMP10858,aditya.bhakta49,Aditya Bhakta,Supply Chain,Engineer,head office,LPT-10858,DEV83207,Active,2025-04-30 20:43:20,,manager191
EMP10719,chanakya.taneja17,Chanakya Taneja,Legal,Specialist,Work From Home,LPT-10719,DEV-24528,Live,,,manager776
EMP12256,charvi.mannan37,Charvi Mannan,Hr Dept,Manager,Warehouse,WS-12256,dev92163,ACTIVE,2020-10-18 09:52:00,,
EMP11366,jagat.mohanty55,Jagat Mohanty,Mkt,Consultant,DATA CENTER,WS-11366.corp.local,,LWP,2020-05-10 06:51:00,,
EMP12318,  jacob.karnik59  ,Jacob Karnik,Mkt,Administrator,Work_From_Home,VDR-12318,dev95260,LEFT,2024-03-27 00:00:00,2026-08-05 19:24:17,  manager267  
EMP12770,azad.ahluwalia77,Azad Ahluwalia,Finance,Specialist,regional office,VDR-12770,dev 81848,A,2022-09-23 02:52:00,,unknown
EMP11559,girish.jayaraman91,Girish Jayaraman,Rd,Specialist,Warehouse,VDR-11559,DEV85650,LWP,,,
EMP12194,waida.dyal18,Waida Dyal,R&D,Manager,,WS-12194,dev99263,ACTIVE,2023-03-16 19:23:18,,  manager929  
EMP11374,vyanjana.ahuja87,Vyanjana Ahuja,Hr,Consultant,HEAD OFFICE,WS-11374.corp.local,dev 23164,L,2024-07-06 14:42:25,2024-08-01 23:19:12,unknown
EMP12593,rudra.madan20,Rudra Madan,Marketing,Engineer,Remote,VDR-12593,DEV-65293,Working,2023-06-27 07:18:43,,  manager267  
EMP11321,arin.rattan45,Arin Rattan,Legal,Trainee,remote,LPT-11321,dev 12810,Exited,2020-03-22 00:00:00,2021-11-22 08:53:52,manager980
EMP11068,yasti.swamy25,Yasti Swamy,It Dept,Consultant,head office,VDR-11068,dev 57212,Resigned,2026-05-04 02:11:46,,manager596
EMP11711,kai.chatterjee31,Kai Chatterjee,Human Resource,Consultant,remote,WS-11711,dev 20637,Enabled,2026-05-21 19:29:09,,manager510
EMP12606,ishani.mitra6,Ishani Mitra,Finance,Manager,BRANCH OFFICE,WS-12606,,ACTIVE,2026-05-18 09:33:07,,manager921
EMP12711,,Chanchal Tiwari,Innovation,Executive,DATA CENTER,WS_12711,DEV96309,Exited,,2026-03-28 00:00:00,
EMP11577,yashodhara_sen16,Yashodhara Sen,Customer Support,Specialist,,LPT-11577.corp.local,DEV-19227,Resigned,2026-06-01 08:58:31,,manager378
EMP10297,  simon.dara84  ,Simon Dara,Supply Chain,Executive,REMOTE,WS-10297,dev 89064,Left,,2023-03-21 22:10:00,
EMP11269,ekavir.kalita10,Ekavir Kalita,Finance,Analyst,WAREHOUSE,WS-11269,dev 72105,Working,2024-02-26 02:50:00,,
EMP12111,CHATRESH.KRISH60,Chatresh Krish,Sales,Consultant,Head Office,lpt-12111,DEV47712,ACTIVE,,,
EMP10958,azaan.sampath86,Azaan Sampath,R&D,Manager,REMOTE,WS-10958,DEV-88815,A,2021-07-04 11:59:00,,unknown
EMP11263,anirudh.warrior56,Anirudh Warrior,Human Resource,Analyst,regional office,LPT-11263,dev24559,ACTIVE,2020-06-14 02:14:20,,unknown
EMP11288,urvashi.rege4,Urvashi Rege,Compliance,Manager,WORK FROM HOME,LPT-11288,dev90636,Exited,2022-01-23 20:58:17,2025-03-28 02:09:19,manager656
EMP10349,vedant.kashyap40,Vedant Kashyap,Legal,Engineer,Head Office,LPT-10349,DEV-21300,Resigned,,2026-01-03 22:25:16,manager782
EMP11326,aarini.rajan41,Aarini Rajan,Operations,Specialist,regional office,LPT-11326.corp.local,DEV48327,Enabled,2023-05-20 23:30:00,,manager225
EMP10643,abeer.lad5,Abeer Lad,Customer Care,Manager,Data_Center,WS_10643,DEV15559,Resigned,2022-02-02 10:20:03,2025-06-15 13:14:33,unknown
EMP11330,  vyanjana.chawla67  ,Vyanjana Chawla,Sales,Administrator,Regional_Office,VDR-11330,,Working,2026-03-02 05:15:48,,unknown
EMP12972,yadavi.taneja61,Yadavi Taneja,Business Sales,Administrator,REGIONAL OFFICE,VDR-12972,,Live,2023-01-25 02:33:29,,manager583
EMP11322,agastya.subramanian49,Agastya Subramanian,It Dept,Officer,DATA CENTER,LPT-11322,dev60741,Live,2025-11-30 15:48:17,,manager818
EMP11106,  veer.batra88  ,Veer Batra,Call Center,Director,head office,WS-11106,,A,2022-11-02 00:00:00,,
EMP12213,VIDHI.SABHARWAL85,Vidhi Sabharwal,R&D,Specialist,head office,WS-12213.corp.local,DEV-14015,Active,2025-01-11 07:08:22,,manager471
EMP11123,samesh.tak93,Samesh Tak,Accounts,Director,Remote,LPT-11123,dev 23282,Working,2021-09-05 17:58:51,,manager626
EMP12447,umang.sharma23,Umang Sharma,Information Technology,Executive,REGIONAL OFFICE,,dev 59397,Enabled,2023-05-25 10:31:09,,manager882
EMP12410,samar.tank75,Samar Tank,Operations,Analyst,remote,WS-12410,DEV-12727,Blocked,2020-02-02 01:50:33,,manager486
EMP11637,daniel.raj34,Daniel Raj,People Team,Manager,data center,LPT-11637,DEV-21338,Working,2024-03-27 03:07:36,,manager630
EMP10786,GAVIN.SAMRA37,Gavin Samra,Accounts,Director,Regional Office,WS-10786,DEV-28293,DISABLED,2025-01-31 17:19:05,2025-07-12 02:41:00,manager988
EMP12776,ABEER.BHATT30,Abeer Bhatt,It Dept,Administrator,Regional_Office,VDR-12776,dev 19269,Live,2021-01-02 00:00:00,,manager628
EMP10140,finn.gupta86,Finn Gupta,Marketing Dept,Consultant,Branch_Office,vdr-10140,dev72163,Live,2020-09-22 05:13:00,,manager198
EMP10788,TARAK.SOM54,Tarak Som,Finance,Officer,data center,VDR_10788,,Working,2021-03-01 10:01:00,,manager952
EMP11949,nirja_munshi38,Nirja Munshi,Compliance,Executive,REMOTE,ws-11949,dev48091,LEFT,2020-11-05 11:32:53,2022-04-23 04:55:14,manager477
EMP12097,rachit.balan30,Rachit Balan,R&D,Manager,Branch Office,WS_12097,dev35002,Working,2023-01-20 10:10:00,,manager652
EMP10714,matthew.prabhu13,Matthew Prabhu,Cs,Consultant,WORK FROM HOME,WS-10714,DEV90017,Resigned,2022-04-26 21:49:40,,
EMP11869,oni_varkey46,Oni Varkey,Finance,Director,WORK FROM HOME,LPT-11869,dev81474,L,2026-03-03 11:25:29,2026-08-27 22:24:48,MANAGER912
EMP11640,meghana.chana6,Meghana Chana,Cs,Engineer,Work_From_Home,LPT-11640,dev 51670,Enabled,2020-02-14 03:39:32,,
EMP11918,lekha.dhawan29,Lekha Dhawan,Purchase,Executive,Head_Office,LPT-11918,,A,2026-08-06 15:23:37,,unknown
EMP12987,owen_vala92,Owen Vala,IT,Officer,Branch_Office,WS-12987,,A,2021-01-01 01:38:00,,manager225
EMP10618,yuvraj.ganesan68,Yuvraj Ganesan,Sales Dept,Engineer,,WS-10618,DEV66369,A,,,manager787
EMP10406,  vedhika.goda56  ,Vedhika Goda,Sales,Executive,Work From Home,vdr-10406,DEV-43801,Enabled,2026-03-09 00:43:00,,
EMP11791,zehaan.comar63,Zehaan Comar,Human Resource,Manager,branch office,ws-11791,,Live,2025-03-08 23:36:29,,manager277
EMP11226,tanveer.dugar93,Tanveer Dugar,Legal Dept,Administrator,REGIONAL OFFICE,LPT-11226,dev46040,ACTIVE,2021-03-22 00:00:00,,manager753
EMP11146,tanay.halder50,Tanay Halder,Legal,Specialist,,LPT-11146,,Live,2024-11-11 00:00:00,,  manager813  
EMP12275,INDRAJIT.CHANDER47,Indrajit Chander,Procurement Team,Manager,Data Center,,dev 24688,ACTIVE,2021-10-18 21:48:39,,manager440
EMP12462,CHAVVI.PRASHAD2,Chavvi Prashad,IT,Analyst,Branch Office,,,A,2023-04-27 20:38:37,,
EMP10497,viraj.saha85,Viraj Saha,IT,Trainee,Branch Office,VDR-10497,DEV38818,Active,2023-04-29 18:31:00,,unknown
EMP10342,HARITA.BHASIN77,Harita Bhasin,Supply Chain,Specialist,Remote,VDR-10342,dev 13515,Disabled,2025-08-07 14:15:44,,manager721
EMP11957,noah.tailor28,Noah Tailor,Finance,Director,regional office,,dev 39585,Live,2023-06-17 09:47:33,,unknown
EMP12338,geetika.biswas80,Geetika Biswas,Operations Dept,Engineer,REMOTE,VDR-12338,DEV-16463,Left,2022-01-22 14:57:34,2026-02-18 04:00:50,
EMP10782,benjamin.sahota99,Benjamin Sahota,Marketing Dept,Engineer,Head Office,LPT-10782,DEV80570,Disabled,2025-10-04 13:30:19,2025-11-07 11:55:02,unknown
EMP11557,oscar.kari74,Oscar Kari,Sales,Executive,BRANCH OFFICE,VDR-11557,dev27014,D,2021-03-19 00:41:37,2021-11-29 00:00:00,manager834
EMP10303,yashvi.more14,Yashvi More,Sales,Consultant,BRANCH OFFICE,VDR-10303,dev 90304,A,,,
EMP11765,anirudh.shukla15,Anirudh Shukla,Support,Administrator,WAREHOUSE,VDR-11765.corp.local,DEV11160,Active,,,manager349
EMP10664,yauvani.bajwa71,Yauvani Bajwa,Operations Dept,Analyst,,VDR-10664,DEV-53684,ACTIVE,2026-02-28 14:55:42,,manager129
EMP12243,pratyush.thaman21,Pratyush Thaman,Business Sales,Specialist,Branch_Office,,DEV11275,Enabled,2024-07-08 08:06:49,,
EMP11551,pavani.choudhary20,Pavani Choudhary,Finance,Consultant,Head_Office,LPT-11551,DEV-13929,A,2022-08-08 21:50:00,,manager482
EMP11797,  chatura.rajagopalan46  ,Chatura Rajagopalan,Legal,Administrator,BRANCH OFFICE,VDR-11797,DEV48099,LEFT,2023-03-24 21:23:00,2025-03-23 13:34:12,
EMP12858,devansh.sen33,Devansh Sen,Purch,Officer,DATA CENTER,LPT_12858,DEV87237,A,2022-09-05 15:39:34,,
EMP10084,PAVANI.MITTER20,Pavani Mitter,Accounts,Specialist,,LPT-10084,,Enabled,,,manager710
EMP12281,omkaar.mital79,Omkaar Mital,Marketing,Officer,Branch_Office,VDR-12281,DEV39968,Live,2021-04-28 01:57:00,,  manager190  
EMP10941,tanveer.murty16,Tanveer Murty,Customer Care,Executive,head office,WS-10941,DEV36975,ACTIVE,2026-01-01 06:40:09,,
EMP10961,samar.deep47,Samar Deep,Information Technology,Administrator,data center,VDR-10961,DEV-89433,A,,,
EMP10841,luke.mohan55,Luke Mohan,IT,Engineer,,ws-10841,DEV27882,ACTIVE,2022-05-13 00:10:50,,manager280
EMP11562,upkaar.chaudhary2,Upkaar Chaudhary,Procurement Team,Trainee,DATA CENTER,WS-11562,DEV34608,ACTIVE,2024-11-28 00:00:00,,manager319
EMP12847,faraj.shanker29,Faraj Shanker,Human Resources,Analyst,,VDR-12847,DEV61556,Blocked,2022-02-02 20:16:00,2023-05-29 00:00:00,manager876
EMP12529,KALA.ARORA16,Kala Arora,Human Resources,Director,,WS-12529.corp.local,dev 14602,Working,2021-10-09 01:19:59,,manager878
EMP11352,umang.chaudry16,Umang Chaudry,Cs,Analyst,WAREHOUSE,WS-11352,dev 96402,Enabled,2023-10-02 00:00:00,,manager299
EMP10290,lakshit.sule41,Lakshit Sule,Ops Team,Manager,Head_Office,LPT-10290.corp.local,,A,,,manager235
EMP11907,wridesh.wable13,Wridesh Wable,Legal Dept,Trainee,Warehouse,LPT-11907,dev 42097,Live,,,MANAGER877
EMP11190,yuvraj.mistry78,Yuvraj Mistry,Support,Consultant,DATA CENTER,LPT-11190,,Enabled,2025-04-21 01:20:59,,
EMP10604,,Brinda Wali,Customer Support,Consultant,WORK FROM HOME,WS-10604,DEV64046,Live,2023-08-30 18:58:24,,
EMP12471,azad_bal82,Azad Bal,Marketing Dept,Trainee,,LPT_12471,DEV43897,Working,2024-02-01 00:00:00,,
EMP10916,chavvi.thaman9,Chavvi Thaman,Human Resource,Consultant,REMOTE,WS-10916,dev 31538,Working,2023-06-05 20:03:28,,unknown
EMP11569,lakshit_dutt68,Lakshit Dutt,Accounts,Consultant,Branch_Office,LPT-11569,DEV-99180,A,2025-05-24 17:46:37,,
EMP11740,faris.chowdhury96,Faris Chowdhury,Accounts,Specialist,Branch_Office,LPT-11740,,Active,2023-07-25 17:07:00,,
EMP11099,aashi.kapadia1,Aashi Kapadia,Sales,Administrator,head office,VDR-11099,DEV-48456,Live,2023-10-14 07:39:40,,manager602
EMP11088,mohini_kalla19,Mohini Kalla,Legal Dept,Director,,LPT-11088,,Live,2024-01-12 06:44:14,,manager153
EMP12378,rachita.narayan1,Rachita Narayan,Cs,Director,Work From Home,LPT-12378,DEV-85191,A,2020-08-01 16:55:53,,manager469
EMP11377,yutika.sheth56,Yutika Sheth,Human Resources,Trainee,Warehouse,VDR-11377,,Working,,,manager369
EMP10821,LIBNI.AURORA70,Libni Aurora,Customer Care,Analyst,,LPT-10821,DEV-66414,Exited,2021-01-05 03:16:58,2023-09-09 00:00:00,
EMP12543,zayan.gole8,Zayan Gole,Accounts,Analyst,HEAD OFFICE,VDR_12543,DEV53938,Enabled,2022-01-04 14:40:09,,manager921
EMP11000,chanakya.bali26,Chanakya Bali,Ops,Engineer,,ws-11000,DEV42771,A,2026-07-15 14:14:04,,manager381
EMP11427,NIHARIKA.MURTY3,Niharika Murty,Operations,Consultant,Regional Office,LPT-11427,dev86919,Enabled,2023-02-11 22:04:09,,manager780
EMP10018,orinder.bera98,Orinder Bera,Call Center,Executive,branch office,VDR-10018,dev72296,Terminated,,,MANAGER316
EMP12575,nandini.kothari89,Nandini Kothari,Marketing Dept,Consultant,warehouse,LPT-12575.corp.local,dev85147,LWP,2022-08-18 04:08:03,,MANAGER118
EMP11450,radha.bera98,Radha Bera,Accounts,Director,Work_From_Home,WS-11450,DEV47118,Deactivated,2026-03-19 00:00:00,,
EMP11746,nimrat.chhabra38,Nimrat Chhabra,Hr,Engineer,,vdr-11746,dev 19350,Enabled,2023-07-11 04:15:15,,
EMP11360,osha.dutta17,Osha Dutta,Call Center,Officer,,WS_11360,DEV-56447,A,2025-05-12 06:46:12,,manager829
EMP11641,chakrika.garde44,Chakrika Garde,Mktg,Executive,Remote,WS-11641,dev36299,LEFT,2020-06-24 07:35:18,2021-12-10 23:21:58,unknown
EMP12785,,Yauvani Bal,Rd,Trainee,Branch Office,vdr-12785,DEV-32224,ACTIVE,2022-12-22 04:56:59,,manager529
EMP11729,anvi.biswas59,Anvi Biswas,Sales Dept,Manager,Regional Office,VDR-11729,dev99368,Deactivated,2024-01-20 10:46:27,,manager340
EMP11582,aadi.bhasin11,Aadi Bhasin,IT,Manager,Regional Office,ws-11582,dev 41816,Active,2021-11-18 00:00:00,,manager781
EMP12083,mohini.minhas94,Mohini Minhas,Purch,Manager,Head Office,LPT-12083,DEV94267,A,2026-03-17 07:21:00,,unknown
EMP12726,kamya.rana5,Kamya Rana,Information Technology,Executive,data center,WS-12726,,ACTIVE,2020-12-07 00:00:00,,manager629
EMP12024,IMARAN.NARASIMHAN79,Imaran Narasimhan,Call Center,Officer,,LPT-12024,DEV-94839,Working,2022-12-13 09:44:00,,  manager658  
EMP10360,  nitara.bedi94  ,Nitara Bedi,Support,Engineer,Branch Office,LPT-10360,dev 63744,Enabled,2024-09-08 12:32:12,,manager959
EMP12636,CHANDANI.PANT6,Chandani Pant,Purchase,Trainee,Branch_Office,LPT-12636,DEV60246,A,,,unknown
EMP11922,william.rajan75,William Rajan,Operations Dept,Trainee,BRANCH OFFICE,VDR-11922,DEV-79841,ACTIVE,2021-10-31 19:22:00,,unknown
EMP12992,sathvik.agrawal90,Sathvik Agrawal,Compliance,Administrator,WAREHOUSE,WS-12992,DEV21590,ACTIVE,2023-03-11 18:07:05,,
EMP11334,varsha.ramanathan85,Varsha Ramanathan,Mktg,Analyst,warehouse,WS-11334,DEV-13406,Left,2026-02-06 01:57:44,,
EMP11670,  vritti.badal80  ,Vritti Badal,IT,Specialist,,,DEV-59895,Working,,,manager136
EMP10344,frado.sheth77,Frado Sheth,Human Resources,Officer,Head Office,WS-10344,dev51480,Enabled,2024-10-31 21:30:49,,manager659
EMP10986,RAKSHA.SETHI26,Raksha Sethi,Sales Dept,Administrator,BRANCH OFFICE,LPT-10986,,A,2022-11-21 18:37:00,,
EMP12221,faris.shukla14,Faris Shukla,Customer Support,Consultant,REGIONAL OFFICE,,DEV-58869,Working,2020-05-20 23:08:21,,MANAGER898
EMP12421,MANAN.SAVANT11,Manan Savant,Finance,Executive,Head_Office,LPT_12421,dev 19996,Live,2022-07-08 20:46:00,,manager215
EMP11410,YAGNESH.JAYARAMAN45,Yagnesh Jayaraman,Information Technology,Engineer,remote,WS-11410,dev65858,ACTIVE,2022-08-07 22:23:00,,manager885
EMP12019,fariq.mammen10,Fariq Mammen,Cs,Executive,Head_Office,VDR-12019.corp.local,DEV-28185,ACTIVE,,,
EMP12983,vyanjana.gour79,Vyanjana Gour,Supply Chain,Officer,WORK FROM HOME,VDR-12983,DEV20114,Active,2023-01-06 00:00:00,,unknown
EMP12287,vritti.rajagopalan54,Vritti Rajagopalan,Operations Dept,Analyst,DATA CENTER,WS-12287,,ACTIVE,2025-10-20 11:10:16,,
EMP12460,reyansh.chana86,Reyansh Chana,IT,Consultant,DATA CENTER,WS-12460,dev 97393,Deactivated,2024-09-08 00:00:00,,
EMP10085,maya.gola80,Maya Gola,Business Sales,Officer,Data_Center,WS-10085,,Enabled,2025-02-01 11:36:52,,unknown
EMP12129,praneel.raju81,Praneel Raju,Marketing Dept,Manager,work from home,VDR-12129,dev20969,A,2025-10-27 04:32:52,,manager729
EMP10668,,Oliver Suresh,Operations Dept,Consultant,Head Office,LPT-10668,DEV46760,Blocked,2022-11-19 17:02:00,,  manager962  
EMP11014,farhan.khanna40,Farhan Khanna,Compliance,Trainee,,VDR-11014,dev85378,Exited,,2026-07-10 00:10:28,MANAGER382
EMP10128,adweta.bhagat28,Adweta Bhagat,Research And Development,Trainee,Branch Office,WS-10128,DEV23022,On Leave,2023-02-15 00:00:00,,manager760
EMP11993,yashodhara.baria35,Yashodhara Baria,IT,Analyst,work from home,LPT-11993,DEV72707,Enabled,,,manager972
EMP11229,aahana.rao53,Aahana Rao,People Team,Trainee,,LPT-11229,,Active,2023-03-11 20:59:00,,
EMP10891,  eiravati.mahal58  ,Eiravati Mahal,Purch,Administrator,remote,LPT-10891,DEV-37665,A,,,
EMP11937,omya.arya6,Omya Arya,Support,Director,DATA CENTER,LPT-11937,DEV-15786,Active,2020-09-01 16:27:15,,manager351
EMP10307,gavin.rama19,Gavin Rama,Ops Team,Administrator,Remote,WS-10307,dev 37114,ACTIVE,2022-12-18 03:09:08,,manager548
EMP10383,krishna.oak8,Krishna Oak,Sales Dept,Specialist,Branch Office,LPT_10383,,ACTIVE,,,
EMP11952,  kavya.char72  ,Kavya Char,Customer Care,Officer,,WS-11952,,Live,2021-02-21 00:00:00,,manager951
EMP11208,utkarsh.tata53,Utkarsh Tata,Marketing,Officer,regional office,LPT-11208,dev69055,Left,,2026-07-03 15:12:47,unknown
EMP10426,banjeet.mishra77,Banjeet Mishra,Legal,Consultant,Regional_Office,LPT-10426,dev 13336,A,2022-07-07 09:52:00,,manager528
EMP10494,anvi_chakrabarti53,Anvi Chakrabarti,Legal,Trainee,,WS-10494,,Enabled,2023-04-25 00:00:00,,  manager647  
EMP11671,viraj.chaudhuri89,Viraj Chaudhuri,Marketing,Director,,WS-11671,dev77185,Disabled,,,  manager454  
EMP12506,tanveer.sachdev72,Tanveer Sachdev,Legal,Director,Warehouse,LPT-12506,DEV-38968,D,2023-03-06 22:46:00,,manager616
EMP12629,wahab.gupta10,Wahab Gupta,Information Technology,Consultant,work from home,LPT-12629,dev16140,A,2023-02-18 06:30:35,,
EMP11337,siddharth.brahmbhatt93,Siddharth Brahmbhatt,Supply Chain,Officer,Remote,LPT-11337,,A,2022-10-01 03:29:09,,MANAGER115
EMP11385,dalaja.bakshi40,Dalaja Bakshi,R&D,Director,Branch_Office,VDR_11385,dev31828,A,2025-04-26 16:44:28,,manager728
EMP10275,IRA.RAVI81,Ira Ravi,Sales Dept,Manager,Regional Office,,,Live,2023-11-17 18:32:41,,manager732
EMP10489,henry.ganesan99,Henry Ganesan,Ops,Officer,WORK FROM HOME,,dev68400,ACTIVE,2022-09-07 23:43:06,,
EMP11578,  henry.sami6  ,Henry Sami,Legal,Administrator,,VDR-11578,DEV71148,Working,2021-06-07 08:59:24,,
EMP10690,umang.sahni49,Umang Sahni,Operations,Trainee,,VDR_10690,,A,2021-03-07 14:22:00,,
EMP11402,gagan.devan62,Gagan Devan,Customer Support,Officer,work from home,VDR-11402,DEV20673,Terminated,2023-08-15 14:38:36,2025-03-21 05:14:04,manager113
EMP12630,darpan.kadakia49,Darpan Kadakia,Rd,Consultant,,VDR-12630,dev 82096,On Leave,2025-12-09 11:58:11,,  manager830  
EMP11273,krisha.natarajan39,Krisha Natarajan,Ops Team,Officer,work from home,VDR-11273,dev 88085,Active,2022-04-18 15:59:00,,manager845
EMP12273,ekaraj.kumar45,Ekaraj Kumar,Finance,Engineer,Regional_Office,VDR-12273,dev10802,ACTIVE,,,manager272
EMP12691,meera.hora64,Meera Hora,Legal Dept,Specialist,Branch_Office,,DEV-40733,Active,2025-01-03 16:26:00,,manager671
EMP11058,,Udyati Sankar,Finance,Trainee,HEAD OFFICE,LPT-11058,DEV19154,Enabled,2023-07-22 04:22:45,,manager770
EMP10118,sneha.prakash29,Sneha Prakash,Sales,Specialist,remote,VDR-10118,DEV96400,Active,2021-02-28 00:00:00,,manager742
EMP11024,ubika.koshy18,Ubika Koshy,Innovation,Administrator,Work From Home,LPT-11024,dev32359,D,2025-02-28 20:20:51,2025-10-15 07:36:04,
EMP11423,krishna.sama90,Krishna Sama,Mkt,Administrator,Regional Office,lpt-11423,DEV-84996,DISABLED,2026-08-02 20:09:38,,unknown
EMP10281,wazir.tak22,Wazir Tak,People Team,Trainee,work from home,ws-10281,dev 94529,Blocked,2024-10-24 01:19:41,,
EMP12681,abha.borah44,Abha Borah,Purchase,Manager,Warehouse,LPT_12681,DEV-33699,Active,,,manager202
EMP12407,chavvi_chakrabarti3,Chavvi Chakrabarti,Ops,Administrator,,,dev24809,A,2023-03-16 22:31:14,,manager801
EMP10968,raksha.johal11,Raksha Johal,Supply Chain,Analyst,,LPT-10968,,Leave,2022-02-15 16:10:13,,manager437
EMP11231,raagini.bail16,Raagini Bail,Operations Dept,Consultant,,VDR-11231,DEV88642,Working,2021-05-07 02:17:06,,manager360
EMP11660,naksh.ramachandran75,Naksh Ramachandran,Innovation,Trainee,Remote,VDR-11660.corp.local,,ACTIVE,2020-11-11 08:21:01,,
EMP11709,bhavna.patel98,Bhavna Patel,IT,Administrator,remote,VDR-11709,DEV-84518,Active,2024-05-08 00:00:00,,manager834
EMP10155,QABIL.CHANDA52,Qabil Chanda,Customer Support,Manager,data center,WS-10155,,Enabled,,,manager748
EMP10304,tanay.bandi97,Tanay Bandi,Operations,Director,head office,LPT-10304,DEV22924,Working,2024-05-05 14:46:00,,manager671
EMP11963,sanya.ram80,Sanya Ram,Sales,Director,remote,VDR-11963,DEV55323,Working,2020-06-29 00:41:00,,manager718
EMP11448,aishani.mandal32,Aishani Mandal,Fin,Officer,Work From Home,WS-11448,dev 10648,Live,2022-12-06 00:00:00,,manager663
EMP11610,daksh.dhar53,Daksh Dhar,Finance,Engineer,Branch_Office,VDR-11610.corp.local,DEV-33506,DISABLED,2020-04-01 14:45:05,2024-06-17 10:45:00,  manager439  
EMP12308,omaja.bhalla35,Omaja Bhalla,Legal,Director,regional office,VDR-12308,dev 75901,Working,2020-07-16 13:01:40,,manager387
EMP11457,noah.sood63,Noah Sood,Legal,Director,Work_From_Home,LPT-11457,,Active,2026-04-24 00:00:00,,manager718
EMP10575,mahika_choudhary53,Mahika Choudhary,Customer Care,Director,,LPT-10575.corp.local,dev31400,Live,2025-06-30 00:33:54,,manager487
EMP11991,harsh.talwar88,Harsh Talwar,Fin,Engineer,Work From Home,VDR-11991,DEV51116,Live,2026-05-20 11:30:13,,  manager963  
EMP12651,aishani.pillai56,Aishani Pillai,Hr Dept,Specialist,regional office,LPT-12651,DEV-41619,Deactivated,2024-06-25 00:00:00,,MANAGER980
EMP12704,vedhika.khatri69,Vedhika Khatri,Procurement Team,Executive,branch office,LPT-12704,DEV49043,Blocked,2020-10-17 00:00:00,2025-10-30 21:00:00,manager972
EMP12188,sai.puri51,Sai Puri,Rd,Trainee,,WS-12188,dev 77395,LEFT,2023-08-13 00:00:00,2024-05-06 23:05:00,manager360
EMP11264,NITESH.DUGAR74,Nitesh Dugar,Mktg,Engineer,Head Office,vdr-11264,DEV23242,A,,,manager514
EMP10843,amol.dayal53,Amol Dayal,Operations,Manager,Data Center,VDR-10843,DEV-28423,Active,,,manager223
EMP11344,zayyan.krishnan75,Zayyan Krishnan,Ops Team,Analyst,Warehouse,VDR-11344,dev 39878,Active,2026-01-29 00:40:36,,
EMP10269,alexander.sachar64,Alexander Sachar,R&D,Manager,Work From Home,VDR-10269,DEV71537,Working,2022-09-21 22:19:27,,unknown
EMP10629,ojasvi.majumdar45,Ojasvi Majumdar,Operations Dept,Consultant,Regional Office,WS-10629,,ON_LEAVE,2024-04-06 08:01:00,,manager163
EMP11033,ayushman.andra77,Ayushman Andra,R&D,Manager,,VDR-11033,DEV-84606,ACTIVE,2020-10-21 00:00:00,,manager746
EMP10286,hamsini.bandi7,Hamsini Bandi,Human Resources,Director,Branch_Office,LPT-10286,,Live,2025-03-22 05:06:33,,
EMP12279,fiyaz.talwar66,Fiyaz Talwar,Supply Chain,Trainee,branch office,vdr-12279,dev46190,ACTIVE,2022-08-24 05:13:00,,
EMP10300,adweta.kaur27,Adweta Kaur,R&D,Administrator,,VDR-10300,DEV-19064,Deactivated,2023-06-25 03:48:29,2024-01-27 08:46:54,manager347
EMP12248,DARSH.CHOUDHRY88,Darsh Choudhry,Accounts,Analyst,HEAD OFFICE,VDR-12248,dev 27725,Enabled,,,
EMP11929,jagat_gulati29,Jagat Gulati,People Team,Officer,,VDR-11929,DEV67979,Active,2026-02-17 19:40:00,,manager182
EMP11979,noah_dhar52,Noah Dhar,Procurement Team,Specialist,Warehouse,VDR-11979,dev 65146,Enabled,,,
EMP10065,chandresh_prashad29,Chandresh Prashad,Hr,Analyst,,LPT-10065,dev 42411,A,2020-03-04 07:38:39,,manager344
EMP12288,vasatika.ravi8,Vasatika Ravi,Operations Dept,Specialist,branch office,WS-12288,DEV69889,Active,2023-05-21 04:21:20,,unknown
EMP10890,utkarsh.mand24,Utkarsh Mand,Legal Dept,Analyst,Head Office,WS-10890,DEV49013,A,2026-02-27 16:24:46,,manager786
EMP11882,sai.garde41,Sai Garde,Human Resource,Executive,Warehouse,LPT-11882,,Deactivated,2021-12-20 07:20:00,2024-08-14 01:36:13,
EMP12841,ekavir.menon22,Ekavir Menon,Rd,Trainee,Branch Office,VDR-12841,dev 30899,Working,2024-07-19 22:20:00,,
EMP11898,hemani.dada38,Hemani Dada,Sales Dept,Director,Head_Office,WS-11898,dev 28441,ACTIVE,2021-04-07 02:33:23,,manager114
EMP10230,SARTHAK.RAJAGOPALAN99,Sarthak Rajagopalan,Brand Team,Engineer,,VDR-10230,dev74094,Enabled,2022-12-19 00:00:00,,manager914
EMP10503,girish.dyal84,Girish Dyal,Sales,Manager,Remote,VDR-10503,dev19149,L,2022-09-14 07:50:12,2024-06-02 09:27:56,manager413
EMP11399,rehaan.trivedi61,Rehaan Trivedi,Customer Care,Specialist,Work_From_Home,LPT-11399,DEV-17724,Live,2022-02-22 00:15:37,,manager858
EMP11442,reyansh.keer59,Reyansh Keer,Purch,Specialist,regional office,WS-11442,dev 62341,Enabled,2022-01-26 19:17:30,,manager482
EMP11602,ekavir_nigam18,Ekavir Nigam,Ops Team,Engineer,Work From Home,VDR-11602,DEV85885,Enabled,,,manager648
EMP11313,gautami.sodhi74,Gautami Sodhi,R&D,Officer,remote,WS-11313,DEV-91065,Terminated,2021-04-03 08:35:44,,manager485
EMP11004,yamini.baral97,Yamini Baral,Research And Development,Trainee,REMOTE,LPT-11004,DEV-51035,DISABLED,2023-08-25 05:07:16,2026-08-13 10:15:00,manager549
EMP10836,  mahika.dube81  ,Mahika Dube,Customer Support,Executive,WAREHOUSE,WS-10836.corp.local,dev 37912,Active,2026-04-24 23:02:24,,
EMP12093,aadhya.bahri88,Aadhya Bahri,Legal Dept,Officer,,WS-12093,DEV11145,A,2022-10-11 00:00:00,,
EMP10374,hemani_venkataraman88,Hemani Venkataraman,Legal Dept,Executive,REMOTE,LPT-10374,dev 34530,Working,2023-10-17 17:01:21,,
EMP11336,darpan.batra94,Darpan Batra,It Dept,Manager,warehouse,WS-11336,DEV98862,Enabled,2024-07-19 00:00:00,,manager686
EMP12177,,Tanish Jaggi,Purch,Director,Work_From_Home,VDR-12177,,A,2022-12-24 00:00:00,,unknown
EMP11902,,Forum Bala,Customer Care,Administrator,regional office,LPT-11902,dev 45626,L,2024-05-23 00:00:00,2026-02-09 00:00:00,manager680
EMP11921,WARDA.BHATT30,Warda Bhatt,Finance,Administrator,regional office,VDR-11921.corp.local,dev82744,Terminated,2024-07-07 08:13:23,,
EMP12755,wriddhish_barad18,Wriddhish Barad,It Support,Engineer,Warehouse,LPT-12755.corp.local,DEV-69806,ACTIVE,,,
EMP10751,robert.cherian10,Robert Cherian,R&D,Specialist,,lpt-10751,DEV67129,Enabled,2025-03-08 00:00:00,,manager496
EMP10099,dev.kanda57,Dev Kanda,R&D,Manager,head office,VDR-10099.corp.local,,Disabled,2026-01-14 05:14:36,2026-08-16 00:00:00,manager517
EMP11835,yashoda.nair8,Yashoda Nair,Legal,Director,WORK FROM HOME,,dev30191,Active,2020-04-05 01:22:01,,manager479
EMP10866,ayush.sami8,Ayush Sami,It Support,Consultant,Branch Office,WS-10866,,OOO,,,
EMP10910,arya.srivastava79,Arya Srivastava,Purchase,Manager,WORK FROM HOME,,dev15501,Live,2021-06-02 00:00:00,,MANAGER991
EMP11411,zaid.raval52,Zaid Raval,Brand Team,Officer,WAREHOUSE,VDR-11411,DEV-96424,Enabled,2025-01-15 06:22:35,,MANAGER848
EMP10529,gagan.dyal1,Gagan Dyal,Procurement,Officer,Head Office,VDR-10529.corp.local,dev 10942,Enabled,,,
EMP10636,udyati.dubey36,Udyati Dubey,Finance,Engineer,head office,lpt-10636,dev34215,Active,2025-03-16 08:39:19,,manager720
EMP10185,ojasvi.char85,Ojasvi Char,People Team,Specialist,regional office,WS-10185,DEV-27486,ACTIVE,,,manager758
EMP11271,krishna.hayre68,Krishna Hayre,Support,Executive,,LPT-11271,DEV22308,Working,2026-04-06 06:02:29,,MANAGER602
EMP11498,LAKSHMI.BISWAS36,Lakshmi Biswas,Purch,Analyst,Work From Home,LPT-11498,dev29401,ACTIVE,,,  manager479  
EMP10931,sanaya.chaudhary66,Sanaya Chaudhary,Customer Care,Manager,Regional_Office,LPT-10931,,ACTIVE,,,manager672
EMP12115,omaja.peri26,Omaja Peri,Purch,Director,Branch_Office,WS-12115,dev 43321,D,2023-05-07 22:44:16,,manager699
EMP12367,rushil_contractor40,Rushil Contractor,Procurement Team,Manager,data center,VDR-12367,DEV-89099,Active,,,MANAGER953
EMP11808,qasim.balasubramanian51,Qasim Balasubramanian,Finance,Executive,HEAD OFFICE,ws-11808,DEV30435,D,2022-01-21 00:00:00,,
EMP12473,anmol.bajwa13,Anmol Bajwa,Business Sales,Officer,BRANCH OFFICE,WS-12473,DEV10800,Live,2020-09-11 06:06:33,,unknown
EMP12134,ayush.mital70,Ayush Mital,Finance,Analyst,Work From Home,LPT-12134,dev 44013,ACTIVE,2023-07-25 03:03:55,,manager584
EMP10607,atharv.saran18,Atharv Saran,Marketing,Analyst,Remote,LPT-10607,dev 38157,Deactivated,2020-08-03 10:10:17,2026-01-19 00:00:00,
EMP12900,jai.bora58,Jai Bora,Supply Chain,Officer,warehouse,LPT-12900,DEV29857,Exited,2021-12-09 08:50:12,2022-06-03 06:17:03,manager932
EMP10151,anmol.shroff99,Anmol Shroff,Finance,Administrator,REMOTE,WS-10151,DEV-25726,ACTIVE,,,manager232
EMP11694,abhiram.badal81,Abhiram Badal,Mktg,Specialist,DATA CENTER,VDR-11694,DEV25970,Active,2024-07-03 12:34:35,,manager842
EMP12210,sarthak.dhillon72,Sarthak Dhillon,Sales,Director,,VDR-12210,DEV36516,Active,2021-03-13 12:48:03,,manager843
EMP10731,charles.dash57,Charles Dash,Sales,Executive,,lpt-10731,,Active,2025-01-16 05:12:00,,MANAGER498
EMP11429,peter_agarwal6,Peter Agarwal,Marketing,Specialist,Branch Office,VDR_11429,DEV76252,A,,,manager957
EMP12719,hamsini.dhar94,Hamsini Dhar,Marketing,Manager,Regional Office,LPT-12719,DEV10421,Active,2021-12-06 16:31:00,,manager445
EMP12812,abdul.shankar63,Abdul Shankar,Legal,Director,Branch_Office,ws-12812,DEV33567,Live,2025-12-24 12:39:05,,unknown
EMP10023,tara.talwar25,Tara Talwar,Human Resources,Manager,REGIONAL OFFICE,WS-10023,,Enabled,2023-12-21 23:52:59,,
EMP11770,PRANIT.GOEL51,Pranit Goel,Research And Development,Specialist,Work From Home,,DEV26688,ACTIVE,2024-05-02 02:35:57,,
EMP10158,tristan.subramaniam10,Tristan Subramaniam,Accounts,Trainee,data center,VDR-10158,DEV85952,ACTIVE,2024-10-19 19:33:00,,  manager739  
EMP10861,  gagan.gandhi59  ,Gagan Gandhi,Innovation,Manager,BRANCH OFFICE,VDR-10861,DEV36626,A,2022-04-07 00:00:00,,manager606
EMP10902,  meghana.wali56  ,Meghana Wali,IT,Executive,REMOTE,VDR-10902,dev 35192,ACTIVE,2023-09-23 03:54:02,,manager324
EMP12241,charvi.khare49,Charvi Khare,Mkt,Director,,VDR-12241,DEV16217,A,2020-06-13 21:24:27,,manager554
EMP11230,  urishilla.dewan82  ,Urishilla Dewan,Research And Development,Executive,,WS-11230.corp.local,DEV-11329,Terminated,2025-08-11 00:00:00,,
EMP12325,,Laban Sankar,Human Resources,Engineer,Data Center,VDR-12325,,Enabled,2021-04-24 00:05:00,,manager500
EMP10444,vedika.krishnamurthy18,Vedika Krishnamurthy,Legal,Manager,warehouse,VDR-10444,dev 90962,A,2020-12-20 05:23:30,,
EMP10754,ekalinga.keer78,Ekalinga Keer,Accounts,Specialist,Branch Office,VDR-10754,DEV-82450,DISABLED,2020-09-25 15:59:36,2025-04-03 17:53:36,manager321
EMP10923,aryan_pillay15,Aryan Pillay,It Dept,Consultant,,VDR-10923,DEV-76518,Working,2020-05-28 07:13:14,,
EMP12001,naksh.virk96,Naksh Virk,Research And Development,Trainee,DATA CENTER,LPT-12001.corp.local,,Live,2025-02-12 17:19:32,,manager896
EMP10311,lakshmi.golla58,Lakshmi Golla,Procurement Team,Director,Data_Center,LPT-10311,dev 38153,Enabled,2026-05-26 09:27:17,,MANAGER915
EMP10548,prisha.bhattacharyya32,Prisha Bhattacharyya,Procurement Team,Consultant,,LPT-10548,,Exited,,,manager106
EMP11552,dalbir.sharaf34,Dalbir Sharaf,Supply Chain,Consultant,Head Office,lpt-11552,DEV-53461,ACTIVE,2024-01-01 19:11:47,,manager992
EMP10306,saanvi.loke20,Saanvi Loke,Ops Team,Analyst,data center,LPT-10306,dev48722,Live,,,manager847
EMP10287,  edhitha.muni51  ,Edhitha Muni,Ops,Analyst,REGIONAL OFFICE,ws-10287,DEV69054,ACTIVE,2023-01-10 11:12:21,,manager484
EMP10694,,Ekaja Bhagat,Customer Care,Consultant,HEAD OFFICE,WS-10694,dev14087,Working,2025-12-21 17:27:31,,manager740
EMP10308,teerth.seshadri93,Teerth Seshadri,R&D,Consultant,Head_Office,WS-10308,,Disabled,2020-12-23 13:22:46,2023-11-24 11:07:31,manager793
EMP12392,jagvi.baral41,Jagvi Baral,Sales,Analyst,Branch Office,WS_12392,DEV94116,Live,2020-06-23 03:23:38,,manager277
EMP10749,  madhav.khosla93  ,Madhav Khosla,Innovation,Specialist,Warehouse,ws-10749,DEV-64927,ACTIVE,2025-10-03 00:00:00,,unknown
EMP11803,yashawini.salvi36,Yashawini Salvi,Fin,Engineer,data center,WS-11803,dev 31840,ACTIVE,2021-12-21 05:25:35,,unknown
EMP11978,krishna.prashad38,Krishna Prashad,Mkt,Specialist,Branch_Office,LPT-11978,DEV69389,ON_LEAVE,2024-12-16 00:00:00,,
EMP11614,lucky.goda58,Lucky Goda,Hr,Officer,REMOTE,LPT-11614,,Enabled,2024-09-26 22:30:12,,
EMP10908,bhavya.shah29,Bhavya Shah,R&D,Administrator,REMOTE,WS-10908,dev 16117,Working,2024-09-26 00:00:00,,MANAGER254
EMP12402,oni.mander24,Oni Mander,People Team,Executive,,LPT-12402,dev16179,A,2023-11-23 14:43:25,,
EMP12452,hritik.raman63,Hritik Raman,IT,Officer,head office,VDR-12452,DEV-88025,Live,2025-11-01 07:59:27,,manager361
EMP11370,eiravati.devi70,Eiravati Devi,Call Center,Engineer,head office,WS-11370,DEV-13378,Active,2022-05-25 15:19:43,,
EMP12570,ekiya.dube95,Ekiya Dube,Finance,Engineer,Branch_Office,VDR-12570,dev 74811,A,2023-11-20 00:00:00,,manager695
EMP10970,geetika.palla32,Geetika Palla,Human Resources,Trainee,,WS-10970,DEV-17134,D,,,
EMP10013,azaan.bhagat20,Azaan Bhagat,Finance,Director,,LPT-10013,DEV-60432,Enabled,2023-12-25 04:19:44,,
EMP10873,jack.kamdar91,Jack Kamdar,Rd,Director,HEAD OFFICE,ws-10873,,Live,,,
EMP10808,CHAKRIKA.WABLE69,Chakrika Wable,Information Technology,Manager,,VDR-10808,DEV72221,A,2025-01-05 03:24:00,,manager789
EMP12657,gagan.boase71,Gagan Boase,IT,Manager,,lpt-12657,dev98946,Live,2024-03-19 00:00:00,,
EMP10514,,Abhiram Rajagopal,Mktg,Administrator,warehouse,VDR-10514,,Enabled,2025-07-23 21:33:51,,manager701
EMP12486,charvi_om72,Charvi Om,Hr,Consultant,WORK FROM HOME,lpt-12486,,ACTIVE,2021-01-09 21:08:01,,manager947
EMP10409,nihal.balasubramanian98,Nihal Balasubramanian,People Team,Manager,Warehouse,LPT-10409.corp.local,DEV47498,L,2022-12-04 00:00:00,,manager770
EMP11455,leena_hayer23,Leena Hayer,Accounts,Director,,VDR-11455,DEV-23950,Working,2020-09-13 18:07:12,,MANAGER850
EMP12765,zayyan.chatterjee30,Zayyan Chatterjee,Legal Dept,Analyst,DATA CENTER,WS_12765,dev 70764,ACTIVE,2025-04-25 14:06:00,,
EMP11397,kalpit.palla51,Kalpit Palla,Sales,Trainee,,,,Active,2022-08-23 00:00:00,,  manager929  
EMP11862,,Falguni Parikh,Cs,Officer,remote,lpt-11862,dev40780,L,2023-04-23 00:00:00,,manager771
EMP12215,osha.butala17,Osha Butala,Compliance,Consultant,DATA CENTER,VDR-12215,,Active,2021-08-03 06:43:00,,manager409
EMP11805,liam.sarma22,Liam Sarma,Sales,Analyst,work from home,LPT-11805,dev 88988,A,2020-07-28 00:00:00,,
EMP10382,janani.deep4,Janani Deep,Ops,Specialist,Warehouse,LPT-10382,DEV-83807,Terminated,2024-03-09 07:05:05,,manager192
EMP11677,sachi.bains24,Sachi Bains,People Team,Manager,HEAD OFFICE,WS-11677,DEV-99863,A,2020-06-04 08:10:04,,manager496
EMP12953,qadim.saxena42,Qadim Saxena,Brand Team,Engineer,DATA CENTER,WS-12953,dev 95279,A,2020-10-21 09:42:00,,manager153
EMP11506,charvi.bera96,Charvi Bera,Customer Care,Engineer,Regional_Office,LPT-11506,DEV-57652,Enabled,2023-05-23 01:39:32,,manager437
EMP12269,eesha_pant59,Eesha Pant,Ops Team,Specialist,,VDR-12269,dev69132,Live,2024-10-23 05:43:10,,unknown
EMP11446,mekhala.varughese7,Mekhala Varughese,Hr,Administrator,Work_From_Home,lpt-11446,DEV-55364,Active,2021-05-28 16:47:57,,manager774
EMP10552,xalak.tiwari59,Xalak Tiwari,Hr Dept,Officer,,WS-10552,DEV-11103,Active,2021-10-16 00:00:00,,MANAGER203
EMP10222,sachi.bhargava76,Sachi Bhargava,Operations,Officer,work from home,VDR_10222,DEV-79774,Enabled,2024-10-14 22:40:30,,manager935
EMP11096,aishani.madan27,Aishani Madan,People Team,Executive,Work_From_Home,VDR-11096,,Active,2023-10-21 12:06:00,,
EMP12677,vincent.hayre30,Vincent Hayre,Hr Dept,Executive,WORK FROM HOME,WS-12677,dev 45418,Enabled,2024-12-06 08:05:31,,manager898
EMP10008,wakeeta.joshi82,Wakeeta Joshi,Fin,Officer,Regional_Office,LPT-10008,DEV-31417,Live,2022-04-18 16:46:07,,
EMP11575,suhani.gupta20,Suhani Gupta,Sales,Trainee,,vdr-11575,DEV46106,Working,2020-02-03 00:00:00,,manager633
EMP10316,keya.basu50,Keya Basu,Legal,Executive,Data_Center,VDR-10316,DEV-80435,Working,2025-06-27 18:04:46,,
EMP10427,MAHIKA.SURA52,Mahika Sura,Legal,Analyst,warehouse,VDR-10427,DEV-84978,Blocked,2022-12-02 04:23:23,2023-11-12 14:41:25,manager753
EMP12167,isaiah.salvi78,Isaiah Salvi,It Dept,Director,branch office,LPT-12167,,Enabled,2023-06-10 12:58:32,,
EMP10105,  quincy.kunda53  ,Quincy Kunda,It Support,Consultant,regional office,WS-10105,DEV-59968,Live,2025-08-24 00:00:00,,
EMP11476,chameli.bajwa81,Chameli Bajwa,Research And Development,Officer,,LPT-11476,dev37204,Working,2024-07-03 00:00:00,,manager398
EMP10142,wishi.balay53,Wishi Balay,Operations,Director,Work From Home,VDR-10142,DEV-16743,LWP,2025-02-08 00:00:00,,manager206
EMP10121,MASON.SARNA33,Mason Sarna,R&D,Administrator,Regional_Office,WS_10121,DEV25095,Working,2020-08-21 00:00:00,,manager331
EMP12443,chanakya.raj3,Chanakya Raj,Legal,Trainee,Data_Center,WS-12443,,Working,2023-08-05 15:16:54,,
EMP12951,urvi.golla88,Urvi Golla,Innovation,Administrator,warehouse,LPT-12951,dev29505,A,2020-12-21 14:30:38,,
EMP11189,kai.chhabra30,Kai Chhabra,Sales Dept,Executive,Work From Home,VDR-11189,DEV-31108,On Leave,2024-04-07 11:29:00,,manager846
EMP12023,BALVEER.BABU77,Balveer Babu,Brand Team,Officer,remote,,dev27037,Enabled,2025-02-24 12:37:00,,MANAGER853
EMP12679,eiravati.venkatesh64,Eiravati Venkatesh,Legal,Engineer,Head_Office,WS-12679,dev 70265,Enabled,2023-02-28 19:36:00,,  manager167  
EMP11459,yagnesh.solanki69,Yagnesh Solanki,Legal,Manager,Branch_Office,lpt-11459,,Left,,2026-03-25 01:44:00,manager729
EMP10115,anay.prabhu39,Anay Prabhu,Sales,Director,Work From Home,WS-10115,DEV23979,Active,2024-11-11 21:38:49,,manager402
EMP12102,gaurang.cheema44,Gaurang Cheema,Operations,Administrator,work from home,LPT-12102,dev99712,ACTIVE,2020-01-24 13:01:03,,manager827
EMP11611,SARA.GANESH12,Sara Ganesh,Hr Dept,Director,Warehouse,VDR-11611,DEV99830,A,2023-06-20 06:56:02,,  manager585  
EMP12211,samar.bal73,Samar Bal,Purchase,Specialist,Data Center,LPT-12211.corp.local,dev 60910,Live,2020-02-17 22:17:34,,manager652
EMP12882,hemangini.dhaliwal99,Hemangini Dhaliwal,Legal,Manager,Work_From_Home,vdr-12882,DEV72341,Enabled,,,
EMP12144,krishna_gala53,Krishna Gala,Marketing Dept,Officer,WAREHOUSE,lpt-12144,dev 10044,Live,,,
EMP11703,jagdish.mammen94,Jagdish Mammen,IT,Engineer,WAREHOUSE,VDR-11703,,Live,2023-03-14 00:00:00,,manager938
EMP11913,darpan.randhawa69,Darpan Randhawa,Business Sales,Analyst,Data Center,vdr-11913,,Working,2025-08-04 03:37:00,,
EMP10672,leena.kale20,Leena Kale,Sales,Consultant,Data Center,VDR-10672,dev 78632,Working,2022-10-14 00:05:00,,manager992
EMP12786,,Lucky Chand,Procurement Team,Executive,,LPT-12786,DEV53715,Deactivated,2026-05-01 00:00:00,,manager704
EMP11737,fitan.rana52,Fitan Rana,Ops Team,Trainee,Remote,WS-11737,DEV29350,DISABLED,,,manager517
EMP11616,arunima.sampath73,Arunima Sampath,Operations,Manager,branch office,LPT-11616.corp.local,DEV-93424,A,,,manager453
EMP10591,fariq.chhabra6,Fariq Chhabra,Rd,Trainee,,WS_10591,DEV81137,ACTIVE,2021-08-12 14:42:42,,  manager656  
EMP12800,pooja.sani57,Pooja Sani,Support,Officer,Head_Office,LPT-12800,dev 61346,Live,2025-04-03 05:46:04,,manager192
EMP10888,VEDANT.PARMER66,Vedant Parmer,Human Resource,Officer,Data_Center,WS_10888,dev22384,Active,2026-02-15 22:12:23,,manager359
EMP11868,jagvi.acharya69,Jagvi Acharya,Research And Development,Officer,Head_Office,WS-11868,DEV-97555,ACTIVE,2020-09-15 00:00:00,,manager194
EMP11779,hardik.pathak18,Hardik Pathak,Mktg,Engineer,Regional Office,VDR_11779,,ACTIVE,2024-09-13 00:00:00,,manager917
EMP11972,yochana.vyas99,Yochana Vyas,Business Sales,Administrator,remote,WS-11972,dev16822,DISABLED,2024-04-30 15:26:39,,manager597
EMP10213,DARPAN.TRIPATHI54,Darpan Tripathi,Sales,Executive,Work_From_Home,WS-10213,dev 85718,A,2021-12-08 19:03:23,,
EMP10778,gaurang.de59,Gaurang De,Operations Dept,Executive,HEAD OFFICE,VDR-10778,dev 81584,Leave,,,manager402
EMP11777,anusha.contractor42,Anusha Contractor,Sales,Specialist,branch office,WS-11777,,Active,2022-11-06 19:17:50,,manager521
EMP10800,naveen.bains15,Naveen Bains,Fin,Analyst,Data_Center,WS-10800,,Enabled,2021-07-03 21:38:00,,unknown
EMP11732,andrew.tiwari53,Andrew Tiwari,Finance,Analyst,WAREHOUSE,LPT-11732.corp.local,dev 96063,Enabled,2026-07-18 20:32:35,,unknown
EMP12355,jai.sehgal30,Jai Sehgal,Hr Dept,Executive,Head_Office,LPT-12355,DEV25866,Active,2022-12-29 00:00:00,,
EMP12744,wakeeta.dubey69,Wakeeta Dubey,R&D,Engineer,head office,WS-12744,DEV-43877,ON_LEAVE,2024-06-07 05:05:30,,manager378
EMP12794,,Madhav Char,People Team,Consultant,WORK FROM HOME,WS-12794,DEV-44153,Live,,,manager474
EMP11343,sanaya.dara84,Sanaya Dara,IT,Engineer,Head Office,VDR-11343,DEV-15046,A,,,
EMP10273,reva.parsa46,Reva Parsa,Finance,Executive,Regional Office,VDR-10273,DEV-74004,Working,2024-08-11 00:00:00,,unknown
EMP10071,ronith.varkey59,Ronith Varkey,Finance,Director,Branch_Office,vdr-10071,,LWP,2022-04-19 02:48:00,,manager651
EMP12276,dev.munshi71,Dev Munshi,Support,Manager,regional office,VDR-12276,dev 51018,ACTIVE,2023-11-12 19:42:22,,manager581
EMP11087,,Andrew Date,Sales,Engineer,regional office,vdr-11087,dev 11197,Active,2024-11-23 13:58:00,,manager904
EMP10394,kiaan.suri21,Kiaan Suri,Human Resource,Officer,HEAD OFFICE,WS-10394,DEV-87860,Leave,,,manager541
EMP10583,peter.johal99,Peter Johal,Rd,Engineer,,LPT_10583,DEV36106,ACTIVE,2026-07-23 09:37:34,,manager781
EMP12080,ojas.bala91,Ojas Bala,Operations,Officer,Remote,LPT_12080,dev 41037,A,2023-05-10 04:33:04,,
EMP12961,chatura.char56,Chatura Char,Ops Team,Consultant,REGIONAL OFFICE,LPT-12961,DEV98510,Working,2021-03-05 00:00:00,,manager858
EMP10500,  irya.prakash40  ,Irya Prakash,Sales,Consultant,branch office,WS_10500,dev94663,Blocked,2021-03-18 14:13:24,,manager358
EMP12098,caleb.pandit47,Caleb Pandit,Compliance,Administrator,WORK FROM HOME,LPT-12098,DEV37788,DISABLED,,,unknown
EMP12291,bina.sem68,Bina Sem,Business Sales,Manager,Work From Home,LPT-12291,dev 44559,ACTIVE,2026-04-23 22:08:18,,MANAGER382
EMP12823,harinakshi.badami29,Harinakshi Badami,Support,Manager,Head_Office,VDR-12823,DEV-12135,A,2021-01-10 05:40:57,,MANAGER709
EMP11567,HARDIK.KATA71,Hardik Kata,Hr,Officer,BRANCH OFFICE,WS-11567,,Enabled,2025-10-15 00:00:00,,manager117
EMP11259,kashish.chaudhari74,Kashish Chaudhari,Human Resource,Executive,DATA CENTER,,,ACTIVE,2023-02-12 19:13:47,,manager129
EMP11714,ekaraj.nagar7,Ekaraj Nagar,Sales,Trainee,head office,LPT-11714,,Live,2021-04-19 04:58:23,,
EMP12091,chakrika.mittal44,Chakrika Mittal,Sales,Officer,Head Office,,dev 33440,Working,,,
EMP10205,ekapad.chacko29,Ekapad Chacko,Operations,Officer,Remote,LPT-10205,dev42847,Live,,,
EMP10733,vivaan.choudhry44,Vivaan Choudhry,IT,Director,Head_Office,LPT-10733,DEV-95701,Live,2023-11-25 02:34:16,,unknown
EMP11867,balveer.bandi35,Balveer Bandi,Finance,Manager,work from home,WS-11867,,A,2026-07-07 21:05:02,,
EMP10526,  tanveer.reddy70  ,Tanveer Reddy,IT,Director,WAREHOUSE,WS-10526,,Exited,2025-12-07 00:00:00,2026-03-06 14:59:00,unknown
EMP11467,  balhaar.chahal52  ,Balhaar Chahal,Information Technology,Executive,,WS_11467,dev95576,A,,,
EMP10898,UDYATI.SAGAR51,Udyati Sagar,IT,Consultant,head office,LPT_10898,dev 92629,Deactivated,2023-09-03 12:26:00,,
EMP10377,,Balvan Sodhi,Business Sales,Officer,,LPT-10377,dev 60134,D,,2026-05-18 15:21:07,manager679
EMP12428,mekhala.devan19,Mekhala Devan,Finance,Manager,Branch_Office,LPT-12428,dev 12242,Working,2020-07-17 00:00:00,,MANAGER267
EMP12764,urmi.dey32,Urmi Dey,Customer Support,Consultant,REMOTE,VDR-12764,dev 62437,Working,2021-09-05 21:02:00,,unknown
EMP12870,yochana_goda80,Yochana Goda,Research And Development,Executive,Branch_Office,ws-12870,DEV25640,Working,,,manager244
EMP10386,ikshita.bains18,Ikshita Bains,Finance,Director,WORK FROM HOME,VDR-10386,,Enabled,,,manager675
EMP10198,  ansh.barad37  ,Ansh Barad,Innovation,Engineer,head office,LPT-10198,dev 19706,ACTIVE,,,manager189
EMP11050,RADHIKA.UPPAL16,Radhika Uppal,Legal,Specialist,branch office,,,LWP,2026-07-24 06:05:14,,unknown
EMP10590,aarav.rajagopalan83,Aarav Rajagopalan,Ops,Trainee,Regional Office,lpt-10590,dev 12798,A,,,manager356
EMP10519,joshua.modi3,Joshua Modi,Business Sales,Analyst,Branch_Office,vdr-10519,DEV87640,Working,2025-05-09 21:56:10,,  manager686  
EMP12087,FAQID.SHUKLA15,Faqid Shukla,Sales Dept,Executive,head office,VDR-12087,DEV70338,Enabled,2026-05-27 10:23:11,,manager154
EMP12107,dalbir_kale66,Dalbir Kale,Hr,Analyst,,LPT-12107.corp.local,dev64076,Active,2020-11-07 20:39:00,,manager382
EMP10429,dominic.sood93,Dominic Sood,Cs,Executive,Regional Office,ws-10429,dev 95778,ACTIVE,2023-01-08 19:51:01,,manager992
EMP11083,dipta.muni23,Dipta Muni,Rd,Director,,vdr-11083,dev 30865,ON_LEAVE,,,manager532
EMP10207,tanveer.dutt80,Tanveer Dutt,Purchase,Consultant,work from home,VDR-10207,DEV15399,Disabled,2020-03-29 03:40:00,2025-09-12 00:00:00,
EMP10491,lekha.wadhwa81,Lekha Wadhwa,Human Resource,Engineer,Regional Office,VDR-10491.corp.local,DEV37941,L,,2024-06-25 07:54:00,manager819
EMP11425,  hemang.desai79  ,Hemang Desai,Finance,Executive,Work From Home,LPT_11425,dev 20855,Working,,,manager752
EMP12998,aryan.talwar5,Aryan Talwar,Human Resources,Administrator,WAREHOUSE,LPT-12998.corp.local,DEV23596,A,2022-05-29 00:28:00,,manager827
EMP10792,zayan.khanna77,Zayan Khanna,Operations,Specialist,,VDR-10792,dev 67156,Exited,2025-05-05 02:46:00,2025-08-05 23:58:49,manager850
EMP12618,mohini.kaul61,Mohini Kaul,Finance,Executive,Branch_Office,VDR-12618,DEV88082,L,2025-01-01 00:00:00,2025-10-26 00:00:00,manager602
EMP11186,CHRISTOPHER.CHAUDHARY51,Christopher Chaudhary,Support,Engineer,,WS-11186.corp.local,dev56640,LWP,2025-12-23 01:53:21,,manager439
EMP11185,abhiram.iyengar62,Abhiram Iyengar,IT,Analyst,Remote,LPT-11185,dev 50449,Active,2023-01-13 01:41:15,,unknown
EMP12344,keya.khatri85,Keya Khatri,Human Resource,Consultant,Head_Office,WS-12344,DEV-45083,ACTIVE,,,
EMP11432,VASUDHA.DASS81,Vasudha Dass,It Support,Executive,WORK FROM HOME,LPT-11432,DEV-38511,Active,2023-12-01 06:07:00,,manager841
EMP12739,manan.choudhary21,Manan Choudhary,R&D,Manager,warehouse,LPT-12739,,Working,2026-07-18 15:25:25,,manager923
EMP10083,hemang.pingle33,Hemang Pingle,Research And Development,Manager,,,DEV-62521,Live,2024-11-27 00:00:00,,manager154
EMP12441,varenya.gala92,Varenya Gala,Supply Chain,Executive,,VDR-12441,DEV-80852,DISABLED,2026-03-21 00:00:00,,
EMP12641,christopher.sandhu42,Christopher Sandhu,Innovation,Executive,data center,LPT-12641,,Working,,,  manager869  
EMP10020,pranit.raja29,Pranit Raja,Hr,Consultant,head office,VDR-10020,DEV82603,Working,2021-11-15 00:00:00,,  manager824  
EMP12643,yash.madan58,Yash Madan,Legal,Director,,LPT-12643.corp.local,,Working,2023-03-18 01:34:16,,manager247
EMP12821,nicholas.thakur60,Nicholas Thakur,Operations,Trainee,Remote,vdr-12821,DEV-52163,A,2022-04-29 06:46:35,,
EMP11405,yug.modi93,Yug Modi,Brand Team,Officer,remote,VDR-11405,dev 58710,Enabled,2021-05-30 00:00:00,,MANAGER635
EMP12058,girindra.goyal89,Girindra Goyal,Business Sales,Director,Data_Center,vdr-12058,dev 67811,Live,2022-06-28 06:55:18,,manager253
EMP12775,azad.dara84,Azad Dara,Research And Development,Director,,VDR-12775.corp.local,DEV-18826,ON_LEAVE,2022-08-05 11:26:00,,manager777
EMP12057,orinder.sachdev68,Orinder Sachdev,Purchase,Director,,VDR-12057,dev 91259,Leave,2024-03-04 00:00:00,,manager970
EMP10973,VARENYA.WALI14,Varenya Wali,Information Technology,Officer,Head_Office,WS-10973,,Active,2025-01-04 21:22:17,,
EMP12874,dayita.kannan36,Dayita Kannan,IT,Analyst,head office,WS-12874,dev78652,Active,2024-06-06 00:00:00,,
EMP10883,daniel.rattan78,Daniel Rattan,Accounts,Consultant,regional office,LPT-10883,,A,2024-01-03 04:56:22,,manager497
EMP11098,rajeshri_uppal5,Rajeshri Uppal,Hr Dept,Manager,Warehouse,WS-11098.corp.local,dev 57652,Leave,2021-06-17 03:39:43,,manager773
EMP10156,laban.muni15,Laban Muni,Support,Officer,Branch_Office,WS-10156,DEV56019,A,2025-06-28 07:42:58,,
EMP12348,indrajit.sangha86,Indrajit Sangha,Information Technology,Manager,,VDR-12348,DEV-75028,Enabled,2026-03-14 19:30:21,,manager253
EMP10886,veda_dani92,Veda Dani,Fin,Trainee,WAREHOUSE,VDR-10886,,Working,2022-06-22 04:23:18,,manager181
EMP12477,mitali.madan32,Mitali Madan,Procurement Team,Consultant,Warehouse,WS-12477,DEV98487,Active,,,
EMP12979,megha.sant38,Megha Sant,Sales Dept,Director,Data_Center,,DEV29757,Active,2022-11-18 11:23:00,,MANAGER260
EMP12554,shivansh.bail27,Shivansh Bail,Accounts,Director,,vdr-12554,DEV-56284,Working,2021-11-28 23:03:57,,unknown
EMP11596,avi.kant18,Avi Kant,Legal,Manager,Work_From_Home,VDR-11596,dev48523,Working,2020-09-12 10:08:00,,
EMP11945,ira.shukla68,Ira Shukla,Human Resources,Director,,LPT-11945,dev30297,A,2021-03-15 15:04:00,,manager733
EMP12339,neel.kade32,Neel Kade,Human Resource,Manager,warehouse,LPT-12339,DEV-45593,ACTIVE,2024-03-07 21:29:56,,manager947
EMP12730,maya.bava52,Maya Bava,R&D,Manager,Warehouse,lpt-12730,DEV-33990,Live,2023-07-30 20:25:24,,manager978
EMP10458,  christopher.khanna72  ,Christopher Khanna,Supply Chain,Analyst,,VDR-10458,dev30568,Enabled,2023-12-29 00:43:09,,
EMP12016,darsh.deshpande19,Darsh Deshpande,IT,Consultant,work from home,LPT-12016,dev59298,Enabled,2020-09-19 01:46:43,,manager275
EMP10078,dakshesh_joshi90,Dakshesh Joshi,Research And Development,Administrator,Remote,ws-10078,dev 40217,A,,,manager860
EMP11056,yashoda_chada85,Yashoda Chada,Legal,Specialist,Remote,VDR-11056,dev63950,A,2026-03-10 17:40:16,,
EMP10906,  libni.dave64  ,Libni Dave,Marketing,Engineer,Branch_Office,VDR-10906.corp.local,DEV-16166,On Leave,2023-01-19 00:00:00,,unknown
EMP12282,chaitaly.prashad36,Chaitaly Prashad,Marketing,Trainee,REMOTE,VDR_12282,dev 37711,Working,2026-05-17 00:18:37,,
EMP12778,,Ethan Babu,Operations Dept,Director,remote,LPT-12778,DEV97441,Resigned,2021-02-24 00:00:00,,manager826
EMP10380,THOMAS.BARAD31,Thomas Barad,Mktg,Officer,Work_From_Home,VDR-10380,,Live,2021-11-12 16:30:48,,manager916
EMP10947,VANSHA.CHOUDHURY76,Vansha Choudhury,Business Sales,Trainee,Warehouse,VDR_10947,DEV60469,Terminated,,2026-03-30 19:17:00,manager167
EMP12148,ridhi.kota93,Ridhi Kota,Business Sales,Consultant,Regional_Office,VDR-12148,DEV-93898,Disabled,2021-09-27 00:00:00,2022-08-29 00:02:25,manager586
EMP12768,harita.divan53,Harita Divan,Purch,Specialist,branch office,LPT-12768,dev 60309,Working,2020-08-13 00:00:00,,unknown
EMP10715,FORUM.VYAS33,Forum Vyas,Purch,Director,DATA CENTER,VDR-10715.corp.local,DEV-41692,ACTIVE,2025-01-03 02:27:52,,unknown
EMP12037,aayush.sha44,Aayush Sha,R&D,Executive,Remote,WS-12037,,ON_LEAVE,2021-06-17 22:36:00,,manager703
EMP10686,rajeshri.shah80,Rajeshri Shah,Business Sales,Officer,,,DEV-60307,Live,2021-10-08 23:21:40,,unknown
EMP12644,yashvi.chatterjee62,Yashvi Chatterjee,Human Resource,Engineer,REMOTE,lpt-12644,,OOO,2023-05-30 12:16:53,,manager808
EMP11293,upasna.gade39,Upasna Gade,Mkt,Analyst,WORK FROM HOME,WS-11293,dev91744,Live,2020-12-22 09:18:46,,  manager256  
EMP10305,raagini.naidu75,Raagini Naidu,Purchase,Engineer,Data Center,WS-10305,,Live,,,manager612
EMP10209,anirudh.kaul39,Anirudh Kaul,Research And Development,Engineer,work from home,VDR-10209,DEV-63227,ACTIVE,2020-08-14 17:15:00,,manager261
EMP11584,INDALI.WALLA86,Indali Walla,Compliance,Analyst,Warehouse,LPT-11584,dev 87377,Deactivated,2025-06-19 17:31:41,,manager220
EMP12289,ryan.warrior13,Ryan Warrior,Purchase,Officer,Branch_Office,LPT-12289,dev19311,A,2025-07-17 22:50:37,,manager712
EMP10885,tara.dash81,Tara Dash,Legal,Manager,HEAD OFFICE,VDR-10885,dev 54793,OOO,2025-10-02 15:01:28,,manager802
EMP11739,edhitha.bala97,Edhitha Bala,Customer Care,Executive,Head Office,ws-11739,dev 76368,Left,,2026-01-16 00:00:00,manager951
EMP10917,  abha.chaudhary85  ,Abha Chaudhary,Finance,Specialist,Head_Office,vdr-10917,dev96554,Resigned,2022-07-07 00:00:00,2026-04-13 19:11:21,manager666
EMP11775,harita.padmanabhan74,Harita Padmanabhan,Fin,Trainee,REMOTE,LPT-11775,DEV-74182,Leave,2024-07-13 03:54:26,,manager746
EMP11769,  jeremiah.sastry53  ,Jeremiah Sastry,Information Technology,Director,Head_Office,WS-11769,,Enabled,,,manager482
EMP10191,banjeet.baral14,Banjeet Baral,Hr,Consultant,,WS-10191,dev 50173,Live,2026-02-07 00:00:00,,manager806
EMP11860,gautami.johal58,Gautami Johal,Sales,Director,,WS-11860,dev 16260,On Leave,2022-04-30 03:40:56,,manager659
EMP12103,,Turvi Chada,Information Technology,Engineer,Head_Office,LPT-12103,DEV12209,ACTIVE,2023-06-13 23:15:15,,unknown
EMP11265,gayathri.mangal51,Gayathri Mangal,Legal,Manager,BRANCH OFFICE,vdr-11265,DEV-45162,ACTIVE,,,
EMP10483,theodore.oommen1,Theodore Oommen,Ops,Trainee,,LPT-10483,dev15235,Enabled,2022-09-29 00:00:00,,manager892
EMP10915,DAKSH.CHAUDHRY59,Daksh Chaudhry,Support,Consultant,HEAD OFFICE,WS-10915,dev 29082,Active,2026-07-02 14:03:10,,unknown
EMP12678,AADHYA.SARAF43,Aadhya Saraf,Procurement,Director,Remote,VDR-12678,dev 88793,ACTIVE,2020-06-24 08:36:29,,MANAGER348
EMP10277,januja.gera68,Januja Gera,Marketing,Officer,Remote,LPT-10277,DEV75826,Deactivated,2025-09-25 03:32:00,2025-03-12 18:25:40,manager198
EMP10988,kalpit_savant15,Kalpit Savant,Ops Team,Engineer,REMOTE,WS-10988,,Enabled,2023-02-03 20:26:50,,MANAGER639
EMP11697,gautami.batra90,Gautami Batra,Sales,Executive,REMOTE,VDR-11697,dev 85009,On Leave,2021-12-12 06:00:43,,manager724
EMP12018,darpan.koshy47,Darpan Koshy,IT,Consultant,Warehouse,ws-12018,DEV23749,Active,2023-12-06 02:07:06,,manager850
EMP12950,idika.dhawan31,Idika Dhawan,Sales,Manager,Remote,WS-12950,,Live,2026-04-14 19:08:41,,MANAGER482
EMP10571,amol.saran73,Amol Saran,Legal,Officer,regional office,,dev79964,Active,2022-12-14 14:44:40,,manager332
EMP11435,kalpit.das34,Kalpit Das,Innovation,Administrator,,,dev56550,A,,,unknown
EMP10993,bhanumati.raja48,Bhanumati Raja,Research And Development,Officer,,LPT-10993,dev 52182,Working,2024-06-20 14:18:21,,manager832
EMP11497,naveen.dubey63,Naveen Dubey,Business Sales,Administrator,,ws-11497,,Enabled,2023-10-31 00:00:00,,manager681
EMP11494,zayan.kakar93,Zayan Kakar,IT,Consultant,DATA CENTER,VDR-11494,DEV77051,Working,,,manager227
EMP10585,jagdish.reddy67,Jagdish Reddy,Human Resource,Administrator,data center,vdr-10585,,Live,,,
EMP11748,nicholas.aggarwal55,Nicholas Aggarwal,Purchase,Specialist,Data Center,VDR-11748,DEV90583,A,2025-10-10 22:39:00,,  manager132  
EMP11349,widisha.basak76,Widisha Basak,It Dept,Manager,warehouse,LPT-11349.corp.local,,A,2026-04-24 10:46:03,,manager695
EMP11007,  pushti.bhatia89  ,Pushti Bhatia,Cs,Administrator,Remote,VDR-11007,DEV-13046,Enabled,2020-04-10 01:40:34,,
EMP10674,tripti.iyengar15,Tripti Iyengar,Information Technology,Administrator,,VDR-10674,DEV87894,L,2022-11-01 11:53:00,2023-01-12 00:00:00,manager884
EMP11832,chakradev.vyas39,Chakradev Vyas,Rd,Director,HEAD OFFICE,VDR-11832,dev 49366,DISABLED,2022-11-03 11:12:03,2023-06-14 00:00:00,manager964
EMP10855,manthan.peri83,Manthan Peri,Fin,Analyst,data center,LPT-10855,DEV-92352,Enabled,2024-11-23 23:27:00,,manager261
EMP10447,tristan_nazareth15,Tristan Nazareth,Procurement Team,Trainee,Branch Office,LPT-10447,DEV77070,Enabled,2026-02-26 00:00:00,,MANAGER362
EMP11776,amrita.hayer9,Amrita Hayer,Brand Team,Administrator,REMOTE,WS-11776,dev 87913,Working,2022-08-30 14:49:16,,
EMP11723,yashica.pandey33,Yashica Pandey,Sales,Officer,Head_Office,WS-11723.corp.local,dev 11620,Live,2021-07-16 02:18:32,,unknown
EMP12330,yochana.pai61,Yochana Pai,Legal,Manager,,VDR-12330,dev70177,A,2021-05-08 08:21:25,,manager609
EMP12757,ishita_bhatt24,Ishita Bhatt,Marketing Dept,Consultant,WAREHOUSE,VDR-12757,,Left,2020-09-09 00:00:00,,
EMP12457,yashawini.chawla66,Yashawini Chawla,Compliance,Analyst,,LPT-12457,DEV25501,Deactivated,2020-04-07 00:00:00,2021-06-15 02:12:00,
EMP12503,GAUTAM.SASTRY56,Gautam Sastry,Support,Manager,Work_From_Home,LPT-12503,DEV-85775,Enabled,2024-03-07 14:37:27,,unknown
EMP12753,tejas.swamy73,Tejas Swamy,Finance,Trainee,REGIONAL OFFICE,,dev 21641,ACTIVE,2024-08-04 05:09:25,,manager706
EMP11247,riya.khare41,Riya Khare,Operations Dept,Director,HEAD OFFICE,VDR-11247,dev 51048,ACTIVE,2020-05-26 06:00:01,,manager813
EMP10294,EKAVIR.NATARAJAN35,Ekavir Natarajan,Research And Development,Executive,head office,LPT-10294,,Enabled,2022-07-20 07:08:00,,MANAGER178
EMP10588,gaurav.kibe32,Gaurav Kibe,Finance,Trainee,head office,VDR-10588,DEV-91087,Enabled,2026-06-17 20:54:38,,manager161
EMP11281,amol.talwar85,Amol Talwar,Information Technology,Analyst,REMOTE,LPT-11281,DEV55903,Resigned,,2026-08-27 17:34:00,manager188
EMP11518,vyanjana.chopra88,Vyanjana Chopra,Mkt,Specialist,,VDR-11518,,Enabled,2021-04-30 21:06:50,,  manager505  
EMP12183,faris.rama22,Faris Rama,Research And Development,Executive,,LPT-12183,DEV-82756,Working,2025-10-29 11:29:00,,manager174
EMP12244,ekiya_andra99,Ekiya Andra,Operations Dept,Manager,,WS-12244.corp.local,DEV-92436,Working,2026-03-19 22:57:58,,manager714
EMP12982,ekavir.karan53,Ekavir Karan,Human Resources,Director,,VDR-12982,DEV-29282,A,,,manager342
EMP11417,faris.agarwal50,Faris Agarwal,R&D,Consultant,REMOTE,VDR_11417,dev 51546,Live,2025-02-23 20:28:43,,
EMP10425,shivani.bajaj36,Shivani Bajaj,Mkt,Administrator,branch office,LPT-10425,DEV-77802,Live,2020-06-25 00:00:00,,unknown
EMP10534,liam.sidhu21,Liam Sidhu,People Team,Engineer,warehouse,WS-10534,DEV54359,Disabled,2025-03-22 17:02:00,2025-05-02 03:23:02,manager751
EMP11054,leela.gill21,Leela Gill,It Support,Manager,Work From Home,LPT-11054.corp.local,DEV94462,Live,2023-09-04 03:02:38,,manager700
EMP12375,benjamin.sama73,Benjamin Sama,Legal,Administrator,,LPT-12375,DEV29448,A,2021-11-25 05:20:00,,manager942
EMP12581,sai.sani51,Sai Sani,Finance,Analyst,Warehouse,WS_12581,,L,2024-03-23 00:00:00,2025-08-10 06:05:00,
EMP11840,triya.singh47,Triya Singh,Ops Team,Specialist,Head_Office,LPT-11840,DEV-31655,LEFT,,2025-04-15 03:52:43,manager140
EMP10132,EIRAVATI.PRABHU70,Eiravati Prabhu,Mktg,Executive,,VDR-10132,dev13379,ACTIVE,2023-01-18 00:28:00,,
EMP11956,damini.loke16,Damini Loke,Customer Support,Analyst,Warehouse,lpt-11956,DEV-41600,A,,,MANAGER604
EMP12602,anmol.solanki37,Anmol Solanki,Human Resources,Manager,Head_Office,VDR-12602,DEV-90276,Active,2021-08-30 00:00:00,,manager182
EMP10421,omya.tailor99,Omya Tailor,It Dept,Trainee,BRANCH OFFICE,,dev32701,Live,2020-01-27 07:06:00,,MANAGER722
EMP12740,jasmit_madan30,Jasmit Madan,Rd,Manager,,VDR_12740,dev10796,A,2022-08-14 19:14:05,,manager275
EMP12104,  ikbal.dewan73  ,Ikbal Dewan,R&D,Consultant,DATA CENTER,ws-12104,dev91645,ACTIVE,,,manager897
EMP12508,yashica.kumer96,Yashica Kumer,Hr,Manager,Warehouse,LPT-12508,dev 86610,Active,2022-02-11 10:26:05,,unknown
EMP11368,hardik.sundaram36,Hardik Sundaram,R&D,Trainee,Branch Office,LPT-11368,,Left,2022-03-17 00:00:00,,unknown
EMP10556,laksh.bala93,Laksh Bala,Marketing,Engineer,,WS-10556,DEV-59923,A,2026-04-13 00:00:00,,manager925
EMP12108,yug.rajan98,Yug Rajan,Human Resource,Trainee,branch office,WS-12108,dev 77669,Working,,,  manager931  
EMP12761,yagnesh.agrawal38,Yagnesh Agrawal,Business Sales,Director,REMOTE,,DEV50414,Enabled,,,  manager882  
EMP10570,  lila.rajagopalan71  ,Lila Rajagopalan,R&D,Executive,Regional_Office,VDR-10570,dev33204,A,2023-11-19 10:20:41,,manager751
EMP10352,anya.bahl99,Anya Bahl,IT,Consultant,Work From Home,WS-10352,dev45649,ACTIVE,2022-03-27 22:56:48,,manager690
EMP10091,aishani.parmer57,Aishani Parmer,Human Resource,Trainee,,WS-10091,dev 62757,Terminated,,2026-02-12 22:44:37,manager140
EMP12189,,Neel Shankar,Operations,Administrator,Remote,WS-12189,,Deactivated,2021-10-15 06:34:13,2024-11-11 19:47:19,manager586
EMP12611,zaid.mangat27,Zaid Mangat,Marketing Dept,Trainee,Work From Home,LPT-12611.corp.local,dev41549,Live,2025-11-13 00:00:00,,manager201
EMP11170,UPASNA.KURUVILLA64,Upasna Kuruvilla,Call Center,Officer,WORK FROM HOME,LPT-11170,,Live,2026-01-30 04:22:39,,manager691
EMP11588,ati.choudhury94,Ati Choudhury,R&D,Administrator,Remote,VDR-11588,dev55095,ACTIVE,,,manager902
EMP11285,azad.joshi75,Azad Joshi,Accounts,Engineer,Remote,,DEV64566,Active,2022-07-24 08:49:00,,  manager404  
EMP11813,aarush.krishna22,Aarush Krishna,Customer Support,Trainee,Branch Office,LPT-11813,,Live,2023-02-15 18:52:49,,
EMP11565,aadi.arya44,Aadi Arya,Customer Care,Administrator,HEAD OFFICE,WS-11565,dev 65904,Working,2024-08-15 00:00:00,,manager332
EMP11543,aarini.chandran27,Aarini Chandran,Legal,Analyst,data center,ws-11543,DEV-62321,A,2026-07-23 08:42:50,,manager934
EMP11576,timothy.maharaj40,Timothy Maharaj,Support,Manager,,VDR-11576,dev88439,A,2025-08-13 20:35:28,,manager941
EMP10697,omisha.suri10,Omisha Suri,It Support,Executive,regional office,WS-10697,dev 96235,Working,2021-02-25 20:10:24,,  manager757  
EMP12583,pallavi_dhingra3,Pallavi Dhingra,IT,Administrator,head office,LPT-12583,,Working,2026-07-25 05:53:07,,
EMP10348,nirja.wable20,Nirja Wable,Customer Support,Consultant,Data_Center,VDR-10348,DEV-93138,Enabled,2025-07-11 23:32:50,,manager167
EMP12008,neel.balay38,Neel Balay,Customer Care,Analyst,Work From Home,LPT-12008,dev 66512,Enabled,2020-06-13 08:31:08,,manager309
EMP12418,warda.dua80,Warda Dua,Marketing Dept,Executive,HEAD OFFICE,WS-12418,dev59411,ACTIVE,2025-08-22 15:09:00,,manager626
EMP12505,radhika.bath93,Radhika Bath,Procurement,Executive,Work_From_Home,LPT-12505,DEV-68365,ACTIVE,,,manager251
EMP12236,faris.garde11,Faris Garde,Business Sales,Manager,Head_Office,WS_12236,DEV-53553,Working,2022-12-28 23:44:00,,
EMP11137,shivani.deol7,Shivani Deol,Ops,Engineer,REMOTE,WS-11137,dev 46721,LEFT,2020-11-09 01:20:12,2023-01-01 19:25:00,
EMP12043,WAKEETA.NIGAM43,Wakeeta Nigam,Purchase,Engineer,Remote,LPT-12043.corp.local,DEV21273,D,2021-10-15 00:35:38,2022-07-16 01:48:12,manager564
EMP12752,  balendra.chander68  ,Balendra Chander,Operations,Analyst,Regional Office,LPT-12752,,A,,,manager447
EMP12921,kashvi.vala58,Kashvi Vala,Procurement Team,Trainee,warehouse,LPT-12921,dev 28628,Active,2022-07-28 23:59:54,,
EMP12905,zayan.narayan72,Zayan Narayan,Purchase,Administrator,REMOTE,VDR-12905,DEV89760,Live,2025-05-02 14:29:26,,manager514
EMP11339,  mitesh.koshy47  ,Mitesh Koshy,Mktg,Administrator,WORK FROM HOME,VDR-11339,dev 89691,Live,2022-11-08 11:45:40,,manager428
EMP12566,,Upadhriti Wason,Innovation,Executive,Work_From_Home,lpt-12566,DEV57091,LEFT,2020-01-05 15:06:00,,unknown
EMP10453,PRANIT.SASTRY21,Pranit Sastry,People Team,Director,Warehouse,WS-10453,DEV-84572,Enabled,2021-07-17 03:46:00,,manager897
EMP10913,tanay.bains1,Tanay Bains,Sales Dept,Trainee,Remote,WS-10913,,Active,2022-04-06 11:33:47,,  manager872  
EMP11199,ikshita.mital60,Ikshita Mital,People Team,Manager,,VDR-11199,dev24201,LEFT,2023-05-18 00:00:00,2024-03-23 00:00:00,manager166
EMP11274,,Balhaar Vaidya,IT,Executive,DATA CENTER,LPT_11274,DEV96424,On Leave,2023-01-14 18:20:43,,manager350
EMP12845,gaurika.tandon2,Gaurika Tandon,Rd,Consultant,work from home,WS-12845.corp.local,DEV21023,Enabled,2022-04-14 21:53:12,,  manager229  
EMP10037,BHAVANI.KARAN34,Bhavani Karan,Customer Support,Trainee,,LPT-10037,dev 22097,ACTIVE,2022-05-09 14:46:23,,  manager441  
EMP10974,LAKSH.DANI30,Laksh Dani,Purchase,Specialist,HEAD OFFICE,,DEV60321,Enabled,2023-08-23 01:52:39,,
EMP12854,vaishnavi.wali56,Vaishnavi Wali,Finance,Analyst,,lpt-12854,dev 42127,Live,2021-08-16 03:18:00,,unknown
EMP10983,  meghana.mani6  ,Meghana Mani,Research And Development,Engineer,head office,VDR-10983,dev 39232,Active,2023-12-20 11:30:06,,manager344
EMP12938,ojasvi_gade59,Ojasvi Gade,People Team,Specialist,,WS-12938,DEV-64458,A,2020-08-30 00:00:00,,manager420
EMP12516,  dakshesh.agate15  ,Dakshesh Agate,Human Resource,Director,REMOTE,LPT-12516,DEV-61496,Leave,2025-03-20 00:00:00,,manager237
EMP11418,,Yutika Doctor,Marketing,Executive,Work From Home,WS-11418,DEV83464,Working,2025-11-29 14:23:39,,
EMP11284,charvi.dyal13,Charvi Dyal,Marketing Dept,Administrator,warehouse,WS-11284,DEV32715,Active,,,
EMP11752,nachiket.singh59,Nachiket Singh,Legal Dept,Consultant,branch office,VDR_11752,dev71509,Enabled,2022-08-20 13:22:28,,manager820
EMP10039,JANYA.TELLA10,Janya Tella,Finance,Officer,Head_Office,WS-10039,dev86350,Active,2023-08-28 00:00:00,,manager415
EMP11486,  ethan.mukherjee77  ,Ethan Mukherjee,Purchase,Director,head office,,dev 89929,Enabled,2024-11-03 00:00:00,,manager800
EMP12003,nitara.bhargava30,Nitara Bhargava,Hr,Executive,remote,WS-12003,,Live,,,manager657
EMP10169,anirudh.rai28,Anirudh Rai,Ops,Trainee,BRANCH OFFICE,LPT-10169.corp.local,dev28030,Enabled,2022-07-07 23:51:26,,
EMP11355,finn.bahl84,Finn Bahl,R&D,Specialist,Branch Office,WS-11355,dev 64899,Live,2021-01-24 05:38:51,,
EMP10737,ayaan.mangat29,Ayaan Mangat,Human Resource,Engineer,DATA CENTER,ws-10737,dev98918,Working,2021-01-10 07:40:00,,
EMP11656,  qabil.sastry23  ,Qabil Sastry,Mkt,Specialist,WORK FROM HOME,LPT-11656,dev 94048,Live,2021-09-06 13:45:51,,  manager424  
EMP12782,harsh.patla58,Harsh Patla,Purch,Director,DATA CENTER,LPT-12782,DEV78969,Enabled,2022-11-01 05:36:00,,unknown
EMP11564,ikbal.bumb44,Ikbal Bumb,Operations,Executive,remote,,DEV73878,A,2023-11-18 17:23:14,,manager784
EMP12223,nidra.bhagat91,Nidra Bhagat,Purch,Analyst,regional office,LPT-12223,DEV-18305,ACTIVE,,,
EMP10634,utkarsh.murty19,Utkarsh Murty,Procurement Team,Executive,Remote,LPT-10634,DEV-83051,Enabled,,,MANAGER425
EMP12925,isha.gokhale21,Isha Gokhale,Purchase,Executive,regional office,WS-12925,,Working,2023-05-07 13:41:00,,unknown
EMP12042,nikita.gala74,Nikita Gala,Human Resource,Manager,Data Center,vdr-12042,,Working,2021-09-10 17:32:15,,manager821
EMP11290,ati.patla67,Ati Patla,Innovation,Analyst,Head Office,,DEV45412,DISABLED,2025-07-12 02:33:39,2025-09-25 18:12:39,
EMP11380,chakrika.sehgal29,Chakrika Sehgal,Hr Dept,Administrator,Data_Center,WS-11380,DEV52650,A,2023-08-13 00:15:06,,manager575
EMP10579,ekta.edwin69,Ekta Edwin,IT,Executive,Head_Office,WS-10579.corp.local,DEV-45283,ACTIVE,,,manager338
EMP10328,radha.sidhu98,Radha Sidhu,Legal,Trainee,BRANCH OFFICE,VDR-10328,dev 92890,A,2023-07-10 22:51:00,,manager177
EMP12732,zehaan.dar65,Zehaan Dar,Compliance,Consultant,branch office,,dev53186,Enabled,2020-05-25 01:31:15,,manager869
EMP10892,,Vasana Behl,Hr,Director,Warehouse,LPT-10892,DEV10766,ACTIVE,2020-02-11 08:03:46,,manager588
EMP12178,  orinder.gera82  ,Orinder Gera,Fin,Consultant,REMOTE,,DEV32915,Enabled,2021-01-18 09:48:00,,manager811
EMP10780,vrinda.guha94,Vrinda Guha,Innovation,Analyst,,VDR-10780,DEV82215,A,2020-03-18 00:53:36,,MANAGER961
EMP10159,dayita_kant42,Dayita Kant,Ops Team,Executive,Data_Center,LPT-10159,dev71462,Live,2022-07-29 19:55:41,,unknown
EMP11651,ethan.bhattacharyya54,Ethan Bhattacharyya,Legal Dept,Trainee,Regional_Office,WS-11651,DEV68181,Leave,,,manager433
EMP11807,waida.rai24,Waida Rai,Business Sales,Analyst,,LPT-11807,,ACTIVE,2020-05-03 08:50:34,,manager158
EMP12396,tanay.dani38,Tanay Dani,IT,Consultant,Head Office,WS-12396,dev 64209,LEFT,2022-03-15 12:13:37,2026-02-19 15:56:31,manager204
EMP10061,bahadurjit.mishra54,Bahadurjit Mishra,Cs,Officer,Work_From_Home,VDR-10061,dev 38906,ACTIVE,2022-04-27 23:31:55,,manager129
EMP10849,WIDISHA.KONDA86,Widisha Konda,Sales,Administrator,,ws-10849,DEV-50536,Enabled,2025-12-16 17:46:00,,manager931
EMP12196,vedika_loke72,Vedika Loke,Sales Dept,Specialist,data center,LPT-12196,DEV-78349,A,2024-10-30 18:07:55,,
EMP12978,ria.thakkar89,Ria Thakkar,Legal,Executive,WORK FROM HOME,VDR-12978,DEV-85574,A,2022-11-19 11:55:37,,manager257
EMP11716,samaksh.buch64,Samaksh Buch,IT,Director,WAREHOUSE,,dev15259,A,2020-04-21 20:46:16,,manager696
EMP11043,tripti.johal40,Tripti Johal,Finance,Engineer,Branch_Office,,DEV-33125,A,,,manager559
EMP12930,harsh.lall96,Harsh Lall,Purch,Consultant,Warehouse,WS-12930,dev 95236,ACTIVE,2025-05-02 08:49:36,,manager858
EMP11544,gautam.thakur16,Gautam Thakur,Hr Dept,Executive,,VDR-11544.corp.local,dev77698,ACTIVE,,,manager600
EMP12816,umang.sidhu48,Umang Sidhu,Information Technology,Executive,REGIONAL OFFICE,VDR-12816,dev94026,Enabled,2025-05-21 13:19:46,,manager957
EMP11726,leena.virk4,Leena Virk,Purchase,Analyst,Work From Home,LPT_11726,dev45944,LEFT,2022-07-31 18:36:53,2025-09-05 00:00:00,manager263
EMP11070,  megha.arya94  ,Megha Arya,Legal,Administrator,,LPT-11070,DEV28764,Terminated,2024-11-11 00:00:00,2026-05-22 11:01:13,manager230
EMP10053,  yashodhara.arora79  ,Yashodhara Arora,People Team,Trainee,data center,vdr-10053,,Working,,,  manager509  
EMP12517,  nakul.dave66  ,Nakul Dave,Sales,Trainee,data center,,DEV69891,ACTIVE,2021-05-07 03:45:10,,MANAGER531
EMP10258,QASIM.MITTAL91,Qasim Mittal,It Dept,Engineer,,LPT-10258,dev 62725,Working,2024-03-08 23:24:30,,manager984
EMP10505,agastya.pai92,Agastya Pai,Legal,Administrator,,WS-10505,,A,2022-10-27 00:00:00,,
EMP10752,samuel.sarkar48,Samuel Sarkar,Finance,Trainee,Regional_Office,lpt-10752,DEV-92840,A,,,manager230
EMP12084,vasudha.tata96,Vasudha Tata,Ops,Analyst,Head_Office,WS-12084,dev 36062,ACTIVE,2025-07-24 03:29:00,,
EMP10217,  balvan.shere52  ,Balvan Shere,IT,Specialist,Warehouse,LPT-10217,,Active,,,manager561
EMP10824,atharv.keer85,Atharv Keer,Support,Officer,,,dev 72378,Active,2021-04-30 15:23:00,,manager500
EMP11623,edhitha.khatri73,Edhitha Khatri,Purch,Officer,WAREHOUSE,WS-11623,dev81615,Live,2022-05-27 00:00:00,,manager558
EMP12345,edhitha.dugal87,Edhitha Dugal,Operations,Consultant,Data_Center,WS-12345,,Live,,,manager838
EMP11389,aadhya.uppal43,Aadhya Uppal,Legal Dept,Engineer,Warehouse,vdr-11389,DEV42598,Resigned,2020-04-22 01:56:00,2024-10-14 00:45:00,manager507
EMP11266,barkha.sahota45,Barkha Sahota,Brand Team,Specialist,,VDR-11266,DEV10407,Live,2024-12-04 12:18:19,,
EMP12540,kashvi_gulati39,Kashvi Gulati,Fin,Executive,remote,LPT-12540,dev44736,Disabled,2025-11-25 00:00:00,2026-02-16 23:12:36,MANAGER202
EMP11822,chatresh.cheema43,Chatresh Cheema,Purch,Trainee,Remote,VDR-11822,,Live,2020-06-07 04:35:53,,
EMP11598,megha_shetty89,Megha Shetty,Business Sales,Engineer,Branch_Office,WS-11598,,Disabled,2021-03-27 16:04:21,2023-04-23 18:11:06,unknown
EMP11607,shivansh.chaudhry63,Shivansh Chaudhry,Legal Dept,Executive,,LPT-11607,dev 96743,Enabled,,,manager411
EMP11747,darpan.sibal55,Darpan Sibal,Operations,Director,head office,VDR-11747,DEV-88323,A,2023-04-19 00:00:00,,manager411
EMP10771,wriddhish.sachar57,Wriddhish Sachar,IT,Administrator,Branch Office,LPT-10771.corp.local,dev 12888,Exited,2021-12-22 19:38:09,2026-05-25 05:20:50,manager521
EMP12887,gautam.ganguly1,Gautam Ganguly,Finance,Specialist,Remote,ws-12887,dev29285,Live,2020-05-17 14:52:00,,
EMP11871,vedant.kar97,Vedant Kar,Ops,Analyst,remote,WS-11871,dev 66675,Enabled,2024-05-11 00:47:00,,
EMP11085,finn.kurian25,Finn Kurian,Support,Director,head office,LPT_11085,dev 52391,Active,2024-12-08 04:32:37,,
EMP11325,  vaishnavi.barad69  ,Vaishnavi Barad,Purchase,Analyst,WORK FROM HOME,LPT-11325,DEV42757,D,2020-08-26 00:34:51,2024-05-19 13:40:40,manager144
EMP12186,  yashvi.vasa30  ,Yashvi Vasa,Operations,Officer,,,dev 44965,Active,,,MANAGER335
EMP12875,darika_wali54,Darika Wali,Call Center,Executive,Remote,,,ACTIVE,2023-07-12 12:00:00,,  manager361  
EMP11825,dipta.bala82,Dipta Bala,Brand Team,Executive,Branch_Office,LPT-11825.corp.local,dev22214,Enabled,2022-05-06 00:00:00,,manager142
EMP11754,girindra.uppal4,Girindra Uppal,Customer Support,Trainee,HEAD OFFICE,VDR-11754,DEV33754,Live,2025-12-05 21:51:31,,manager920
EMP11789,,Hiral Devi,Operations,Engineer,Branch_Office,LPT-11789,dev 82575,ACTIVE,,,manager925
EMP11987,madhav.samra18,Madhav Samra,Support,Analyst,WORK FROM HOME,ws-11987,,Terminated,2023-06-19 23:19:39,,
EMP12662,charles.padmanabhan1,Charles Padmanabhan,Cs,Engineer,WAREHOUSE,LPT-12662,DEV-62127,Active,2022-10-07 00:56:00,,manager260
EMP11163,chameli.srinivas29,Chameli Srinivas,Compliance,Manager,,LPT-11163,dev 24435,Enabled,,,manager730
EMP10963,yash_boase95,Yash Boase,Supply Chain,Specialist,Warehouse,LPT-10963.corp.local,DEV-18566,Working,2026-05-06 00:00:00,,manager365
EMP12988,zinal.munshi37,Zinal Munshi,Legal,Engineer,warehouse,WS-12988,DEV-67936,ACTIVE,2022-10-01 12:05:36,,  manager958  
EMP11771,gopal.walia83,Gopal Walia,Finance,Engineer,WAREHOUSE,VDR-11771,DEV-47699,Live,2020-08-21 04:32:13,,manager131
EMP10398,lila.mall81,Lila Mall,Procurement Team,Trainee,Branch_Office,LPT-10398,,A,2025-06-05 00:00:00,,manager183
EMP10584,rishi.suresh27,Rishi Suresh,Innovation,Director,Regional_Office,WS-10584,DEV-52344,Live,2026-03-12 13:17:00,,  manager662  
EMP10948,  yamini.dubey62  ,Yamini Dubey,IT,Director,Regional_Office,LPT-10948,DEV-12440,Live,2024-12-26 04:12:00,,manager352
EMP10704,pavani.wali74,Pavani Wali,Operations,Director,Remote,WS-10704,dev 47907,ACTIVE,,,
EMP10431,girik.salvi82,Girik Salvi,Purchase,Specialist,Warehouse,LPT-10431,DEV-71894,Left,2024-04-03 22:17:52,2025-11-17 00:00:00,
EMP10292,falguni.rajan71,Falguni Rajan,Hr,Specialist,WAREHOUSE,WS-10292,DEV60493,ACTIVE,2023-07-09 15:54:00,,manager186
EMP10145,abhimanyu.dass89,Abhimanyu Dass,Marketing,Analyst,BRANCH OFFICE,WS-10145,dev 50499,Terminated,2022-12-26 14:12:00,2023-08-06 03:00:22,manager510
EMP10323,mohini.dani84,Mohini Dani,Sales,Administrator,Work_From_Home,LPT-10323,DEV-68947,Live,2020-09-27 05:55:22,,
EMP12175,ira.kaul35,Ira Kaul,Innovation,Executive,,WS-12175,DEV-44487,Disabled,2025-06-07 01:01:25,2025-05-08 04:22:13,MANAGER213
EMP11165,balhaar.thakkar24,Balhaar Thakkar,Legal Dept,Executive,Regional_Office,vdr-11165,,A,,,  manager206  
EMP11452,bhanumati.anand48,Bhanumati Anand,Operations Dept,Consultant,,LPT-11452.corp.local,DEV90028,Active,2023-05-22 00:00:00,,
EMP10002,xalak.tiwari72,Xalak Tiwari,Sales,Officer,Data_Center,LPT-10002,dev 68878,A,,,
EMP10576,NICHOLAS.GOLA29,Nicholas Gola,Mkt,Manager,Data_Center,vdr-10576,dev 41399,Active,2025-03-20 04:42:54,,unknown
EMP12372,chavvi.dey98,Chavvi Dey,Purch,Trainee,,LPT-12372,,ACTIVE,2024-01-27 00:00:00,,unknown
EMP10339,amara.mitter83,Amara Mitter,Finance,Manager,warehouse,VDR_10339,DEV11110,A,2021-05-24 21:25:01,,manager839
EMP11897,bimala.khosla56,Bimala Khosla,It Dept,Administrator,Head Office,WS-11897,dev 70762,Active,2020-07-04 03:31:31,,manager636
EMP12140,  neelima.koshy46  ,Neelima Koshy,Human Resources,Trainee,,VDR-12140,DEV-97821,Live,2021-07-18 14:25:00,,manager146
EMP10925,ranveer.kapadia75,Ranveer Kapadia,Purchase,Officer,Work From Home,VDR-10925,DEV-40649,Active,2022-06-03 00:30:14,,manager934
EMP10265,netra.wali12,Netra Wali,Customer Support,Engineer,,WS-10265,dev 59436,ACTIVE,,,manager174
EMP10376,bhanumati.chandran62,Bhanumati Chandran,It Support,Manager,REMOTE,WS_10376,dev27987,ACTIVE,2025-06-19 15:38:43,,
EMP11983,timothy.korpal25,Timothy Korpal,Hr,Executive,WORK FROM HOME,LPT-11983,dev 48591,Deactivated,2023-08-28 13:46:00,2026-01-14 06:26:50,unknown
EMP11463,widisha.hari94,Widisha Hari,It Support,Officer,Regional_Office,ws-11463,dev 42588,Working,2024-07-20 03:23:17,,manager844
EMP10271,,Widisha Nagy,Legal,Administrator,Branch_Office,LPT-10271,DEV53236,A,2024-05-11 06:35:07,,
EMP10696,george_krishnamurthy72,George Krishnamurthy,Legal,Consultant,Work From Home,WS-10696,,Working,2025-09-12 00:00:00,,
EMP10244,BISHAKHA.CHOPRA60,Bishakha Chopra,Marketing,Executive,DATA CENTER,VDR-10244.corp.local,,Resigned,2025-12-25 21:00:52,,manager402
EMP12898,unnati.kaur19,Unnati Kaur,Legal Dept,Consultant,WORK FROM HOME,WS-12898,DEV-83810,ACTIVE,2025-04-19 03:37:00,,manager956
EMP10476,jason.parmar97,Jason Parmar,Finance,Administrator,REGIONAL OFFICE,WS-10476,DEV-29192,DISABLED,,2026-02-02 19:54:36,
EMP11804,tarak.hegde80,Tarak Hegde,Information Technology,Specialist,regional office,VDR-11804,dev33061,Enabled,,,unknown
EMP12116,SAANVI.KONDA9,Saanvi Konda,Customer Care,Engineer,work from home,LPT-12116,,A,2020-06-27 21:32:30,,
EMP12314,URMI.GANDHI15,Urmi Gandhi,Brand Team,Consultant,remote,LPT-12314.corp.local,DEV-17318,Active,,,manager888
EMP11812,ZINAL.VARTY46,Zinal Varty,Procurement Team,Specialist,,VDR-11812,dev 63110,Enabled,2024-06-14 08:46:59,,unknown
EMP12615,omkaar.upadhyay44,Omkaar Upadhyay,Sales,Consultant,warehouse,LPT-12615,DEV25647,A,2021-01-06 04:44:15,,manager792
EMP12868,jason.goda96,Jason Goda,Purch,Specialist,Warehouse,WS-12868,dev61303,Active,2025-10-11 00:00:00,,manager538
EMP12069,rishi.thaker79,Rishi Thaker,Sales,Director,BRANCH OFFICE,lpt-12069,DEV-65980,Disabled,2025-08-03 23:53:44,,manager410
EMP10250,vritti_bhalla72,Vritti Bhalla,Research And Development,Administrator,Regional Office,LPT-10250,,A,2020-01-10 08:50:59,,manager692
EMP10413,rushil.sunder88,Rushil Sunder,People Team,Engineer,,WS-10413,,A,2022-09-23 00:00:00,,manager526
EMP10545,,Zayyan Mohan,Operations,Officer,Warehouse,lpt-10545,DEV44517,A,2020-10-15 23:17:09,,manager866
EMP11193,nikita.rao21,Nikita Rao,Human Resource,Administrator,WAREHOUSE,WS-11193,dev 56316,Active,2021-10-07 17:05:43,,manager571
EMP10738,wazir.parsa74,Wazir Parsa,Call Center,Executive,REMOTE,LPT-10738,DEV-15975,Active,2022-11-08 08:58:00,,  manager380  
EMP10310,gabriel.trivedi30,Gabriel Trivedi,Legal,Executive,BRANCH OFFICE,VDR-10310,dev 96154,A,2020-03-31 16:44:00,,manager302
EMP11798,jack.madan88,Jack Madan,Purchase,Engineer,,VDR-11798,DEV18479,Working,,,  manager453  
EMP10893,YASH.SAWHNEY59,Yash Sawhney,Compliance,Specialist,regional office,WS-10893,DEV49688,ACTIVE,2025-03-31 00:00:00,,manager789
EMP11131,  nilima.gour98  ,Nilima Gour,Legal,Engineer,warehouse,,DEV77009,A,,,
EMP11449,geetika.gaba88,Geetika Gaba,Compliance,Engineer,Data_Center,VDR-11449.corp.local,DEV-59321,Blocked,2026-03-01 03:53:08,2026-02-09 09:02:16,manager425
EMP12993,OMAJA.MANN4,Omaja Mann,Legal,Officer,Branch_Office,LPT-12993,,Live,2020-10-12 16:06:12,,manager498
EMP10015,isaiah.swaminathan1,Isaiah Swaminathan,Marketing Dept,Officer,WORK FROM HOME,LPT-10015,dev 76542,Resigned,2025-04-26 17:45:42,,  manager256  
EMP10721,chameli.rama10,Chameli Rama,Mktg,Analyst,,WS-10721,DEV-53601,LWP,2022-03-13 07:39:56,,
EMP11420,ayush.yogi99,Ayush Yogi,Ops,Director,Branch Office,VDR-11420,dev83373,Terminated,2021-08-16 08:48:01,2023-02-23 00:00:00,
EMP12715,  arin.sant37  ,Arin Sant,Cs,Engineer,DATA CENTER,WS-12715.corp.local,DEV44944,Enabled,2020-08-29 14:54:26,,unknown
EMP10981,jasmit.apte26,Jasmit Apte,Business Sales,Manager,Remote,LPT-10981,,ACTIVE,2025-11-19 00:00:00,,unknown
EMP12184,manan_sharaf61,Manan Sharaf,Ops Team,Analyst,REGIONAL OFFICE,VDR-12184.corp.local,DEV-17966,Deactivated,,,
EMP11539,aradhana.korpal74,Aradhana Korpal,Ops Team,Specialist,BRANCH OFFICE,,DEV-29435,Enabled,2021-07-18 04:05:15,,manager646
EMP12608,nimrat.natt68,Nimrat Natt,Compliance,Analyst,work from home,LPT-12608,dev 75099,Enabled,2026-01-25 20:39:00,,manager993
EMP11550,,Gabriel Mukhopadhyay,Mktg,Consultant,Warehouse,WS-11550,DEV-30641,Working,2021-06-26 13:54:51,,
EMP12495,CHANDANI.JAIN37,Chandani Jain,Finance,Administrator,DATA CENTER,ws-12495,dev77449,Enabled,2022-07-13 10:15:00,,manager959
EMP10363,chatura.krishnan67,Chatura Krishnan,Legal,Consultant,,vdr-10363,DEV21128,Active,2024-04-19 07:25:32,,manager939
EMP10982,eta.aurora77,Eta Aurora,Ops,Specialist,,WS-10982.corp.local,dev 90753,A,2022-10-17 23:36:00,,manager565
EMP10182,gagan.edwin92,Gagan Edwin,Fin,Administrator,DATA CENTER,LPT-10182,,Working,2024-11-07 23:46:00,,manager780
EMP10985,maanas.nori15,Maanas Nori,Fin,Administrator,Data Center,LPT-10985,DEV92750,ACTIVE,2026-07-06 00:00:00,,
EMP12089,,Yahvi Raghavan,Hr Dept,Specialist,Regional_Office,lpt-12089,,Live,2022-12-01 11:22:48,,manager641
EMP11194,shivani.pal34,Shivani Pal,Research And Development,Administrator,Work_From_Home,WS_11194,dev 95235,Left,2021-01-20 03:35:28,,manager472
EMP12797,idika.badal3,Idika Badal,Sales,Specialist,Work_From_Home,VDR-12797,dev 81556,ACTIVE,2020-09-10 00:13:34,,
EMP11784,nandini.rajan36,Nandini Rajan,Customer Support,Specialist,data center,LPT-11784,dev44825,Active,2023-08-21 20:10:00,,
EMP11121,divya.narain73,Divya Narain,Compliance,Engineer,,VDR_11121,DEV-77571,Deactivated,2020-04-20 01:47:13,,
EMP10187,samar.khare6,Samar Khare,Sales,Analyst,Remote,WS_10187,DEV77552,Enabled,2024-08-14 00:00:00,,manager137
EMP10619,qabil.dhaliwal53,Qabil Dhaliwal,Legal Dept,Consultant,Remote,LPT_10619,DEV-52039,Live,2025-07-29 00:00:00,,manager412
EMP12329,sara.puri61,Sara Puri,Business Sales,Consultant,Branch Office,LPT_12329,DEV39705,Live,2020-09-27 00:00:00,,manager135
EMP11175,david.jayaraman10,David Jayaraman,R&D,Specialist,,LPT-11175,DEV13956,Enabled,2021-03-14 22:24:48,,  manager178  
EMP11182,ethan.madan49,Ethan Madan,Finance,Analyst,work from home,WS-11182,,Live,2022-04-18 14:39:40,,manager179
EMP12456,IRA.SHROFF38,Ira Shroff,Procurement,Officer,,WS-12456,,Active,2025-02-22 10:42:06,,manager755
EMP12268,,Krishna Parsa,Sales,Executive,,LPT-12268,,Terminated,2022-05-11 07:00:09,,
EMP10614,radha.dash90,Radha Dash,Sales Dept,Executive,head office,VDR-10614,DEV-61495,OOO,2026-05-27 00:00:00,,manager616
EMP11513,vedika.mandal79,Vedika Mandal,Rd,Analyst,REMOTE,WS-11513,DEV-88820,Enabled,2025-05-14 00:00:00,,manager619
EMP11466,eta.bajwa82,Eta Bajwa,Human Resources,Director,warehouse,,DEV-20323,Enabled,2025-01-06 06:51:19,,manager532
EMP10401,bhavna.sandal34,Bhavna Sandal,Sales Dept,Administrator,WAREHOUSE,LPT-10401,,ACTIVE,,,manager784
EMP10994,GAURAV.KONDA64,Gaurav Konda,Rd,Administrator,Warehouse,WS_10994,DEV-93637,Exited,2024-12-19 00:00:00,2025-05-29 07:22:50,manager307
EMP10934,  triveni.kohli19  ,Triveni Kohli,Purch,Director,head office,WS-10934,DEV47156,ACTIVE,2026-04-17 01:04:17,,MANAGER225
EMP10371,oviya.wason29,Oviya Wason,Finance,Engineer,work from home,WS-10371,DEV-58790,Live,2025-06-25 23:11:57,,MANAGER700
EMP12046,PUSHTI.MISRA35,Pushti Misra,Fin,Manager,Remote,LPT-12046,DEV14612,Live,2021-07-04 22:17:30,,manager730
EMP12233,MANAN.APTE72,Manan Apte,Ops,Administrator,BRANCH OFFICE,VDR-12233,DEV-28461,DISABLED,2024-06-09 00:00:00,,unknown
EMP10593,christopher.mital34,Christopher Mital,Support,Consultant,Data_Center,LPT-10593,dev 93627,Working,,,manager119
EMP12034,  lohit.toor26  ,Lohit Toor,Accounts,Consultant,,VDR-12034,dev48556,Active,2022-02-05 05:40:39,,manager236
EMP10726,orinder.sanghvi74,Orinder Sanghvi,IT,Officer,Regional_Office,ws-10726,,A,,,unknown
EMP10826,nihal.garde76,Nihal Garde,Information Technology,Executive,WORK FROM HOME,WS-10826,,D,2024-12-19 07:44:00,2026-04-18 21:25:50,manager199
EMP11783,suhani.lanka71,Suhani Lanka,Legal Dept,Analyst,HEAD OFFICE,lpt-11783,dev 43398,Terminated,,,MANAGER940
EMP10687,vaishnavi.dora76,Vaishnavi Dora,Legal,Director,Warehouse,WS-10687,,Active,2021-06-21 18:11:13,,
EMP12283,veer.ramanathan96,Veer Ramanathan,Hr Dept,Manager,DATA CENTER,WS-12283,,Active,2021-09-01 19:55:39,,  manager789  
EMP10136,aishani.chanda55,Aishani Chanda,People Team,Trainee,Regional_Office,WS-10136,dev 19632,LEFT,2022-09-27 18:23:00,2023-01-07 19:12:33,manager739
EMP12754,brijesh.dube88,Brijesh Dube,Human Resource,Specialist,data center,LPT_12754,dev 32477,Deactivated,2023-06-15 00:00:00,,MANAGER643
EMP10628,nathan_taneja72,Nathan Taneja,IT,Analyst,BRANCH OFFICE,VDR-10628,dev49967,Live,2023-05-07 06:00:00,,manager118
EMP10334,waida.arora17,Waida Arora,Mkt,Executive,Work From Home,WS-10334,,Enabled,2022-02-16 00:00:00,,MANAGER780
EMP10390,  girish.balakrishnan22  ,Girish Balakrishnan,People Team,Consultant,,LPT-10390,dev 44761,Enabled,2025-11-23 14:57:17,,manager362
EMP12381,lucky_sarkar95,Lucky Sarkar,Accounts,Analyst,Work_From_Home,LPT-12381.corp.local,,Active,2022-06-28 13:24:00,,manager516
EMP11109,ekapad.murthy37,Ekapad Murthy,Call Center,Administrator,Warehouse,LPT-11109.corp.local,dev16286,Working,2026-05-24 23:42:28,,manager453
EMP11849,  yochana.talwar9  ,Yochana Talwar,Information Technology,Analyst,work from home,WS-11849,dev61060,Enabled,2024-03-26 01:00:00,,manager507
EMP12781,,Rachit Dugal,Information Technology,Consultant,Data Center,VDR-12781,dev27263,Resigned,2020-09-21 15:06:47,2023-10-29 01:51:21,manager102
EMP10710,hamsini.bassi31,Hamsini Bassi,R&D,Executive,Branch_Office,VDR-10710,dev55229,A,2022-04-01 10:45:24,,
EMP11039,vritti.khalsa6,Vritti Khalsa,Customer Care,Director,,WS-11039,dev13105,Working,2026-03-26 22:58:52,,manager348
EMP12737,kashish.raman24,Kashish Raman,Information Technology,Manager,data center,LPT-12737,dev 85743,LEFT,2025-10-01 18:35:36,,  manager296  
EMP12751,william.narang20,William Narang,Customer Care,Executive,WAREHOUSE,,dev82124,ACTIVE,2026-07-21 12:45:22,,manager406
EMP12674,geetika.khurana37,Geetika Khurana,Ops,Analyst,branch office,WS-12674,DEV86139,Enabled,2024-09-18 09:52:01,,
EMP11561,aradhana.sarraf50,Aradhana Sarraf,It Support,Engineer,BRANCH OFFICE,,DEV-28737,ACTIVE,2022-01-08 21:50:25,,manager430
EMP12840,anmol.jaggi24,Anmol Jaggi,Call Center,Executive,REMOTE,LPT-12840,DEV-31478,DISABLED,2023-11-30 18:12:00,2026-06-10 00:00:00,
EMP11594,vrinda.ganesan90,Vrinda Ganesan,Customer Support,Administrator,work from home,VDR-11594,dev80550,Live,2025-05-04 12:32:19,,manager303
EMP12933,aarav.ben13,Aarav Ben,Sales,Administrator,,WS-12933,DEV-97509,Live,,,
EMP12837,  amara.kade96  ,Amara Kade,Innovation,Trainee,Work From Home,VDR-12837,dev21626,Live,,,unknown
EMP11112,  umang.raval82  ,Umang Raval,Operations Dept,Engineer,Regional_Office,VDR-11112,DEV-64820,A,,,manager462
EMP10465,chakradev.krishnan38,Chakradev Krishnan,Customer Support,Officer,Remote,vdr-10465,,Live,,,manager941
EMP11560,osha.nadig17,Osha Nadig,Ops Team,Director,REMOTE,vdr-11560,dev 29034,ACTIVE,2020-04-16 08:01:26,,manager918
EMP11223,gauri.kannan81,Gauri Kannan,Mktg,Officer,Branch Office,WS-11223,DEV-36707,Enabled,2020-03-20 00:00:00,,manager743
EMP12067,qarin.bhagat83,Qarin Bhagat,Research And Development,Executive,Head Office,WS-12067,dev 38189,Active,2026-02-06 00:00:00,,manager678
EMP12420,fitan.natarajan6,Fitan Natarajan,It Dept,Administrator,,VDR-12420,,A,,,
EMP11508,qarin.prabhu95,Qarin Prabhu,Accounts,Engineer,Branch_Office,VDR-11508,DEV69777,Active,2025-03-07 12:35:58,,manager384
EMP11885,bhavika.kalla13,Bhavika Kalla,Purchase,Analyst,Head Office,WS-11885,DEV-15573,Working,2023-01-26 23:40:00,,manager209
EMP11104,jack.chacko10,Jack Chacko,Marketing,Engineer,regional office,WS-11104,DEV-83877,A,2024-05-07 22:47:38,,manager529
EMP10660,maanav.oak34,Maanav Oak,Customer Support,Specialist,,WS-10660,,Live,,,MANAGER747
EMP10338,kamya.chopra12,Kamya Chopra,Human Resource,Manager,Remote,ws-10338,DEV-49223,ACTIVE,2026-05-28 00:00:00,,
EMP10215,anirudh.das28,Anirudh Das,Procurement Team,Consultant,head office,LPT-10215,DEV-46877,A,2025-07-25 17:09:51,,manager392
EMP11615,akshay.maharaj13,Akshay Maharaj,Finance,Analyst,WAREHOUSE,LPT-11615,DEV10610,Active,2022-08-09 12:41:27,,MANAGER681
EMP12040,warjas.ratta50,Warjas Ratta,Customer Support,Consultant,Head Office,,dev52000,Working,2026-07-29 15:17:56,,manager944
EMP12592,saanvi_kalita43,Saanvi Kalita,Sales,Analyst,REMOTE,WS-12592,dev92040,LWP,2026-03-23 21:35:56,,manager965
EMP12889,ekaja.d’alia3,Ekaja D’Alia,R&D,Engineer,work from home,,,ACTIVE,,,manager550
EMP11592,manthan.badal24,Manthan Badal,Legal Dept,Engineer,Remote,VDR-11592.corp.local,dev73627,Live,2023-09-22 02:25:00,,
EMP12118,diya.sidhu15,Diya Sidhu,IT,Trainee,Warehouse,ws-12118,DEV97364,Enabled,2022-02-22 22:05:29,,manager866
EMP11793,NATHAN.MALL50,Nathan Mall,Innovation,Engineer,BRANCH OFFICE,LPT_11793,dev20747,Enabled,2023-10-11 20:57:00,,manager856
EMP12600,aarnav.kaul95,Aarnav Kaul,Legal,Officer,BRANCH OFFICE,LPT-12600.corp.local,,Live,2025-06-02 16:56:32,,  manager358  
EMP10816,panini.sachdev98,Panini Sachdev,Supply Chain,Specialist,,VDR-10816.corp.local,dev 62459,Working,2025-09-02 00:00:00,,manager514
EMP11067,ekta.ray68,Ekta Ray,Brand Team,Engineer,remote,WS_11067,dev91048,ACTIVE,2024-01-16 09:26:15,,manager776
EMP12121,aishani.raja23,Aishani Raja,IT,Administrator,Warehouse,VDR-12121,,Live,2025-01-05 23:10:21,,manager950
EMP10274,liam.brar8,Liam Brar,Cs,Analyst,work from home,LPT-10274,DEV97584,Live,,,manager962
EMP12315,laksh.sama59,Laksh Sama,Sales,Manager,Regional_Office,lpt-12315,dev 13930,ACTIVE,2025-02-11 03:08:17,,manager607
EMP10865,SANYA.KALA89,Sanya Kala,Legal Dept,Engineer,,WS-10865,,A,,,manager670
EMP10101,karan.gill35,Karan Gill,Legal,Trainee,DATA CENTER,LPT_10101,,Live,,,MANAGER713
EMP11501,bakhshi.swamy33,Bakhshi Swamy,Sales,Analyst,WORK FROM HOME,LPT-11501,dev 86445,Active,2024-12-20 03:42:08,,MANAGER472
EMP12833,ubika.dora89,Ubika Dora,R&D,Specialist,,ws-12833,DEV70323,A,2026-04-03 14:54:00,,manager758
EMP10171,bimala.nayar80,Bimala Nayar,Fin,Specialist,Data Center,LPT-10171,DEV31266,Working,2025-11-22 14:18:55,,unknown
EMP10107,mekhala.gade57,Mekhala Gade,Hr Dept,Officer,Data Center,LPT-10107,dev 28894,Enabled,,,
EMP12697,damini.dara51,Damini Dara,Finance,Officer,branch office,LPT_12697,dev34060,Resigned,2020-01-27 18:57:56,2024-08-10 00:00:00,manager846
EMP11521,mohini.hegde96,Mohini Hegde,Operations,Trainee,Remote,WS-11521,DEV-83831,Active,,,manager513
EMP12724,MAX.WALI58,Max Wali,Operations Dept,Director,Remote,WS-12724,dev 71257,Working,2023-04-19 00:00:00,,unknown
EMP12270,ISAIAH.BHATTI12,Isaiah Bhatti,Accounts,Specialist,REGIONAL OFFICE,VDR-12270,DEV-65508,Live,2023-05-12 00:00:00,,MANAGER963
EMP11878,qadim.puri38,Qadim Puri,IT,Manager,HEAD OFFICE,WS-11878,,LWP,2021-03-01 09:27:23,,manager935
EMP12106,rachana.gokhale33,Rachana Gokhale,R&D,Director,Head Office,LPT-12106,DEV15783,Active,2026-07-17 16:29:36,,manager902
EMP12077,jai.dube97,Jai Dube,Human Resource,Executive,,WS-12077,dev 62052,Working,2026-03-05 00:00:00,,
EMP12322,ekavir_seshadri85,Ekavir Seshadri,IT,Analyst,Head_Office,LPT-12322.corp.local,dev73418,D,2021-07-07 14:10:05,2022-01-27 18:03:12,manager427
EMP12412,william.swamy80,William Swamy,Finance,Director,DATA CENTER,VDR-12412,,ACTIVE,2025-01-31 02:10:39,,manager524
EMP12654,charvi.tella63,Charvi Tella,Hr Dept,Director,Branch Office,LPT-12654,DEV48604,Live,2024-08-14 15:34:47,,MANAGER395
EMP11873,jasmit.badal96,Jasmit Badal,Business Sales,Trainee,Warehouse,WS-11873,dev60760,Live,2023-02-20 01:00:02,,manager142
EMP10295,eesha.parikh47,Eesha Parikh,Mktg,Engineer,regional office,vdr-10295,,Working,2021-08-30 13:07:56,,manager238
EMP10712,manya.bhatti69,Manya Bhatti,Sales Dept,Director,regional office,VDR-10712,DEV-61127,Working,2021-03-26 23:09:21,,manager545
EMP10072,BHAVIKA.WAGLE62,Bhavika Wagle,R&D,Director,Work_From_Home,VDR-10072,dev87656,ACTIVE,2022-02-01 00:00:00,,
EMP11524,VEDA.SRINIVASAN95,Veda Srinivasan,Business Sales,Engineer,warehouse,VDR-11524,DEV67685,DISABLED,2020-11-27 22:09:49,2022-04-10 07:47:00,manager591
EMP12341,vedhika.raj2,Vedhika Raj,Hr Dept,Engineer,WORK FROM HOME,ws-12341,,ACTIVE,2020-06-27 02:58:40,,manager393
EMP12981,ekaraj.biswas85,Ekaraj Biswas,Mkt,Director,Warehouse,WS-12981,DEV-75563,Working,2022-02-04 09:15:00,,manager126
EMP12971,ekansh.bhardwaj35,Ekansh Bhardwaj,Fin,Analyst,regional office,vdr-12971,DEV56741,A,,,manager786
EMP10481,charles.majumdar25,Charles Majumdar,Marketing,Trainee,Branch_Office,VDR-10481,DEV19760,Working,2021-06-23 23:06:14,,MANAGER222
EMP12306,maanas.borde94,Maanas Borde,Legal Dept,Specialist,Regional_Office,WS-12306,DEV-75454,A,2023-11-10 01:45:10,,  manager829  
EMP11530,parth.pandey90,Parth Pandey,Operations Dept,Consultant,WORK FROM HOME,WS-11530,,A,,,manager470
EMP12632,rachita.mall3,Rachita Mall,People Team,Administrator,Data Center,WS-12632,dev44023,Working,2021-04-28 00:32:29,,manager939
EMP11514,dakshesh.chaudhari62,Dakshesh Chaudhari,Support,Administrator,Regional_Office,WS-11514,dev44629,LEFT,2022-02-12 16:25:34,2026-05-25 15:28:00,manager550
EMP11762,bhavya.khanna18,Bhavya Khanna,Hr Dept,Analyst,,LPT-11762,,Working,2021-02-09 13:22:23,,manager659
EMP11490,advaith.shroff57,Advaith Shroff,Sales,Executive,Data Center,VDR-11490,dev 94066,A,,,
EMP11171,SHRAVYA.KHALSA89,Shravya Khalsa,Sales,Manager,branch office,WS-11171,,ACTIVE,2020-02-23 07:08:37,,manager585
EMP12526,max.bassi73,Max Bassi,Fin,Executive,WAREHOUSE,VDR-12526.corp.local,dev46466,Left,2024-04-30 20:47:25,,
EMP12438,  panini.randhawa28  ,Panini Randhawa,Rd,Director,REGIONAL OFFICE,LPT-12438,dev 76277,A,2020-12-20 07:47:25,,unknown
EMP12619,upadhriti.kannan16,Upadhriti Kannan,Support,Engineer,DATA CENTER,WS-12619,dev39712,ACTIVE,,,MANAGER208
EMP12284,naksh.kala17,Naksh Kala,It Dept,Executive,,VDR-12284,DEV-37244,Leave,2022-10-05 14:29:02,,unknown
EMP10405,nidhi.sankar58,Nidhi Sankar,Fin,Executive,branch office,LPT-10405,,ACTIVE,2020-08-31 11:34:00,,
EMP10757,gaurika.bains94,Gaurika Bains,Customer Support,Analyst,DATA CENTER,VDR-10757.corp.local,DEV-61684,Working,2025-04-12 10:15:01,,
EMP12071,bhavna.deshpande74,Bhavna Deshpande,Cs,Engineer,Remote,vdr-12071,DEV-50378,Working,2021-01-14 12:39:00,,manager760
EMP12252,advay.ray64,Advay Ray,Human Resources,Trainee,Regional Office,LPT_12252,,Live,2024-09-07 00:00:00,,
EMP11999,udant.dyal3,Udant Dyal,Innovation,Trainee,Data Center,VDR-11999,DEV-46896,Enabled,2020-06-29 18:21:50,,  manager559  
EMP10097,advik.raj99,Advik Raj,Legal,Officer,,LPT-10097,DEV-96200,Exited,2023-12-06 07:27:00,2024-09-22 00:00:00,manager737
EMP11333,meera.sule49,Meera Sule,Legal,Trainee,Head_Office,,DEV-36965,Working,2025-08-12 07:37:34,,manager153
EMP12461,nachiket.ganguly96,Nachiket Ganguly,Hr,Officer,,WS-12461,dev41006,Active,,,
EMP10743,yashodhara.dugar79,Yashodhara Dugar,It Support,Specialist,branch office,vdr-10743,dev 75521,Working,2020-09-30 11:20:08,,MANAGER901
EMP10806,daniel.nadkarni96,Daniel Nadkarni,Marketing,Specialist,remote,ws-10806,DEV-31044,D,2026-03-13 00:00:00,2026-06-19 13:58:39,
EMP12020,wyatt.sharaf97,Wyatt Sharaf,Procurement Team,Analyst,Warehouse,VDR-12020,,Working,2022-04-14 06:06:52,,manager738
EMP12576,gavin.devi25,Gavin Devi,Brand Team,Analyst,Head Office,WS_12576,DEV-36667,A,,,manager520
EMP11535,dhriti.shere97,Dhriti Shere,Hr,Director,work from home,WS-11535,dev71042,Enabled,2026-04-14 19:06:00,,manager438
EMP12114,omkaar.srinivasan33,Omkaar Srinivasan,R&D,Analyst,Branch Office,LPT-12114,dev83565,ACTIVE,2021-09-10 03:53:00,,
EMP12172,dominic.bose12,Dominic Bose,Ops,Officer,Work From Home,ws-12172,DEV79914,DISABLED,2025-06-09 14:27:00,2025-07-26 00:00:00,manager649
EMP12415,naveen_tara18,Naveen Tara,IT,Consultant,WAREHOUSE,VDR-12415,dev 30665,Active,2022-06-07 01:35:00,,manager430
EMP10148,ria.ramakrishnan80,Ria Ramakrishnan,IT,Manager,Remote,WS-10148,dev 96761,Working,,,  manager379  
EMP12154,AADI.SIDHU81,Aadi Sidhu,IT,Officer,Warehouse,vdr-12154,,Resigned,2023-05-12 12:42:57,2024-07-18 11:51:53,manager181
EMP12117,timothy.yadav52,Timothy Yadav,Legal,Director,head office,WS-12117,dev53297,A,2020-03-18 11:10:00,,unknown
EMP12831,chatresh_nagi33,Chatresh Nagi,Marketing,Manager,,LPT-12831,DEV87428,Live,2023-10-06 00:00:00,,manager157
EMP11315,yash.choudhary70,Yash Choudhary,Ops Team,Analyst,Branch Office,WS-11315.corp.local,dev42949,Active,,,manager992
EMP10692,nitara_shukla26,Nitara Shukla,Sales,Consultant,remote,VDR-10692,dev 99071,Live,,,manager452
EMP10818,rayaan_tiwari18,Rayaan Tiwari,IT,Manager,REGIONAL OFFICE,LPT-10818,dev18942,Live,2020-03-24 02:32:28,,unknown
EMP11728,rushil.bassi10,Rushil Bassi,Marketing Dept,Director,regional office,LPT-11728,DEV-48989,Live,2021-01-08 01:33:15,,manager369
EMP11386,manthan.rajagopal79,Manthan Rajagopal,Ops Team,Executive,Warehouse,VDR-11386,DEV-12610,ON_LEAVE,2020-03-06 14:38:57,,
EMP12353,,Veda Sidhu,Sales,Specialist,,VDR-12353,dev50470,Working,2025-02-15 06:26:52,,manager888
EMP12120,sachi.brar91,Sachi Brar,Brand Team,Specialist,Head_Office,WS-12120,DEV42675,Working,2026-01-07 20:05:32,,manager903
EMP11599,hardik.krishnan79,Hardik Krishnan,R&D,Trainee,DATA CENTER,VDR-11599,DEV82250,Leave,,,
EMP12663,zansi.master45,Zansi Master,Purch,Specialist,Work_From_Home,VDR-12663.corp.local,dev 52604,ACTIVE,,,manager719
EMP12531,  vincent.bora29  ,Vincent Bora,Business Sales,Engineer,,ws-12531,,A,2022-02-19 01:03:12,,manager834
EMP10701,keya.apte48,Keya Apte,Human Resource,Specialist,Data_Center,vdr-10701,DEV20494,Active,2026-03-22 00:00:00,,  manager979  
EMP12894,yashawini.saran22,Yashawini Saran,Legal Dept,Analyst,,VDR_12894,DEV57263,Live,2023-03-16 12:03:33,,MANAGER874
EMP12738,devika.bhargava75,Devika Bhargava,Purch,Executive,WORK FROM HOME,VDR-12738,dev 90702,Enabled,2024-10-26 00:00:00,,unknown
EMP10921,arunima.dhingra17,Arunima Dhingra,Support,Officer,Remote,LPT-10921,dev 22166,ACTIVE,,,
EMP11424,parth.maharaj81,Parth Maharaj,R&D,Trainee,Branch Office,WS-11424,dev94875,Live,2020-11-18 00:00:00,,  manager129  
EMP11708,rachita_nath49,Rachita Nath,Cs,Analyst,Regional Office,WS-11708,,Enabled,2021-07-07 00:31:30,,manager956
EMP10905,,Widisha Garg,Finance,Executive,Branch Office,LPT-10905,dev89396,Active,2023-07-16 10:02:31,,
EMP10454,udyati.rastogi46,Udyati Rastogi,Purchase,Analyst,Work From Home,VDR-10454,dev 27125,Live,2024-02-25 13:04:21,,manager521
EMP12147,odika.mistry80,Odika Mistry,Human Resources,Manager,REMOTE,LPT-12147,DEV-38108,Leave,2020-12-16 21:52:00,,manager874
EMP12883,anvi.khosla18,Anvi Khosla,Marketing Dept,Consultant,Branch Office,VDR-12883,dev45222,Live,2023-01-31 00:00:00,,manager376
EMP12376,max.agate4,Max Agate,Accounts,Consultant,Head_Office,LPT-12376,DEV25046,Live,2023-12-04 17:46:01,,manager502
EMP11886,bhavya.sura34,Bhavya Sura,Finance,Specialist,WAREHOUSE,LPT-11886,DEV20749,Live,2021-07-29 04:14:02,,  manager682  
EMP10167,kamala.babu40,Kamala Babu,Legal Dept,Executive,warehouse,vdr-10167,DEV-21104,ACTIVE,2023-03-16 07:14:41,,manager436
EMP10730,omkaar.balakrishnan85,Omkaar Balakrishnan,Sales Dept,Administrator,regional office,ws-10730,DEV23994,Working,2023-01-21 04:27:02,,manager747
EMP12226,UDANT.PALLA36,Udant Palla,IT,Analyst,Head_Office,WS-12226,,Active,2024-05-24 08:42:07,,manager805
EMP11310,ganga.joshi21,Ganga Joshi,Legal,Officer,work from home,LPT-11310,dev21274,Working,2025-08-05 14:15:49,,
EMP12370,robert.de76,Robert De,Ops,Officer,DATA CENTER,LPT-12370,DEV-89356,Working,,,
EMP10026,HEMANG.PANDYA70,Hemang Pandya,It Dept,Manager,work from home,LPT_10026,dev 31798,A,2024-02-04 12:41:00,,manager510
EMP12054,amara.sur40,Amara Sur,Ops Team,Engineer,WAREHOUSE,VDR_12054,dev40420,A,,,manager998
EMP11652,,Omaja Gala,Legal,Executive,,VDR-11652,DEV36989,A,2026-01-22 22:33:04,,MANAGER299
EMP11622,abhiram.issac85,Abhiram Issac,Purch,Manager,Work From Home,VDR_11622,,Active,2022-09-22 22:10:06,,
EMP10587,janani.padmanabhan32,Janani Padmanabhan,Information Technology,Analyst,,VDR_10587,DEV72294,Active,2021-04-26 13:02:00,,manager191
EMP11401,oviya.bahl97,Oviya Bahl,Call Center,Trainee,warehouse,ws-11401,DEV51027,LWP,2022-01-02 00:00:00,,manager825
EMP10997,vrishti_bhandari80,Vrishti Bhandari,Ops Team,Director,data center,WS-10997,dev66689,Live,2024-03-25 19:29:58,,manager491
EMP11176,saanvi.dass2,Saanvi Dass,Procurement Team,Director,branch office,LPT_11176,DEV71573,A,2026-05-13 06:54:37,,manager406
EMP11700,bahadurjit.ratta50,Bahadurjit Ratta,Business Sales,Administrator,Regional Office,LPT-11700,DEV57681,D,2020-07-02 00:00:00,2022-05-27 05:52:57,manager435
EMP11040,aarav.suri27,Aarav Suri,Customer Support,Analyst,,LPT-11040.corp.local,DEV-39156,Enabled,2023-03-31 05:39:07,,manager287
EMP10033,ekanta.chadha10,Ekanta Chadha,It Dept,Trainee,,VDR-10033,DEV-23104,ACTIVE,2021-10-24 05:56:00,,  manager235  
EMP11927,LABAN.VERMA70,Laban Verma,Human Resources,Engineer,warehouse,VDR-11927,dev20953,Live,2024-07-28 03:51:41,,MANAGER367
EMP12440,nisha.kari14,Nisha Kari,IT,Manager,,LPT-12440,dev97008,Active,2021-05-02 07:40:44,,manager331
EMP11379,victor.manne39,Victor Manne,Business Sales,Administrator,Regional Office,WS_11379,dev74254,D,,2025-08-24 17:13:04,MANAGER198
EMP10041,,Faris Randhawa,Purchase,Executive,Branch_Office,LPT-10041,dev33206,Resigned,2020-03-18 00:12:19,2023-01-14 01:44:55,unknown
EMP11876,yochana.sinha99,Yochana Sinha,Hr Dept,Specialist,,WS-11876,DEV74794,Live,,,manager448
EMP12176,theodore.chander22,Theodore Chander,It Support,Engineer,Warehouse,,DEV39990,Enabled,2024-01-27 00:00:00,,manager540
EMP12257,hritik.deo84,Hritik Deo,Ops,Specialist,Warehouse,LPT-12257.corp.local,DEV-81492,Active,2026-06-19 00:00:00,,unknown
EMP12686,tara.muni30,Tara Muni,Operations,Consultant,,WS-12686.corp.local,dev22332,ACTIVE,2026-02-14 07:49:50,,unknown
EMP12229,kritika.chakraborty12,Kritika Chakraborty,People Team,Specialist,REMOTE,LPT-12229,dev 90008,Enabled,2023-12-12 01:03:00,,
EMP12099,OMAJA.KAPUR20,Omaja Kapur,It Dept,Executive,,LPT-12099,,A,,,manager336
EMP11909,kashvi.bhagat73,Kashvi Bhagat,Accounts,Engineer,data center,LPT-11909,DEV-36864,Live,2024-07-20 00:00:00,,
EMP10609,bhavya.oza34,Bhavya Oza,Operations,Specialist,branch office,LPT-10609,,Deactivated,2020-10-12 12:56:33,2025-08-15 13:29:57,
EMP11132,yug.om34,Yug Om,Sales Dept,Director,Branch Office,WS_11132,dev 23508,A,,,manager293
EMP10028,siddharth.patil20,Siddharth Patil,Sales,Administrator,BRANCH OFFICE,LPT-10028,dev 85914,Working,2020-07-08 09:19:32,,manager158
EMP10441,utkarsh.dass49,Utkarsh Dass,Marketing,Officer,Warehouse,LPT-10441,dev 87846,Leave,2025-08-18 00:00:00,,manager956
EMP10665,daksh.kalita23,Daksh Kalita,Sales Dept,Consultant,,WS-10665,,ACTIVE,,,
EMP12228,falguni.thaman99,Falguni Thaman,Ops Team,Analyst,data center,LPT-12228,dev 17722,Blocked,2024-10-13 11:55:40,2026-05-21 09:56:54,
EMP10493,radha.rana10,Radha Rana,It Dept,Executive,,ws-10493,dev83149,ACTIVE,2021-12-08 06:29:18,,
EMP11258,vinaya.barad66,Vinaya Barad,Business Sales,Director,,LPT-11258,dev 46416,A,2025-11-02 00:00:00,,  manager990  
EMP11301,kabir.tandon59,Kabir Tandon,Brand Team,Analyst,BRANCH OFFICE,WS-11301,,Blocked,2024-04-12 09:43:51,2026-07-07 01:13:27,manager164
EMP12956,chanchal_sandal62,Chanchal Sandal,Customer Support,Director,Branch_Office,VDR-12956.corp.local,DEV-23616,Terminated,2020-02-15 22:14:10,,manager567
EMP12437,REVA.NANDA32,Reva Nanda,Sales,Executive,Work From Home,VDR-12437.corp.local,dev37106,Terminated,2024-04-07 10:07:50,2025-11-27 01:33:41,manager308
EMP11382,  ishanvi.ravel63  ,Ishanvi Ravel,Procurement Team,Director,regional office,lpt-11382,dev13796,A,,,manager971
EMP11304,amruta.parsa74,Amruta Parsa,Support,Officer,Remote,LPT-11304,,Active,,,MANAGER732
EMP10236,,Hiral Yadav,Rd,Engineer,work from home,WS-10236,,Active,2020-07-02 19:28:55,,
EMP10551,azad.swamy68,Azad Swamy,Compliance,Trainee,Warehouse,LPT-10551,DEV-75860,Working,2025-11-02 09:07:06,,unknown
EMP10520,diya.tandon19,Diya Tandon,IT,Executive,Remote,LPT-10520,,OOO,,,
EMP12285,fariq.koshy90,Fariq Koshy,Finance,Engineer,,LPT-12285,DEV27115,Working,2024-03-27 07:35:00,,manager230
EMP11232,gaurangi.mistry16,Gaurangi Mistry,Sales,Specialist,Head_Office,VDR-11232,DEV13019,ACTIVE,2026-06-22 05:21:47,,  manager987  
EMP11138,pooja.bassi47,Pooja Bassi,Operations Dept,Administrator,Head Office,LPT-11138,,Live,,,unknown
EMP11905,mahika.srinivas54,Mahika Srinivas,Purchase,Consultant,Head_Office,,dev 35351,A,,,manager882
EMP10720,victor.chaudhuri10,Victor Chaudhuri,Rd,Administrator,work from home,WS-10720,DEV97500,A,2022-10-01 18:45:34,,  manager899  
EMP10735,chatresh.murthy80,Chatresh Murthy,IT,Engineer,,VDR-10735,dev 27109,Working,2025-05-19 14:39:26,,manager414
EMP12779,tanveer_bahri84,Tanveer Bahri,Finance,Analyst,WAREHOUSE,LPT-12779,,ACTIVE,2021-12-22 04:40:53,,manager596
EMP11750,gaurika.sachdev76,Gaurika Sachdev,Purch,Consultant,REGIONAL OFFICE,WS-11750,DEV13581,Live,2024-02-23 10:47:13,,
EMP10058,ishanvi.chakraborty35,Ishanvi Chakraborty,Ops Team,Consultant,Warehouse,LPT-10058,,Enabled,,,manager823
EMP10631,wishi.handa94,Wishi Handa,Legal,Officer,Regional_Office,VDR-10631,DEV91988,A,2023-07-20 14:37:00,,MANAGER256
EMP11181,IRA.KORPAL96,Ira Korpal,Support,Specialist,work from home,LPT-11181,dev 71398,Enabled,2025-07-20 20:50:08,,manager947
EMP12271,unnati.hegde31,Unnati Hegde,Legal,Executive,work from home,LPT-12271,dev 28542,Live,2023-01-03 23:30:27,,manager179
EMP10592,  upma.oommen45  ,Upma Oommen,Ops Team,Trainee,REMOTE,vdr-10592,DEV82682,Working,,,manager402
EMP11303,vaishnavi.khanna18,Vaishnavi Khanna,Brand Team,Administrator,Data_Center,lpt-11303,,Working,2024-01-05 00:00:00,,MANAGER284
EMP11387,ETHAN.SHANKER12,Ethan Shanker,Operations,Consultant,Work_From_Home,VDR_11387,,A,2024-05-30 09:16:00,,manager648
EMP12696,gaurang.rao47,Gaurang Rao,Mktg,Engineer,WORK FROM HOME,VDR-12696,dev 51796,Enabled,2020-09-06 00:38:53,,
EMP12712,dayita.char97,Dayita Char,It Support,Director,Work_From_Home,VDR-12712,dev 37319,Disabled,2025-02-20 19:42:56,2026-06-20 05:52:00,
EMP11964,  priya.lad10  ,Priya Lad,Hr Dept,Officer,Regional_Office,VDR-11964,dev47596,Enabled,2022-06-26 23:15:00,,  manager506  
EMP12297,bhanumati.anand88,Bhanumati Anand,Mkt,Specialist,Work_From_Home,LPT-12297,DEV39454,Enabled,2022-12-04 00:00:00,,manager762
EMP10939,karan.mutti81,Karan Mutti,Marketing,Officer,Regional Office,LPT-10939,DEV-94399,ACTIVE,2021-08-20 20:22:36,,
EMP12873,anusha.sengupta42,Anusha Sengupta,Ops,Consultant,Data Center,ws-12873,DEV23090,LWP,2021-06-18 00:00:00,,  manager541  
EMP11249,abhiram.date18,Abhiram Date,Hr Dept,Consultant,,VDR-11249,dev67105,Enabled,2020-09-30 00:00:00,,manager931
EMP10904,TIMOTHY.SUR54,Timothy Sur,Operations,Trainee,Work_From_Home,lpt-10904,DEV91506,Enabled,2025-11-15 22:08:31,,manager783
EMP12622,bimala.kuruvilla18,Bimala Kuruvilla,Sales Dept,Director,,,,ACTIVE,,,
EMP11279,balhaar.dhar20,Balhaar Dhar,Customer Support,Administrator,Warehouse,VDR-11279,dev97073,A,2024-02-21 00:00:00,,manager918
EMP12474,yutika.borde37,Yutika Borde,Operations,Consultant,Branch_Office,LPT-12474,DEV-31787,ACTIVE,2025-01-25 11:54:50,,manager858
EMP12965,ijaya_narasimhan36,Ijaya Narasimhan,IT,Analyst,Remote,lpt-12965,DEV86953,A,2025-08-27 14:00:22,,manager481
EMP12419,  ekta.bath4  ,Ekta Bath,Customer Support,Consultant,HEAD OFFICE,lpt-12419,,ACTIVE,2021-11-23 00:00:00,,manager878
EMP12459,  amaira.dani33  ,Amaira Dani,Operations,Officer,Head Office,LPT-12459,DEV-10071,A,,,manager294
EMP12539,udarsh.kannan50,Udarsh Kannan,Marketing,Specialist,Data_Center,LPT-12539,DEV-34029,A,,,
EMP11142,vasatika.sidhu93,Vasatika Sidhu,R&D,Engineer,Warehouse,VDR-11142,DEV-30142,Enabled,2021-08-18 14:41:23,,manager828
EMP12453,joshua.mohanty72,Joshua Mohanty,Operations,Specialist,work from home,VDR-12453,dev 47254,A,2020-08-21 00:00:00,,
EMP10706,aditya.bail38,Aditya Bail,Procurement Team,Analyst,Remote,WS-10706,DEV-20814,Live,,,
EMP12723,  tripti.datta67  ,Tripti Datta,Mktg,Administrator,Branch_Office,ws-12723,dev16714,A,,,manager870
EMP11022,faris.mander25,Faris Mander,Legal Dept,Analyst,head office,WS-11022,,Enabled,2021-02-28 00:43:00,,manager866
EMP10745,lopa.bali80,Lopa Bali,Operations,Officer,warehouse,LPT-10745,DEV70845,Live,,,  manager154  
EMP11546,aachal.chand47,Aachal Chand,Innovation,Administrator,Warehouse,LPT-11546,DEV69893,A,2023-03-26 17:01:33,,
EMP12429,meera.bains79,Meera Bains,Mkt,Officer,BRANCH OFFICE,LPT-12429,DEV46884,Active,2024-05-06 20:52:45,,
EMP12110,  sai.srinivas91  ,Sai Srinivas,IT,Trainee,,,,Working,2023-11-08 07:22:45,,manager155
EMP12013,faris.bhandari30,Faris Bhandari,Call Center,Engineer,HEAD OFFICE,vdr-12013,DEV33228,Active,,,manager446
EMP10513,ekanta.sengupta27,Ekanta Sengupta,Call Center,Consultant,DATA CENTER,WS-10513,dev69591,LEFT,,,
EMP10081,yamini.solanki69,Yamini Solanki,Accounts,Administrator,,lpt-10081,dev 82529,Enabled,2021-01-27 00:00:00,,MANAGER870
EMP12743,  nidra.nanda73  ,Nidra Nanda,Procurement Team,Director,Data Center,LPT-12743,,A,2020-07-16 07:36:15,,manager939
EMP11308,,Turvi Yohannan,Purchase,Analyst,branch office,WS-11308,dev24111,A,2023-03-19 00:00:00,,  manager752  
EMP12571,GAURIKA.THAKKAR87,Gaurika Thakkar,Customer Care,Specialist,regional office,WS-12571,dev 90973,Live,,,manager850
EMP10914,ayushman.parsa54,Ayushman Parsa,Operations Dept,Engineer,,VDR-10914.corp.local,,Deactivated,2021-03-04 00:00:00,2024-09-09 00:00:00,
EMP11404,siya.baria68,Siya Baria,Research And Development,Executive,REGIONAL OFFICE,VDR_11404,DEV-64807,Live,2022-07-10 00:00:00,,manager401
EMP11647,simon.kapoor61,Simon Kapoor,Supply Chain,Director,remote,VDR_11647,DEV90746,ACTIVE,2026-05-13 00:00:00,,manager602
EMP12843,shivani.bhattacharyya1,Shivani Bhattacharyya,Hr,Director,warehouse,LPT-12843,dev 39878,ACTIVE,,,manager400
EMP11108,urvashi.palan16,Urvashi Palan,Finance,Officer,,WS_11108,DEV87178,D,2024-03-01 04:36:33,2025-08-25 04:33:06,manager986
EMP10150,  matthew.chatterjee86  ,Matthew Chatterjee,Marketing Dept,Analyst,Branch_Office,WS-10150,DEV-88554,Live,2021-09-27 02:53:35,,manager316
EMP12809,  saanvi.prabhu62  ,Saanvi Prabhu,Marketing Dept,Consultant,regional office,WS-12809,DEV-48832,ACTIVE,2025-12-09 00:00:00,,
EMP10774,raagini.khanna7,Raagini Khanna,Finance,Consultant,remote,ws-10774,dev31805,Enabled,2021-05-14 00:00:00,,manager392
EMP10329,ucchal_dey82,Ucchal Dey,Human Resource,Director,WAREHOUSE,VDR-10329,,Active,2023-02-20 15:56:00,,manager599
EMP10006,ekta.kuruvilla30,Ekta Kuruvilla,Mktg,Manager,Work_From_Home,LPT-10006,DEV23238,Active,2023-11-09 16:43:21,,manager473
EMP10943,vasudha.mital3,Vasudha Mital,Ops,Director,Branch Office,WS-10943,DEV13153,DISABLED,2022-09-13 01:44:00,2023-02-01 11:24:00,manager201
EMP10822,jackson.kapur57,Jackson Kapur,Rd,Analyst,HEAD OFFICE,LPT-10822,,Enabled,2022-07-30 12:38:27,,
EMP10734,JASON.SANGHA69,Jason Sangha,Finance,Specialist,,LPT-10734,,Active,2024-02-27 00:00:00,,manager582
EMP10909,yahvi.gokhale89,Yahvi Gokhale,Cs,Specialist,regional office,LPT-10909,DEV16608,Resigned,2023-09-22 06:43:00,2024-12-03 14:31:36,unknown
EMP10468,  inaya.vala59  ,Inaya Vala,Supply Chain,Officer,BRANCH OFFICE,,DEV-10568,A,,,manager543
EMP10181,tamanna.banik80,Tamanna Banik,Rd,Manager,Head Office,WS-10181,,A,,,  manager347  
EMP10164,kiaan.sharma57,Kiaan Sharma,Innovation,Officer,WAREHOUSE,vdr-10164,,ACTIVE,,,manager893
EMP11523,urvi.d’alia26,Urvi D’Alia,Sales,Administrator,REMOTE,WS-11523,dev 13103,ACTIVE,2023-03-04 02:16:59,,manager673
EMP10451,ishanvi.karpe12,Ishanvi Karpe,Operations Dept,Consultant,Branch Office,LPT-10451,dev 62530,Active,,,manager494
EMP10490,rajata.wason25,Rajata Wason,Operations,Officer,,lpt-10490,dev 31940,OOO,2026-07-30 14:48:28,,manager107
EMP10813,EKARAJ.ANAND61,Ekaraj Anand,Ops Team,Executive,Head_Office,VDR-10813,dev74441,ACTIVE,2023-05-16 00:00:00,,manager774
EMP11143,vidhi.zacharia33,Vidhi Zacharia,Cs,Consultant,REMOTE,WS-11143,DEV92557,Enabled,2023-09-16 00:00:00,,manager529
EMP11311,balvan.jani13,Balvan Jani,Sales Dept,Analyst,,LPT-11311.corp.local,,Enabled,2023-06-21 16:43:00,,manager985
EMP12313,advay.zacharia37,Advay Zacharia,IT,Administrator,regional office,VDR-12313,dev 86483,Live,,,
EMP11111,ANAMIKA.NAGARAJAN92,Anamika Nagarajan,Accounts,Executive,Branch Office,WS-11111,dev 84391,Enabled,2020-06-13 05:52:19,,unknown
EMP11826,rohan.dasgupta6,Rohan Dasgupta,Mkt,Analyst,,LPT-11826,dev64837,Active,2023-07-21 00:00:00,,
EMP11441,qabil.kumar24,Qabil Kumar,Operations,Administrator,branch office,WS_11441,DEV81667,A,,,manager731
EMP12012,CHAKRADHAR.KOSHY22,Chakradhar Koshy,Procurement,Officer,,VDR-12012.corp.local,,Disabled,,2026-02-02 00:00:00,unknown
EMP11006,raksha.khanna85,Raksha Khanna,Operations,Consultant,BRANCH OFFICE,ws-11006,DEV-65799,Working,2023-06-07 05:21:04,,unknown
EMP11627,anthony.chadha70,Anthony Chadha,Finance,Consultant,Regional_Office,LPT-11627,dev 80030,Working,,,manager460
EMP11632,  wridesh.thakur86  ,Wridesh Thakur,Brand Team,Director,,VDR-11632.corp.local,DEV-92076,Active,2025-07-22 20:17:22,,manager379
EMP11074,guneet.uppal16,Guneet Uppal,Finance,Officer,regional office,VDR-11074,dev 74482,Live,2025-11-19 07:11:41,,manager329
EMP10578,janaki.halder15,Janaki Halder,Research And Development,Specialist,Data_Center,WS-10578,dev91625,Active,,,manager150
EMP12168,balendra.taneja17,Balendra Taneja,Finance,Director,REMOTE,,DEV-47904,A,2023-05-16 20:27:57,,manager718
EMP12417,harinakshi.loyal52,Harinakshi Loyal,Sales Dept,Director,BRANCH OFFICE,WS-12417,dev 97605,ACTIVE,2021-04-23 23:41:52,,manager276
EMP12335,ijaya.pandey20,Ijaya Pandey,Finance,Executive,REGIONAL OFFICE,,dev 12213,Live,2026-06-01 18:44:52,,manager359
EMP12374,indali.hari48,Indali Hari,Operations,Trainee,,,DEV-27289,DISABLED,2021-01-25 09:57:33,2021-02-25 23:35:30,manager384
EMP10327,tanish.setty8,Tanish Setty,Mkt,Executive,REGIONAL OFFICE,LPT-10327,dev42725,Enabled,2022-09-27 00:00:00,,
EMP11790,amrita.shah50,Amrita Shah,Sales Dept,Officer,,LPT-11790.corp.local,dev31023,Working,2026-04-19 12:24:32,,manager376
EMP10442,darpan.kapur3,Darpan Kapur,It Support,Manager,Data_Center,WS_10442,dev 59840,A,2022-02-24 05:31:59,,manager256
EMP11858,robert.raj78,Robert Raj,Procurement Team,Engineer,Remote,VDR-11858,dev 39215,ACTIVE,2022-07-21 22:41:10,,unknown
EMP12238,CHATURA.SAHNI94,Chatura Sahni,Ops Team,Trainee,REMOTE,VDR-12238,,Working,2021-04-15 08:00:15,,manager161
EMP10312,urmi.bansal9,Urmi Bansal,Supply Chain,Manager,Work From Home,VDR-10312,dev34505,Enabled,2021-09-04 06:55:23,,manager368
EMP10832,irya.memon10,Irya Memon,Cs,Engineer,remote,ws-10832,dev16230,Live,2024-11-16 00:00:00,,manager331
EMP12446,aradhana.saha89,Aradhana Saha,Human Resource,Consultant,warehouse,WS-12446,dev 85963,Blocked,2025-06-21 12:18:31,2026-02-08 00:00:00,manager609
EMP12170,RACHANA.CHANA38,Rachana Chana,Finance,Trainee,data center,WS-12170,,Active,2023-05-31 14:19:00,,  manager423  
EMP11414,maanav.grover86,Maanav Grover,Research And Development,Engineer,Branch Office,LPT-11414,dev 40386,Leave,,,
EMP11201,pooja.bava61,Pooja Bava,Finance,Engineer,,VDR-11201.corp.local,DEV-14105,On Leave,2023-03-27 12:05:00,,manager927
EMP12514,krisha.iyengar8,Krisha Iyengar,IT,Consultant,Warehouse,,dev66387,A,2025-05-20 06:08:28,,
EMP11499,mekhala.oommen73,Mekhala Oommen,Ops Team,Administrator,Remote,VDR-11499,dev30749,Live,2022-08-04 19:09:00,,manager550
EMP12010,rudra.pal95,Rudra Pal,R&D,Officer,BRANCH OFFICE,LPT-12010,dev 19853,Enabled,2021-05-16 16:35:35,,manager999
EMP10086,qarin.gulati40,Qarin Gulati,Purchase,Specialist,HEAD OFFICE,VDR-10086,dev23006,Resigned,,2024-01-07 19:14:00,MANAGER260
EMP11403,  raksha.saxena21  ,Raksha Saxena,Customer Support,Manager,Branch Office,LPT-11403.corp.local,DEV67357,L,2020-12-19 03:26:00,,MANAGER741
EMP12481,samaksh.dey30,Samaksh Dey,Operations Dept,Engineer,Remote,LPT-12481,DEV49002,Active,2024-07-01 00:00:00,,manager973
EMP12002,ria.jain34,Ria Jain,Information Technology,Director,Warehouse,VDR-12002,,Active,2021-08-29 16:16:00,,MANAGER564
EMP11481,ikshita.roy54,Ikshita Roy,Procurement,Administrator,remote,ws-11481,dev92611,Working,,,unknown
EMP10777,ekanta.bumb70,Ekanta Bumb,Finance,Officer,remote,LPT_10777,DEV-13266,Active,2024-03-31 15:13:26,,unknown
EMP10799,baljiwan.raju72,Baljiwan Raju,Purchase,Officer,WORK FROM HOME,VDR-10799,DEV-82235,Live,2020-12-20 01:58:32,,manager178
EMP11666,jai.purohit86,Jai Purohit,Sales,Consultant,Remote,VDR-11666,dev20888,A,2024-03-17 03:13:00,,manager704
EMP11894,hema.grover90,Hema Grover,Information Technology,Director,,WS-11894.corp.local,DEV-37044,ACTIVE,2021-04-01 16:11:10,,manager904
EMP10054,aradhana.bahl32,Aradhana Bahl,Accounts,Analyst,WORK FROM HOME,LPT-10054,DEV-65724,ACTIVE,2025-12-02 00:00:00,,manager151
EMP12483,aarna.virk59,Aarna Virk,Sales,Administrator,Remote,VDR-12483,DEV-36630,Active,2021-12-19 20:02:56,,  manager647  
EMP11287,zansi.boase65,Zansi Boase,Operations,Trainee,Remote,WS-11287,dev 71151,Enabled,2023-06-28 15:06:00,,manager672
EMP11920,  gautam.keer69  ,Gautam Keer,Finance,Director,head office,LPT-11920,DEV30648,Enabled,2021-04-22 00:00:00,,  manager545  
EMP11667,inaya.nagy54,Inaya Nagy,Accounts,Consultant,,WS-11667,DEV-35168,A,2024-06-04 22:11:35,,
EMP12665,urvi.dua16,Urvi Dua,Legal,Engineer,REMOTE,vdr-12665,,Live,2026-07-27 18:37:00,,manager539
EMP12222,nidra.garde65,Nidra Garde,Accounts,Analyst,Work_From_Home,VDR-12222,DEV28551,A,2023-02-14 18:05:43,,manager100
EMP11701,  aarav.malhotra46  ,Aarav Malhotra,Procurement Team,Trainee,warehouse,LPT-11701,dev 45750,On Leave,2024-02-14 21:40:50,,unknown
EMP11245,vaishnavi.loyal37,Vaishnavi Loyal,IT,Specialist,HEAD OFFICE,WS-11245.corp.local,,Working,2023-06-05 00:00:00,,manager646
EMP10113,mitesh_rajagopalan19,Mitesh Rajagopalan,Business Sales,Trainee,,WS-10113.corp.local,dev 70236,Working,,,
EMP12891,balhaar.desai85,Balhaar Desai,Marketing Dept,Manager,Warehouse,WS-12891,DEV-45036,Leave,2025-11-03 00:00:00,,manager262
EMP10987,irya.raval32,Irya Raval,Finance,Engineer,head office,lpt-10987,dev44313,Exited,2020-03-06 05:24:00,2021-05-06 00:00:00,manager906
EMP10501,  dominic.mand25  ,Dominic Mand,Hr Dept,Executive,Regional_Office,vdr-10501,dev17128,Deactivated,2024-01-09 05:18:19,2025-11-02 03:47:46,
EMP12469,quincy.bhandari48,Quincy Bhandari,Finance,Administrator,HEAD OFFICE,WS-12469,dev 28581,DISABLED,2021-01-26 14:40:20,2023-12-31 23:33:42,MANAGER546
EMP11009,LEKHA.ANNE27,Lekha Anne,Legal,Manager,warehouse,WS-11009.corp.local,dev34685,Working,2022-10-18 16:11:21,,manager562
EMP11198,girish.d’alia10,Girish D’Alia,Sales,Director,,,dev97706,Enabled,2023-12-18 00:00:00,,manager647
EMP11394,anamika.deshpande59,Anamika Deshpande,Sales Dept,Manager,Remote,VDR-11394,DEV85523,ACTIVE,2022-06-23 20:19:41,,manager327
EMP10589,yochana.patil46,Yochana Patil,Accounts,Officer,Work From Home,LPT-10589,dev 26492,A,,,unknown
EMP10768,idika.rao58,Idika Rao,Procurement Team,Consultant,Work_From_Home,vdr-10768,DEV18601,A,2023-11-23 13:34:09,,MANAGER500
EMP10017,vritti.sengupta40,Vritti Sengupta,Sales,Analyst,Branch Office,VDR-10017,DEV20322,A,2024-02-18 22:04:30,,
EMP11042,chaman.memon27,Chaman Memon,Finance,Manager,Branch_Office,,dev 81938,DISABLED,2021-09-26 23:10:00,2022-05-27 19:32:55,manager578
EMP11447,ranbir.shanker19,Ranbir Shanker,Sales,Executive,remote,WS-11447,DEV-20534,A,,,manager841
EMP10285,varenya.nagar50,Varenya Nagar,Customer Support,Consultant,,VDR-10285,DEV-28343,D,2025-11-11 14:43:00,2026-05-25 02:26:00,manager454
EMP12720,  veda.balasubramanian81  ,Veda Balasubramanian,Operations,Trainee,Regional Office,WS-12720,DEV-32856,Live,,,manager428
EMP10428,CHAITANYA.PINGLE61,Chaitanya Pingle,Ops Team,Officer,remote,LPT-10428,dev 96194,Left,2021-07-16 18:28:00,,manager364
EMP11328,krish.gill29,Krish Gill,Innovation,Administrator,Remote,VDR-11328,,Resigned,2022-01-28 17:18:13,,MANAGER654
EMP12064,nathaniel.deep45,Nathaniel Deep,R&D,Trainee,REMOTE,WS-12064,dev 57603,Live,2022-04-05 06:49:00,,
EMP10669,mohini.thakkar22,Mohini Thakkar,Procurement Team,Specialist,data center,LPT-10669,dev88012,Active,2026-05-23 22:53:59,,
EMP10031,jyoti.rau6,Jyoti Rau,Purchase,Manager,DATA CENTER,vdr-10031,,A,2022-09-09 22:14:00,,unknown
EMP11341,  chaman.andra62  ,Chaman Andra,Call Center,Engineer,data center,LPT-11341,DEV-85965,L,,,manager165
EMP10722,anirudh.dube34,Anirudh Dube,Finance,Trainee,HEAD OFFICE,WS-10722,DEV36302,Active,2021-07-08 00:00:00,,manager211
EMP10951,leena.batra60,Leena Batra,Purchase,Administrator,,lpt-10951,DEV10071,Enabled,2024-02-07 02:24:00,,manager356
EMP11914,  krishna.nayak94  ,Krishna Nayak,It Dept,Trainee,Work_From_Home,lpt-11914,DEV63976,Resigned,2020-11-06 23:30:57,2025-10-22 22:08:24,MANAGER689
EMP12365,ranveer.mahajan73,Ranveer Mahajan,Operations,Specialist,DATA CENTER,ws-12365,,A,2023-09-12 00:00:00,,manager438
EMP10214,kiaan.sur64,Kiaan Sur,Customer Support,Trainee,Data_Center,WS-10214,DEV-75191,Live,2023-05-06 18:15:45,,manager346
EMP10989,samaksh.arya80,Samaksh Arya,Legal,Manager,,LPT-10989.corp.local,dev27143,Deactivated,2021-08-18 12:47:35,2024-10-24 07:17:28,manager539
EMP11164,laksh.swamy43,Laksh Swamy,People Team,Consultant,head office,LPT-11164.corp.local,dev89233,Live,,,manager714
EMP12877,quincy.setty61,Quincy Setty,Mktg,Analyst,,LPT-12877,DEV-36422,Active,,,unknown
EMP12095,,Ira Mannan,Compliance,Manager,work from home,VDR-12095,DEV-95872,Active,2021-10-28 00:00:00,,manager682
EMP10326,  zarna.rao38  ,Zarna Rao,Marketing Dept,Specialist,Remote,VDR-10326,dev99037,D,2021-02-25 06:14:00,,
EMP11383,  nilima.goda53  ,Nilima Goda,IT,Officer,,WS-11383,DEV44289,ACTIVE,2023-07-01 00:00:00,,
EMP11724,indrajit_palla27,Indrajit Palla,Research And Development,Director,regional office,WS-11724,DEV-70015,Leave,2025-02-12 18:25:41,,
EMP11086,chaman.krish7,Chaman Krish,Mktg,Trainee,REGIONAL OFFICE,LPT-11086,DEV-85649,Working,2025-02-12 06:12:18,,MANAGER248
EMP10341,yashawini.warrior76,Yashawini Warrior,Legal Dept,Consultant,DATA CENTER,ws-10341,dev28327,Live,,,  manager666  
EMP10147,damyanti.ganguly48,Damyanti Ganguly,Marketing Dept,Consultant,work from home,VDR-10147.corp.local,dev 88148,Live,2020-06-12 00:00:00,,manager872
EMP12411,  ekalinga.sanghvi99  ,Ekalinga Sanghvi,Cs,Consultant,Head Office,VDR-12411,DEV51054,ACTIVE,,,manager363
EMP11107,warhi.grewal19,Warhi Grewal,Business Sales,Administrator,head office,LPT-11107,dev59434,On Leave,,,manager207
EMP10848,vrishti.vala48,Vrishti Vala,Brand Team,Analyst,,vdr-10848,DEV14562,Blocked,2025-08-19 10:57:29,2025-09-09 16:32:28,MANAGER907
EMP10966,abhimanyu.dhar56,Abhimanyu Dhar,Legal,Administrator,Head Office,VDR-10966,,Enabled,2023-01-28 01:17:38,,manager144
EMP12538,ekapad.nayar19,Ekapad Nayar,Marketing Dept,Officer,,LPT-12538,,Active,2024-09-29 17:03:00,,manager862
EMP10661,yug.lalla64,Yug Lalla,R&D,Executive,warehouse,LPT-10661,,On Leave,2020-01-05 00:00:00,,manager576
EMP11002,radha.kibe52,Radha Kibe,Legal Dept,Specialist,,VDR-11002.corp.local,DEV-11558,ACTIVE,2024-05-11 17:43:00,,
EMP12413,lopa.dhawan30,Lopa Dhawan,Marketing Dept,Executive,Data_Center,WS-12413.corp.local,DEV72149,Live,2021-06-13 17:07:47,,
EMP12594,yahvi.ramanathan41,Yahvi Ramanathan,Human Resources,Executive,Work_From_Home,WS-12594,,Leave,2023-05-09 20:44:46,,MANAGER103
EMP12736,nimrat.parmer72,Nimrat Parmer,Legal Dept,Manager,Warehouse,WS-12736,,Live,2020-04-02 09:32:29,,manager310
EMP11879,ethan.sekhon49,Ethan Sekhon,Accounts,Administrator,Remote,ws-11879,dev 19751,ON_LEAVE,2023-02-04 00:00:00,,manager415
EMP12902,kalpit_salvi36,Kalpit Salvi,R&D,Trainee,WAREHOUSE,WS-12902,DEV-44011,ACTIVE,2023-10-15 02:16:59,,manager421
EMP11203,upkaar.padmanabhan11,Upkaar Padmanabhan,Fin,Manager,Remote,WS-11203,DEV-20709,ACTIVE,2026-01-21 17:58:51,,manager529
EMP11990,neel.bhalla45,Neel Bhalla,Legal Dept,Manager,WORK FROM HOME,,dev 11957,Active,,,manager950
EMP10024,krishna.narang7,Krishna Narang,Human Resources,Analyst,Data_Center,VDR-10024,,Disabled,2020-12-05 00:00:00,2022-07-19 10:41:36,manager243
EMP12895,max.kant36,Max Kant,Finance,Trainee,Data Center,WS-12895.corp.local,,LEFT,2021-10-13 18:51:00,,manager102
EMP12092,VEDANT.MUNI67,Vedant Muni,People Team,Executive,work from home,WS-12092,DEV33086,Active,,,manager671
EMP12989,rayaan.gulati19,Rayaan Gulati,Procurement Team,Executive,DATA CENTER,VDR-12989,dev48867,Active,2023-06-13 00:00:00,,
EMP12371,KEYA.BASAK74,Keya Basak,Customer Care,Officer,Warehouse,WS-12371,DEV-23075,Active,2020-11-17 21:49:00,,
EMP10875,xalak.kota96,Xalak Kota,Customer Care,Administrator,WAREHOUSE,VDR-10875,dev 86765,Live,2020-01-13 19:38:00,,manager684
EMP12871,anya.nadkarni54,Anya Nadkarni,Human Resources,Director,Data Center,LPT-12871,DEV10971,Active,2022-09-29 10:38:28,,manager426
EMP10938,alka.memon44,Alka Memon,Cs,Analyst,regional office,WS-10938,DEV46356,Live,2021-05-29 13:07:00,,  manager685  
EMP12584,falguni.mammen71,Falguni Mammen,Operations,Manager,,LPT-12584,DEV99996,Enabled,2020-08-03 00:00:00,,  manager905  
EMP10385,MAX.VARGHESE15,Max Varghese,Customer Support,Consultant,,WS-10385,,Working,2020-11-09 21:30:16,,manager430
EMP12585,LAKSHMI.NARULA81,Lakshmi Narula,Operations,Consultant,warehouse,LPT-12585,dev 47599,Enabled,2023-05-20 00:00:00,,manager132
EMP12563,anthony.mallick51,Anthony Mallick,Supply Chain,Executive,Work From Home,LPT-12563,dev 52734,On Leave,,,manager622
EMP12408,laban.dewan34,Laban Dewan,Supply Chain,Director,Work_From_Home,LPT-12408,DEV-35598,ACTIVE,2020-01-05 00:00:00,,manager936
EMP10936,chatura.sengupta49,Chatura Sengupta,Rd,Specialist,BRANCH OFFICE,LPT_10936,dev76160,Live,2026-06-24 00:00:00,,manager559
EMP12659,chatura.swaminathan11,Chatura Swaminathan,Compliance,Engineer,Data Center,LPT_12659,dev 54883,A,2020-04-12 05:03:00,,manager303
EMP11332,shivansh.parmer5,Shivansh Parmer,Mktg,Administrator,,WS-11332,dev 49375,Blocked,,2025-11-26 00:00:00,MANAGER119
EMP11934,nicholas.varma41,Nicholas Varma,Legal Dept,Manager,Work_From_Home,VDR-11934.corp.local,DEV-94621,ACTIVE,2022-06-26 15:22:58,,manager187
EMP10935,OJAS.BARAD71,Ojas Barad,Operations,Manager,Work From Home,,dev 64732,Enabled,,,manager445
EMP10566,NIHARIKA.GULATI90,Niharika Gulati,Hr Dept,Engineer,Branch Office,WS-10566,DEV23501,Live,2024-01-10 00:00:00,,manager126
EMP11854,rayaan.sani65,Rayaan Sani,Sales,Engineer,Branch Office,WS-11854,dev99175,A,2026-04-07 08:48:37,,
EMP12500,shivansh.taneja60,Shivansh Taneja,It Dept,Consultant,Work_From_Home,vdr-12500,DEV-79352,A,2022-03-27 00:00:00,,
EMP11645,falak.chhabra48,Falak Chhabra,It Support,Executive,Head Office,VDR_11645,dev40626,A,2020-01-11 15:05:00,,manager933
EMP12185,ANMOL.BALI6,Anmol Bali,Brand Team,Consultant,Regional Office,VDR-12185,DEV-35475,ACTIVE,2025-03-06 00:00:00,,unknown
EMP11792,ladli.shan29,Ladli Shan,Mkt,Manager,,LPT-11792,,ACTIVE,2024-12-05 20:54:35,,
EMP11430,chasmum.nadkarni1,Chasmum Nadkarni,Mkt,Administrator,warehouse,ws-11430,dev 25429,A,2024-10-31 00:00:00,,
EMP12825,indali.goswami21,Indali Goswami,Finance,Specialist,Work_From_Home,VDR-12825,dev 58627,Working,2024-03-12 16:51:45,,MANAGER153
EMP11013,brijesh.ganesh17,Brijesh Ganesh,Customer Care,Director,,VDR-11013,DEV-19012,ACTIVE,2021-10-03 12:14:00,,manager310
EMP11928,riya.chadha43,Riya Chadha,Customer Care,Executive,,lpt-11928,DEV15769,Active,2021-09-29 20:18:18,,
EMP12319,chanchal.choudhry83,Chanchal Choudhry,It Dept,Officer,Data Center,ws-12319,DEV29344,Working,2023-10-13 15:56:00,,  manager235  
EMP10126,unnati.dass69,Unnati Dass,Finance,Director,,,DEV-97881,Left,,,manager860
EMP12157,vansha.chadha57,Vansha Chadha,Brand Team,Officer,,vdr-12157,dev50940,Active,2020-10-07 12:56:52,,manager702
EMP11347,shravya.chopra88,Shravya Chopra,Legal,Manager,Regional_Office,WS-11347.corp.local,DEV47104,ACTIVE,2022-10-11 12:37:00,,manager468
EMP10355,kavya.bajwa2,Kavya Bajwa,Sales,Analyst,Data Center,WS-10355,DEV-60197,Left,2021-07-10 00:17:38,,unknown
EMP10827,henry.raman55,Henry Raman,Ops Team,Consultant,Data Center,WS-10827.corp.local,dev17398,Working,2022-08-02 07:25:58,,manager419
EMP11639,FARHAN.BEDI89,Farhan Bedi,Hr,Engineer,DATA CENTER,VDR-11639,dev 58614,ACTIVE,2021-03-19 00:00:00,,MANAGER887
EMP10984,GAURAV.BORDE62,Gaurav Borde,Operations Dept,Director,,WS-10984,dev34149,Disabled,2020-01-21 21:28:52,2020-09-06 00:00:00,manager668
EMP10362,libni.rau54,Libni Rau,Innovation,Analyst,Branch_Office,VDR-10362,dev 46677,ACTIVE,2021-12-20 03:50:44,,
EMP10345,samar.setty88,Samar Setty,Finance,Trainee,WORK FROM HOME,LPT-10345,,ACTIVE,2020-02-12 20:30:44,,manager140
EMP12124,azaan.dora49,Azaan Dora,Hr Dept,Executive,,WS-12124,DEV47572,Leave,2024-02-15 00:00:00,,MANAGER372
EMP12620,onkar.khalsa1,Onkar Khalsa,Finance,Administrator,WAREHOUSE,LPT-12620,dev98307,A,2024-09-01 00:00:00,,manager460
EMP10711,ayushman.chowdhury15,Ayushman Chowdhury,It Dept,Executive,DATA CENTER,WS-10711,DEV-72420,Working,2026-05-07 05:01:00,,unknown
EMP12127,oscar.gopal34,Oscar Gopal,Finance,Director,WORK FROM HOME,VDR-12127,DEV-28293,ACTIVE,2023-12-22 18:03:00,,manager571
EMP10010,jagvi.seth52,Jagvi Seth,Marketing,Manager,BRANCH OFFICE,VDR-10010,dev 51245,Live,2024-03-31 01:22:51,,  manager758  
EMP12616,widisha.maharaj57,Widisha Maharaj,Customer Care,Analyst,Data_Center,,DEV71339,Working,2020-06-23 17:24:59,,manager579
EMP11834,aryan.shankar73,Aryan Shankar,Operations,Administrator,head office,LPT-11834.corp.local,dev 31292,Working,2025-08-21 12:05:23,,manager421
EMP10793,widisha.chhabra74,Widisha Chhabra,IT,Administrator,BRANCH OFFICE,vdr-10793,DEV17669,Active,2023-12-03 00:00:00,,
EMP12848,mekhala.singhal56,Mekhala Singhal,Finance,Executive,Data Center,WS-12848,dev 71268,Live,,,
EMP10094,  abha.varkey61  ,Abha Varkey,Call Center,Trainee,,lpt-10094,DEV-86720,A,2024-03-07 00:00:00,,unknown
EMP10129,HARSH.SHUKLA46,Harsh Shukla,It Dept,Director,REMOTE,LPT-10129,DEV26011,Exited,2023-11-13 18:11:00,2024-10-08 06:03:45,MANAGER711
EMP12309,ira.ahuja17,Ira Ahuja,Human Resources,Executive,Remote,WS_12309,DEV58488,A,2025-12-07 19:21:58,,unknown
EMP12991,  vasatika.kapoor74  ,Vasatika Kapoor,Mkt,Officer,Work_From_Home,VDR-12991,dev 20475,OOO,2020-12-07 06:03:45,,manager523
EMP11900,chanakya.bora36,Chanakya Bora,Research And Development,Director,,lpt-11900,,ACTIVE,2021-02-18 17:29:00,,manager340
EMP12467,chaitaly.char55,Chaitaly Char,Operations Dept,Manager,head office,LPT-12467,DEV-45570,Resigned,2022-07-30 10:31:03,,  manager715  
EMP11932,mahika.chakraborty82,Mahika Chakraborty,Purch,Manager,HEAD OFFICE,VDR-11932.corp.local,DEV-34958,Live,2020-11-01 06:50:28,,manager651
EMP12499,naveen.borah10,Naveen Borah,Fin,Administrator,Warehouse,vdr-12499,dev 34580,ACTIVE,,,
EMP11865,rehaan.gola27,Rehaan Gola,Finance,Consultant,,WS-11865,dev50565,ON_LEAVE,2025-11-18 00:00:00,,
EMP11658,abha.baria81,Abha Baria,It Support,Manager,Work From Home,LPT-11658,dev21239,Enabled,2020-06-12 00:00:00,,manager192
EMP10516,wakeeta.rattan45,Wakeeta Rattan,R&D,Trainee,,LPT-10516,DEV75776,Left,2023-09-28 17:13:28,2024-01-26 11:16:54,  manager387  
EMP11857,YASHAWINI.BAJAJ3,Yashawini Bajaj,Compliance,Specialist,Regional Office,LPT-11857,DEV-72195,DISABLED,2023-07-20 00:00:00,,
EMP11277,ansh.bandi36,Ansh Bandi,Mkt,Engineer,Head Office,VDR-11277,,Active,,,manager914
EMP10950,GIRIK.PAI19,Girik Pai,Operations,Officer,Branch Office,LPT-10950,dev 80455,LWP,2024-09-20 19:09:00,,manager101
EMP11120,siya.naik32,Siya Naik,Customer Care,Manager,,WS-11120,DEV73324,Live,2021-10-23 23:20:54,,manager746
EMP10419,  upkaar.dave34  ,Upkaar Dave,Human Resources,Administrator,head office,WS_10419,DEV16507,Live,2024-12-11 22:39:12,,unknown
EMP10922,aahana.kaur82,Aahana Kaur,Accounts,Analyst,head office,VDR-10922,,ACTIVE,,,manager617
EMP12880,panini.rau8,Panini Rau,Finance,Analyst,WORK FROM HOME,vdr-12880,dev 53618,Live,2024-08-06 10:52:00,,manager647
EMP10477,yamini.subramanian5,Yamini Subramanian,Ops Team,Trainee,Head Office,VDR-10477,DEV-98542,Working,,,
EMP12035,omya.seshadri88,Omya Seshadri,Call Center,Specialist,work from home,WS-12035.corp.local,DEV-61299,Disabled,2021-11-21 08:13:13,,manager686
EMP12245,HITESH.KADAKIA14,Hitesh Kadakia,Sales Dept,Manager,,lpt-12245,DEV70646,Working,2023-04-20 03:56:16,,manager803
EMP11692,qarin.rau21,Qarin Rau,Rd,Analyst,remote,LPT-11692,dev18769,OOO,2026-01-02 00:00:00,,manager396
EMP12316,libni.boase68,Libni Boase,Ops,Executive,branch office,LPT_12316,dev 20407,Working,2024-09-01 00:00:00,,manager670
EMP11471,meera.bath1,Meera Bath,Legal,Engineer,head office,WS-11471,,ACTIVE,2022-04-09 00:00:00,,manager909
EMP11202,  isaiah.dave47  ,Isaiah Dave,Compliance,Trainee,branch office,LPT-11202.corp.local,DEV37720,Terminated,2026-06-14 22:32:16,2026-11-07 03:19:46,manager280
EMP11669,hitesh.patil44,Hitesh Patil,It Support,Administrator,,vdr-11669,dev 70042,A,2022-10-31 08:13:46,,manager233
EMP12859,udant.barman2,Udant Barman,Marketing,Specialist,Regional_Office,VDR-12859,DEV-37202,ACTIVE,2023-07-19 00:00:00,,
EMP11970,devansh.sule3,Devansh Sule,It Dept,Engineer,WORK FROM HOME,LPT-11970,dev 78191,L,,2025-08-28 00:00:00,  manager992  
EMP10820,,Gauri Deep,Research And Development,Trainee,Branch_Office,WS-10820,DEV-96781,Enabled,2024-04-17 08:13:00,,manager451
EMP11997,zayan.sidhu78,Zayan Sidhu,Human Resource,Consultant,,WS-11997,dev 63449,Active,2025-05-09 21:41:55,,manager992
EMP12954,jagat.agate90,Jagat Agate,Customer Care,Consultant,,lpt-12954,DEV17834,Active,,,manager349
EMP11248,NOAH.KATA59,Noah Kata,R&D,Manager,Work From Home,ws-11248,DEV-90999,Enabled,2021-11-26 00:00:00,,manager110
EMP12742,,Upasna Sha,People Team,Engineer,REMOTE,WS-12742,,Enabled,2020-02-29 21:26:55,,manager467
EMP12694,  chaitaly.dugal25  ,Chaitaly Dugal,Customer Support,Executive,Work From Home,WS-12694,,Enabled,2024-01-24 13:17:05,,MANAGER907
EMP11046,falan.gandhi55,Falan Gandhi,Hr Dept,Administrator,WAREHOUSE,VDR-11046,dev 30027,Live,2021-06-29 00:00:00,,
EMP11888,SAANVI.PURI1,Saanvi Puri,Call Center,Administrator,Warehouse,VDR-11888,,Enabled,2022-01-09 03:58:00,,manager316
EMP10615,nikita.majumdar12,Nikita Majumdar,Business Sales,Director,REMOTE,WS-10615,DEV-29400,Working,2020-09-13 11:00:35,,manager863
EMP11318,kritika.nori43,Kritika Nori,It Dept,Executive,,VDR-11318,dev53202,L,2025-08-22 21:55:00,,manager605
EMP12970,,Ethan Peri,Procurement,Trainee,Data Center,LPT-12970,dev 32709,Live,,,manager297
EMP12136,raksha.bhalla98,Raksha Bhalla,Human Resource,Executive,warehouse,WS-12136,DEV-98387,DISABLED,2022-04-20 00:00:00,2025-11-25 20:14:07,manager616
EMP12534,anvi.soni34,Anvi Soni,Hr Dept,Executive,,LPT-12534,,Active,2026-02-27 21:22:00,,manager561
EMP11772,mohini.munshi54,Mohini Munshi,Hr,Officer,,VDR-11772,DEV-29079,Enabled,2020-05-04 00:00:00,,MANAGER502
EMP10131,,Arya Ratta,Sales,Consultant,WORK FROM HOME,lpt-10131,DEV-88116,Working,2021-03-25 12:43:03,,unknown
EMP10077,tejas.panchal85,Tejas Panchal,Purch,Consultant,DATA CENTER,vdr-10077,DEV-79588,ACTIVE,2026-05-06 12:58:00,,manager460
EMP12052,caleb.lal55,Caleb Lal,Ops Team,Consultant,WORK FROM HOME,VDR-12052,DEV-90432,Enabled,,,manager729
EMP10724,yashica.chokshi5,Yashica Chokshi,Hr Dept,Manager,Warehouse,VDR_10724,DEV-42846,ACTIVE,,,unknown
EMP11314,amaira.sengupta10,Amaira Sengupta,Procurement Team,Manager,,VDR-11314.corp.local,dev49089,Working,2024-03-29 10:40:48,,manager715
EMP11851,  faqid.choudhry24  ,Faqid Choudhry,It Dept,Executive,REMOTE,WS-11851,dev22218,ACTIVE,2022-11-05 10:19:00,,manager243
EMP12708,  pooja.kunda23  ,Pooja Kunda,Sales,Administrator,,LPT-12708.corp.local,dev 68286,Blocked,,2025-04-11 03:03:59,manager310
EMP12562,XITI.MURTY39,Xiti Murty,IT,Analyst,DATA CENTER,vdr-12562,DEV79348,Terminated,2026-07-15 18:07:04,,
EMP11372,nikita.d’alia16,Nikita D’Alia,Research And Development,Director,,WS-11372.corp.local,DEV21385,Terminated,,2023-05-11 23:03:31,
EMP11855,NEEL.MAJUMDAR68,Neel Majumdar,Legal,Officer,Warehouse,VDR-11855,dev90245,Working,2026-07-19 09:52:27,,
EMP11319,yuvraj.ram10,Yuvraj Ram,Supply Chain,Specialist,,LPT-11319,dev55330,On Leave,,,  manager727  
EMP12960,  ekansh.bedi26  ,Ekansh Bedi,It Dept,Director,Head_Office,lpt-12960,dev 34207,Working,2021-07-28 20:03:09,,
EMP12573,udant.mukherjee7,Udant Mukherjee,IT,Specialist,Work From Home,VDR_12573,,Working,2021-11-11 18:37:43,,manager221
EMP10375,daniel.bhat5,Daniel Bhat,Supply Chain,Specialist,,LPT-10375,dev 94840,Enabled,2023-07-04 00:21:54,,
EMP11908,hitesh.keer31,Hitesh Keer,Support,Consultant,,lpt-11908,,OOO,2020-02-21 01:12:00,,  manager205  
EMP10333,HITESH.KHANNA59,Hitesh Khanna,IT,Manager,work from home,LPT-10333,dev67840,Live,,,  manager805  
EMP12323,tanvi.bal60,Tanvi Bal,Sales Dept,Manager,Data_Center,LPT-12323,dev89195,Active,2024-11-17 07:30:29,,manager226
EMP12373,mitali.goel62,Mitali Goel,Operations,Administrator,WORK FROM HOME,VDR-12373,,Active,2025-12-05 06:22:11,,manager522
EMP11604,aashi.bajaj29,Aashi Bajaj,R&D,Administrator,Warehouse,LPT-11604,DEV-70324,Working,2024-03-24 12:55:09,,manager166
EMP11118,  bimala.yohannan78  ,Bimala Yohannan,R&D,Executive,,VDR-11118,DEV-39500,Working,2023-02-14 09:18:00,,
EMP12913,reyansh_cheema32,Reyansh Cheema,Ops Team,Analyst,Data Center,WS-12913,dev 52978,ACTIVE,2025-03-23 00:00:00,,manager631
EMP11943,zilmil.warrior7,Zilmil Warrior,Hr,Director,,VDR-11943,DEV26287,Left,2024-07-02 00:00:00,2025-08-12 20:08:30,manager364
EMP12333,quincy.samra91,Quincy Samra,Human Resource,Trainee,,vdr-12333,dev 66982,Resigned,2026-06-25 00:00:00,2026-07-20 15:59:35,unknown
EMP12599,zayan.bhagat19,Zayan Bhagat,Fin,Engineer,REMOTE,WS-12599,dev 37456,Working,2022-08-12 13:22:00,,manager999
EMP11342,  devansh.hora57  ,Devansh Hora,Finance,Administrator,work from home,WS-11342,,Left,2021-01-30 06:23:44,2022-07-26 09:42:34,manager732
EMP10320,hredhaan.tank29,Hredhaan Tank,Mktg,Analyst,REMOTE,LPT_10320,DEV-80465,ACTIVE,,,manager891
EMP11619,ekiya_banik24,Ekiya Banik,Supply Chain,Officer,BRANCH OFFICE,LPT-11619,dev 75228,Enabled,,,
EMP12628,kiaan.ramesh70,Kiaan Ramesh,Marketing Dept,Officer,,LPT-12628.corp.local,dev13091,Active,,,manager715
EMP12060,vrishti.chadha23,Vrishti Chadha,Cs,Manager,regional office,LPT-12060,,Disabled,2021-01-27 09:16:09,2022-04-17 07:58:30,
EMP11673,arya_dhillon11,Arya Dhillon,Operations,Officer,HEAD OFFICE,LPT-11673,dev 26846,Blocked,,2022-06-01 20:16:07,MANAGER257
EMP11942,,Hemangini Mand,IT,Specialist,Work_From_Home,VDR-11942,DEV-78920,Live,2020-07-19 10:33:05,,manager921
EMP10260,aashi.bal42,Aashi Bal,Sales,Administrator,Branch Office,VDR-10260,dev 78321,Active,,,manager670
EMP12426,raksha.date82,Raksha Date,Compliance,Administrator,WORK FROM HOME,WS-12426,dev 50736,Active,2021-01-03 22:47:15,,  manager841  
EMP12039,arunima_sridhar65,Arunima Sridhar,Hr,Officer,regional office,WS-12039,dev58395,A,2025-06-29 11:53:29,,manager369
EMP10689,sai_pathak23,Sai Pathak,Marketing,Director,Head_Office,VDR-10689,dev 24253,Enabled,2025-01-26 23:12:38,,
EMP10901,gaurika.babu9,Gaurika Babu,Mkt,Director,,LPT-10901,DEV-74852,Live,2025-06-30 00:00:00,,manager814
EMP12026,bhavna_patla52,Bhavna Patla,Rd,Director,DATA CENTER,LPT_12026,DEV-80683,Live,2025-08-02 09:05:00,,manager730
EMP10138,samuel.choudhury78,Samuel Choudhury,Legal,Manager,Work_From_Home,VDR-10138,dev24996,DISABLED,2025-07-15 07:51:50,,manager986
EMP11917,naksh.sanghvi94,Naksh Sanghvi,Finance,Engineer,Work From Home,LPT-11917,dev35905,Working,2023-12-02 19:50:55,,manager560
EMP11828,maanas.madan34,Maanas Madan,R&D,Manager,,WS-11828,dev31706,L,2024-03-13 04:42:09,2026-02-25 00:00:00,
EMP11573,JAGRATI.DUTT21,Jagrati Dutt,Sales,Director,Work_From_Home,,DEV-94683,Enabled,2025-01-11 11:12:13,,manager954
EMP10319,hredhaan.nagi88,Hredhaan Nagi,Research And Development,Director,REGIONAL OFFICE,WS-10319,dev74054,Working,2024-10-22 15:06:56,,
EMP10653,qasim.gole57,Qasim Gole,Human Resource,Specialist,WAREHOUSE,LPT-10653,DEV42075,Left,2022-05-14 01:36:00,,manager251
EMP12137,logan.ramakrishnan20,Logan Ramakrishnan,Innovation,Director,warehouse,VDR-12137,dev 72539,Working,2020-06-04 00:00:00,,manager702
EMP12394,udarsh.kadakia17,Udarsh Kadakia,Information Technology,Executive,WAREHOUSE,WS-12394,dev70090,Live,2024-11-12 17:50:47,,
EMP10558,amaira.sood39,Amaira Sood,Marketing,Officer,,VDR-10558,DEV16253,A,2025-11-15 00:00:00,,manager320
EMP12187,frado.nigam40,Frado Nigam,IT,Analyst,WORK FROM HOME,VDR-12187,DEV-93148,Live,2024-05-18 02:58:00,,manager993
EMP10112,frederick.behl88,Frederick Behl,Fin,Executive,Branch_Office,LPT-10112,dev89887,LEFT,2025-04-09 08:57:14,2026-04-30 22:08:37,
EMP10531,  omkaar.kalita55  ,Omkaar Kalita,Supply Chain,Consultant,,WS_10531,dev 99208,Live,2021-09-24 20:30:01,,manager902
EMP10224,RONITH.SHROFF81,Ronith Shroff,It Dept,Specialist,,WS-10224,,D,,,MANAGER591
EMP10723,ekaraj.nath19,Ekaraj Nath,Call Center,Director,,VDR-10723,dev94323,Working,,,manager205
EMP12590,zansi_khosla29,Zansi Khosla,Brand Team,Administrator,Data Center,VDR-12590.corp.local,DEV16029,LWP,,,manager247
EMP12649,aadhya.hayer77,Aadhya Hayer,Research And Development,Director,Remote,LPT-12649,DEV-51192,Live,2025-07-31 20:37:00,,manager521
EMP11433,urvashi.kata32,Urvashi Kata,Marketing Dept,Engineer,REGIONAL OFFICE,,DEV27397,Active,,,manager282
EMP12401,manya.kala33,Manya Kala,Cs,Executive,Branch_Office,,dev 42650,ACTIVE,,,manager178
EMP11458,agastya_wali58,Agastya Wali,Call Center,Consultant,,WS-11458,DEV53917,D,,2023-11-12 09:41:00,unknown
EMP12784,urmi.vala29,Urmi Vala,Human Resource,Engineer,Data Center,VDR-12784,DEV91090,ACTIVE,,,MANAGER153
EMP10846,pratyush.balay57,Pratyush Balay,Legal,Administrator,,vdr-10846,,A,2023-03-10 04:01:00,,manager215
EMP10193,ekbal.bhatti8,Ekbal Bhatti,Human Resources,Director,Remote,VDR-10193,,Enabled,,,manager722
EMP11464,lekha.luthra19,Lekha Luthra,Research And Development,Director,REMOTE,WS-11464,dev 70035,ACTIVE,2022-01-28 09:28:03,,
EMP10946,ekbal.chandra41,Ekbal Chandra,Accounts,Director,Remote,WS-10946,dev 59219,Resigned,2021-01-10 19:53:54,2023-01-25 07:28:00,unknown
EMP12021,rushil.sura78,Rushil Sura,Support,Administrator,WORK FROM HOME,VDR-12021,DEV-12118,Leave,2021-01-29 00:00:00,,
EMP11629,max.subramanian13,Max Subramanian,Innovation,Executive,Branch Office,vdr-11629,dev51983,ACTIVE,2021-09-24 00:00:00,,manager684
EMP10117,ikshita.muni96,Ikshita Muni,IT,Specialist,Regional Office,WS-10117,DEV-47512,Enabled,,,MANAGER460
EMP10645,NIKITA.SANGHA37,Nikita Sangha,Rd,Executive,DATA CENTER,WS-10645,,LEFT,2025-11-13 14:37:00,2026-01-07 20:23:25,manager761
EMP11870,zinal.palla99,Zinal Palla,People Team,Manager,BRANCH OFFICE,LPT-11870.corp.local,DEV54839,ACTIVE,2025-11-12 00:00:00,,manager590
EMP10003,orinder.buch21,Orinder Buch,Legal,Consultant,,LPT-10003,DEV-38221,OOO,2022-11-11 18:18:00,,manager489
EMP10074,URVI.SASTRY42,Urvi Sastry,Fin,Trainee,branch office,WS_10074,DEV-43862,Working,,,manager382
EMP11755,daksh.zachariah69,Daksh Zachariah,Information Technology,Administrator,WAREHOUSE,LPT-11755,DEV77729,Active,2023-11-04 11:07:37,,MANAGER266
EMP10467,maanas_rama25,Maanas Rama,Ops,Manager,,WS-10467,DEV-16094,Left,2025-09-19 06:31:00,2026-07-16 03:26:00,
EMP10005,adweta.seth11,Adweta Seth,Support,Administrator,Work_From_Home,VDR-10005,dev91070,Exited,2023-01-28 13:27:43,2026-01-27 01:48:14,  manager777  
EMP11246,logan.guha68,Logan Guha,IT,Consultant,,LPT-11246,,Live,2023-07-13 14:31:25,,manager381
EMP10919,udyati_dugar83,Udyati Dugar,Sales,Officer,Warehouse,vdr-10919,,Working,2022-08-12 15:45:05,,
EMP10228,patrick.bajaj41,Patrick Bajaj,Fin,Trainee,Warehouse,WS_10228,DEV81601,A,2026-07-26 11:43:49,,unknown
EMP11063,OSHA.WARRIOR98,Osha Warrior,Human Resources,Analyst,HEAD OFFICE,WS-11063,DEV-10947,Enabled,,,manager634
EMP10242,upma.wadhwa62,Upma Wadhwa,Ops,Engineer,HEAD OFFICE,WS-10242,dev 60275,Active,2026-05-30 20:10:10,,
EMP12351,zansi.batta30,Zansi Batta,Hr Dept,Specialist,WORK FROM HOME,LPT-12351,,Live,2023-04-24 20:01:30,,MANAGER128
EMP11160,neel.dass57,Neel Dass,Finance,Administrator,,WS_11160,DEV30252,A,,,  manager742  
EMP12591,gavin.golla57,Gavin Golla,Legal,Engineer,,VDR_12591,dev 49301,A,2020-03-19 03:33:34,,manager190
EMP11526,devansh.nazareth78,Devansh Nazareth,Purchase,Director,head office,LPT-11526,,Active,2022-05-07 15:29:00,,manager548
EMP11605,chakrika.sharma22,Chakrika Sharma,IT,Officer,Data Center,VDR-11605.corp.local,dev 95233,Active,2022-12-15 00:00:00,,MANAGER823
EMP12869,anika_parsa88,Anika Parsa,R&D,Specialist,remote,VDR-12869,DEV-60701,Live,2025-10-08 07:31:58,,manager103
EMP12399,OSHA.AGGARWAL57,Osha Aggarwal,Finance,Trainee,REGIONAL OFFICE,LPT-12399,DEV-54496,ACTIVE,2020-07-18 02:49:23,,manager424
EMP12623,  jalsa.krishna50  ,Jalsa Krishna,Procurement,Director,warehouse,WS-12623,DEV69754,A,2025-09-01 09:01:41,,MANAGER498
EMP11989,jonathan.bail46,Jonathan Bail,Customer Care,Executive,DATA CENTER,vdr-11989,dev44870,ACTIVE,2024-09-06 16:45:06,,manager487
EMP12424,hamsini.chaudhry50,Hamsini Chaudhry,Mkt,Administrator,,LPT-12424,dev 98305,Enabled,2023-04-21 07:17:44,,manager614
EMP11975,  turvi.munshi25  ,Turvi Munshi,Ops Team,Administrator,branch office,WS_11975,dev97439,Terminated,2026-04-07 17:12:36,,manager147
EMP11761,onveer.kohli9,Onveer Kohli,Hr,Administrator,regional office,WS-11761.corp.local,,Live,2022-01-25 00:00:00,,unknown
EMP11305,aahana.shanker52,Aahana Shanker,People Team,Analyst,,VDR-11305,dev30863,A,2025-08-28 21:27:12,,manager795
EMP11541,,Anamika Nanda,Sales Dept,Engineer,Remote,LPT-11541,DEV65611,LWP,2021-12-24 20:09:00,,
EMP10622,yashoda.sur19,Yashoda Sur,Brand Team,Analyst,,,DEV-24585,ACTIVE,2024-03-01 22:29:45,,manager314
EMP12836,avi.babu51,Avi Babu,Cs,Analyst,Remote,VDR-12836,,ACTIVE,,,
EMP11493,AMRITA.SHANKER92,Amrita Shanker,Information Technology,Trainee,DATA CENTER,VDR-11493.corp.local,dev 17836,Enabled,,,
EMP10110,chaitanya.atwal30,Chaitanya Atwal,Hr Dept,Director,head office,VDR-10110,DEV23173,Enabled,2025-11-26 04:28:38,,MANAGER129
EMP12977,aryan.korpal35,Aryan Korpal,Legal,Director,regional office,WS-12977,dev 97414,Working,2021-10-09 09:48:51,,  manager815  
EMP11169,,Jackson Chaudhary,Operations,Executive,,VDR-11169,dev42231,Live,,,manager646
EMP12535,,Girik Thaman,Finance,Analyst,remote,ws-12535,dev 18688,Active,2026-01-06 00:00:00,,manager806
EMP10232,reva.bansal99,Reva Bansal,Fin,Administrator,Head_Office,WS-10232,dev20358,Live,2023-10-06 09:57:12,,  manager865  
EMP10066,ZINAL.VENKATARAMAN17,Zinal Venkataraman,R&D,Manager,WAREHOUSE,LPT-10066,,A,2026-07-10 16:04:01,,MANAGER720
EMP12942,harsh.sood79,Harsh Sood,People Team,Consultant,BRANCH OFFICE,VDR-12942,DEV-49902,Working,2023-06-07 00:00:00,,manager400
EMP12072,vrinda_sankar60,Vrinda Sankar,Innovation,Engineer,,WS-12072,DEV47990,A,2020-03-01 18:31:21,,manager367
EMP12192,  raksha.narain66  ,Raksha Narain,Marketing,Officer,Regional Office,ws-12192,DEV-91539,Working,2023-08-15 05:54:50,,
EMP10536,  leela.ganesh78  ,Leela Ganesh,Information Technology,Director,Data_Center,VDR-10536,dev 96006,ACTIVE,2026-01-19 00:00:00,,
EMP10125,bishakha.varkey39,Bishakha Varkey,Legal,Manager,Branch_Office,LPT-10125,DEV14877,Live,2024-03-10 12:45:14,,manager340
EMP12133,kashvi_badal46,Kashvi Badal,Customer Support,Officer,Regional_Office,LPT-12133,DEV84853,On Leave,2024-04-23 17:19:31,,MANAGER111
EMP11254,siddharth.chadha92,Siddharth Chadha,Hr Dept,Consultant,WAREHOUSE,LPT-11254,DEV-96439,Live,2021-10-01 16:21:00,,manager176
EMP12560,pooja.jani40,Pooja Jani,R&D,Administrator,,vdr-12560,DEV-40241,A,2025-08-04 07:30:30,,manager190
EMP11976,jacob.viswanathan28,Jacob Viswanathan,Sales,Consultant,Warehouse,VDR-11976.corp.local,DEV26270,ACTIVE,,,manager807
EMP12536,ojasvi.varkey76,Ojasvi Varkey,Brand Team,Manager,,LPT-12536,DEV30913,Live,,,unknown
EMP12398,ADVAY.KARI24,Advay Kari,Mkt,Analyst,DATA CENTER,WS-12398,dev 93862,Active,2024-07-25 20:25:09,,unknown
EMP12075,balendra.sathe86,Balendra Sathe,Purchase,Trainee,work from home,VDR-12075,dev75234,Active,2021-10-27 00:00:00,,manager937
EMP10484,amol.natt81,Amol Natt,Supply Chain,Administrator,data center,VDR-10484,DEV-82110,Enabled,2026-01-07 16:33:42,,manager325
EMP11654,rachita.nagi61,Rachita Nagi,Hr Dept,Officer,,WS-11654,,LEFT,2025-04-21 10:41:40,2025-09-23 07:57:41,MANAGER664
EMP12758,chasmum.vig85,Chasmum Vig,Finance,Administrator,,VDR-12758,dev 59012,Enabled,2025-01-27 18:59:47,,  manager192  
EMP12337,yashica.kata81,Yashica Kata,Accounts,Executive,Regional Office,WS-12337,DEV-63087,Enabled,2021-07-22 00:00:00,,
EMP11774,oliver.gokhale61,Oliver Gokhale,Customer Support,Trainee,,VDR_11774,,Working,,,manager776
EMP10918,,Isha Vyas,Ops,Consultant,Head Office,WS-10918,dev79178,ACTIVE,2021-04-01 00:00:00,,MANAGER556
EMP11646,fariq.bajwa50,Fariq Bajwa,Purch,Manager,Work_From_Home,LPT-11646,dev92350,A,2024-08-22 00:00:00,,manager764
EMP11026,  daksha.narasimhan92  ,Daksha Narasimhan,It Dept,Officer,Branch Office,WS-11026,dev16259,Deactivated,2024-06-12 12:20:00,2024-11-19 04:45:26,manager415
EMP11030,saanvi.srinivasan42,Saanvi Srinivasan,Customer Support,Engineer,Warehouse,,DEV-81002,Working,2023-08-22 09:04:03,,manager318
EMP10882,mason.varghese84,Mason Varghese,Finance,Manager,Remote,WS-10882,dev66670,Enabled,,,
EMP11335,warda.ghose34,Warda Ghose,Procurement,Engineer,Work_From_Home,LPT-11335,dev54688,Live,2025-04-15 00:40:00,,manager537
EMP12290,qadim.bedi12,Qadim Bedi,Legal,Manager,,WS-12290,DEV59560,L,2020-05-06 00:00:00,,  manager867  
EMP10364,brijesh.golla51,Brijesh Golla,Human Resources,Specialist,warehouse,LPT-10364,,Enabled,2021-02-10 02:18:00,,manager367
EMP12125,hemal.deo32,Hemal Deo,Sales,Executive,,WS-12125,DEV67264,Working,,,manager627
EMP10027,yahvi.tank8,Yahvi Tank,Finance,Director,Head_Office,WS-10027,DEV-44760,Exited,2023-11-14 00:00:00,,manager598
EMP10473,zarna.lalla38,Zarna Lalla,Operations,Executive,Regional_Office,VDR-10473,dev 33306,Working,2025-11-27 03:39:11,,
EMP10525,sachi.sinha77,Sachi Sinha,IT,Officer,,LPT-10525,dev 22214,Live,2021-02-08 00:00:00,,
EMP10725,tanveer.bhavsar20,Tanveer Bhavsar,IT,Analyst,REGIONAL OFFICE,WS-10725,,Live,2022-10-21 17:58:18,,
EMP10055,joshua_gera72,Joshua Gera,Sales,Manager,Data_Center,LPT_10055,dev70901,Working,2024-10-02 00:00:00,,manager873
EMP10638,onkar.vohra62,Onkar Vohra,Fin,Officer,,VDR_10638,dev 71441,Active,2023-03-07 00:00:00,,manager496
EMP10302,harrison_ramakrishnan69,Harrison Ramakrishnan,Call Center,Director,Warehouse,LPT_10302,dev 57124,Active,2024-07-26 02:36:43,,manager187
EMP12688,jackson.parmer60,Jackson Parmer,Finance,Administrator,Data Center,,dev26626,A,,,manager234
EMP11276,TRIPTI.CHERIAN81,Tripti Cherian,Call Center,Trainee,Warehouse,LPT-11276,dev44774,Left,,,manager527
EMP12717,  amara.ratti2  ,Amara Ratti,Fin,Consultant,work from home,WS-12717,dev80263,A,,,manager879
EMP10624,sachi.pradhan19,Sachi Pradhan,Information Technology,Director,WAREHOUSE,VDR-10624,dev 79048,A,2021-06-13 00:00:00,,manager305
EMP12055,ikbal.lanka15,Ikbal Lanka,Operations Dept,Consultant,,LPT-12055,,Working,2024-02-01 00:00:00,,manager308
EMP11280,  forum.saran38  ,Forum Saran,It Support,Trainee,Head_Office,lpt-11280,,Disabled,2021-01-18 00:00:00,2023-08-26 15:44:30,MANAGER460
EMP11049,qushi.acharya51,Qushi Acharya,Operations,Director,,WS-11049,DEV94023,OOO,2020-08-09 07:37:06,,manager139
EMP10336,umang.radhakrishnan12,Umang Radhakrishnan,Hr,Analyst,Branch_Office,WS-10336,,A,2021-12-03 18:00:00,,manager555
EMP10047,neel.acharya69,Neel Acharya,Sales Dept,Consultant,Data_Center,LPT-10047,DEV97062,L,2025-04-20 01:50:06,2025-07-25 00:00:00,manager407
EMP10106,charles.sharaf84,Charles Sharaf,Finance,Trainee,head office,lpt-10106,dev 75836,Leave,2022-10-28 11:19:09,,
EMP11079,  teerth.andra51  ,Teerth Andra,It Support,Officer,work from home,WS_11079,dev51409,ACTIVE,,,
EMP12286,nachiket.tripathi90,Nachiket Tripathi,Hr,Engineer,remote,VDR-12286,DEV35423,A,2026-06-17 00:00:00,,  manager195  
EMP12261,bhavya.borah17,Bhavya Borah,Sales,Engineer,Warehouse,ws-12261,dev50207,Live,2023-03-10 00:00:00,,unknown
EMP11144,lohit.sandhu68,Lohit Sandhu,Cs,Analyst,Branch Office,VDR-11144.corp.local,dev45933,Active,2021-02-04 14:02:01,,MANAGER679
EMP12458,pavani.kara6,Pavani Kara,Legal Dept,Director,remote,VDR-12458,DEV88882,LEFT,,2021-09-04 00:00:00,manager953
EMP12296,,Eesha Nayak,Marketing Dept,Administrator,Regional Office,,,OOO,2023-05-01 09:34:01,,unknown
EMP11836,siya.om16,Siya Om,Mkt,Engineer,data center,WS-11836,DEV-61949,A,,,manager340
EMP11753,anay_sen58,Anay Sen,Sales Dept,Specialist,Data Center,LPT-11753,dev 11349,ACTIVE,2025-01-17 17:16:41,,
EMP11101,harsh_dass6,Harsh Dass,Sales,Analyst,Branch Office,LPT-11101,dev49283,D,,,manager321
EMP11968,  ojasvi.keer69  ,Ojasvi Keer,Legal Dept,Analyst,work from home,WS-11968,DEV-92638,Enabled,,,manager504
EMP10523,  naveen.bakshi88  ,Naveen Bakshi,Ops Team,Trainee,WAREHOUSE,VDR-10523,dev 19023,ACTIVE,,,
EMP12280,viraj.tripathi85,Viraj Tripathi,Hr,Officer,Branch Office,LPT-12280,,Enabled,2020-06-16 16:37:07,,manager318
EMP11428,vidhi.gulati52,Vidhi Gulati,Compliance,Analyst,head office,LPT-11428,dev75735,Active,2022-04-08 09:48:57,,manager554
EMP12687,garima.narasimhan13,Garima Narasimhan,Supply Chain,Manager,Remote,LPT-12687,,Blocked,2024-05-26 13:59:00,,
EMP10603,jatin.baral71,Jatin Baral,Legal Dept,Officer,,VDR_10603,,Live,2025-02-06 20:57:00,,manager460
EMP11489,anya.gandhi42,Anya Gandhi,Finance,Administrator,HEAD OFFICE,lpt-11489,DEV37132,Working,,,manager717
EMP12423,prisha.mahal39,Prisha Mahal,Information Technology,Manager,Work From Home,VDR-12423,dev 24383,Active,2022-03-25 10:51:51,,manager159
EMP10060,aarna.gera50,Aarna Gera,Purchase,Analyst,WORK FROM HOME,VDR-10060,dev 59857,A,2022-12-28 21:02:15,,manager499
EMP12832,mason.raman91,Mason Raman,Legal Dept,Administrator,regional office,,DEV57889,Enabled,2025-10-13 17:10:35,,unknown
EMP10671,,Harinakshi Mukhopadhyay,Hr Dept,Consultant,work from home,LPT-10671,DEV36489,L,2023-10-10 00:00:00,2025-10-29 13:10:57,
EMP10092,DAKSHESH.RAMAKRISHNAN56,Dakshesh Ramakrishnan,Operations,Specialist,Remote,LPT_10092,dev21970,A,,,unknown
EMP10666,vinaya.mutti83,Vinaya Mutti,Finance,Trainee,,VDR-10666,dev70374,L,,,manager933
EMP11887,chavvi.bakshi90,Chavvi Bakshi,People Team,Analyst,Data Center,LPT-11887.corp.local,DEV-26601,Working,2025-10-21 07:01:12,,manager517
EMP10280,naksh.wali11,Naksh Wali,It Support,Manager,data center,WS-10280,DEV-59436,Enabled,2020-06-23 08:13:58,,manager819
EMP11719,jack_solanki21,Jack Solanki,Sales Dept,Specialist,REMOTE,WS-11719,DEV35660,A,2022-03-19 20:29:00,,  manager766  
EMP10359,vidhi.saini39,Vidhi Saini,Procurement,Engineer,,WS-10359,DEV-87554,LWP,2026-07-28 10:13:13,,
EMP10899,raagini.anne95,Raagini Anne,Procurement Team,Specialist,regional office,VDR-10899,dev 48112,Enabled,2023-05-26 18:19:43,,  manager705  
EMP11935,pooja.sinha70,Pooja Sinha,Finance,Specialist,,VDR_11935,DEV80780,ACTIVE,2024-05-03 21:59:29,,manager886
EMP11994,gavin_bakshi66,Gavin Bakshi,Legal,Specialist,,WS-11994,,LWP,2020-12-28 20:02:31,,unknown
EMP12384,pushti_choudhary19,Pushti Choudhary,Purch,Administrator,Data_Center,vdr-12384,dev16569,Active,2025-07-24 08:14:53,,manager778
EMP10760,yahvi.chhabra59,Yahvi Chhabra,Procurement,Specialist,Head Office,WS-10760,DEV70786,Working,,,manager908
EMP12158,TIMOTHY.SAHNI34,Timothy Sahni,Ops,Analyst,Head Office,LPT-12158,dev 90438,Working,2025-02-04 08:44:25,,MANAGER159
EMP12703,  viraj.handa92  ,Viraj Handa,Sales Dept,Specialist,Head Office,LPT-12703,DEV-21062,Working,2022-02-02 02:01:58,,manager305
EMP10042,mahika.pillay53,Mahika Pillay,Sales,Administrator,,VDR-10042,DEV-24168,Live,2020-04-30 00:00:00,,
EMP12173,yashica.seth2,Yashica Seth,People Team,Trainee,Warehouse,VDR-12173.corp.local,dev61915,Live,2024-03-16 11:08:37,,
EMP10204,zaitra_cherian56,Zaitra Cherian,Customer Care,Analyst,,lpt-10204,DEV-77908,Enabled,2021-05-26 00:00:00,,manager826
EMP11473,qushi.peri94,Qushi Peri,Procurement Team,Trainee,,WS-11473,DEV93200,Working,,,MANAGER671
EMP12100,abdul.narain72,Abdul Narain,Rd,Administrator,HEAD OFFICE,LPT-12100,dev88520,A,,,manager187
EMP10068,  bahadurjit.ganesan51  ,Bahadurjit Ganesan,Sales,Manager,Warehouse,VDR-10068,DEV92213,ACTIVE,,,
EMP11875,chakrika.chacko84,Chakrika Chacko,Operations,Director,regional office,lpt-11875,DEV-51309,Resigned,2020-09-21 00:00:00,,manager674
EMP12451,prisha.chhabra98,Prisha Chhabra,Purch,Director,data center,VDR-12451,,A,2023-09-22 00:00:00,,MANAGER505
EMP12231,  bhavika.kala57  ,Bhavika Kala,It Dept,Specialist,branch office,LPT-12231.corp.local,,A,2020-08-08 05:12:00,,unknown
EMP10137,varsha.prabhakar82,Varsha Prabhakar,Purchase,Officer,REGIONAL OFFICE,WS-10137,DEV-59925,Leave,2024-07-06 00:00:00,,  manager617  
EMP10796,  veer.singh70  ,Veer Singh,Operations,Consultant,work from home,VDR-10796,,Enabled,2025-12-08 12:13:00,,manager198
EMP12180,ANIKA.GILL48,Anika Gill,Mkt,Trainee,Remote,VDR-12180,,Left,,2022-04-19 15:30:00,manager830
EMP12128,anthony.cheema70,Anthony Cheema,Finance,Manager,head office,ws-12128,,Disabled,2025-08-14 21:32:04,,manager776
EMP10758,  vedika.sagar58  ,Vedika Sagar,Rd,Engineer,Head_Office,VDR-10758,,A,2023-06-17 07:38:29,,
EMP10541,bhanumati.walla25,Bhanumati Walla,R&D,Director,Warehouse,LPT-10541,dev44223,Active,2024-04-21 19:50:55,,manager174
EMP11019,  rudra.sood69  ,Rudra Sood,Mkt,Manager,regional office,VDR-11019,DEV-38476,Exited,2023-07-01 00:00:00,,manager477
EMP12360,WARINDER.KUNDA5,Warinder Kunda,IT,Director,branch office,,DEV-51252,Enabled,,,manager702
EMP10165,LEELA.SANKARAN44,Leela Sankaran,Procurement Team,Analyst,Work_From_Home,VDR-10165,DEV94843,Live,2022-10-21 07:31:29,,manager794
EMP10248,yachana.sharaf71,Yachana Sharaf,Customer Care,Engineer,,VDR-10248,dev29641,Working,,,manager796
EMP11331,harshil_seshadri19,Harshil Seshadri,It Dept,Engineer,REGIONAL OFFICE,WS-11331,DEV-95184,Live,2020-12-20 22:15:00,,manager956
EMP12017,abdul.anne24,Abdul Anne,Sales Dept,Consultant,Remote,VDR-12017,dev 30868,Working,,,
EMP10446,arunima.ramaswamy21,Arunima Ramaswamy,It Dept,Officer,Data_Center,LPT-10446,,Active,2020-01-09 12:09:36,,MANAGER191
EMP11358,lavanya.pillai59,Lavanya Pillai,IT,Executive,,WS-11358,dev44521,A,,,
EMP12145,ekanta.ganguly29,Ekanta Ganguly,Brand Team,Officer,Data Center,VDR-12145,dev75773,Working,,,
EMP11329,udarsh.bali65,Udarsh Bali,Human Resource,Analyst,remote,ws-11329,dev91509,ACTIVE,2020-08-31 17:21:49,,MANAGER240
EMP12996,pushti.pillay28,Pushti Pillay,Innovation,Director,Work From Home,WS-12996,DEV-96086,D,,2025-12-09 05:33:54,MANAGER945
EMP12150,ekta.pall13,Ekta Pall,Legal,Consultant,Work From Home,VDR-12150,dev 12874,Left,2023-01-24 11:07:19,,manager409
EMP10434,wyatt.narang58,Wyatt Narang,Marketing Dept,Engineer,work from home,LPT-10434,dev85534,Active,,,
EMP12122,barkha.saini77,Barkha Saini,R&D,Director,work from home,VDR-12122,,OOO,2025-06-07 22:27:00,,
EMP10577,divya.lalla88,Divya Lalla,Mktg,Administrator,Regional_Office,VDR-10577,,Disabled,2023-07-06 20:20:41,2023-10-21 00:00:00,MANAGER396
EMP12463,daksha_dube52,Daksha Dube,Human Resources,Specialist,Work From Home,VDR-12463,dev 56647,Active,2020-02-23 17:02:29,,
EMP11848,dev.nath83,Dev Nath,Cs,Specialist,,VDR-11848,DEV37495,LEFT,2025-07-31 16:27:05,2025-11-30 00:00:00,manager453
EMP10762,quincy.choudhary38,Quincy Choudhary,Legal,Administrator,REGIONAL OFFICE,VDR-10762,dev 81098,Enabled,,,
EMP10388,kamala.kar94,Kamala Kar,IT,Specialist,data center,VDR-10388,dev 14244,Live,,,unknown
EMP10235,zayan.sarin92,Zayan Sarin,Innovation,Manager,REGIONAL OFFICE,lpt-10235,dev10679,On Leave,2021-05-05 16:56:00,,manager999
EMP12685,eshana.pant35,Eshana Pant,Ops,Executive,,LPT-12685,DEV-35041,A,2020-11-25 00:04:58,,MANAGER807
EMP11984,imaran.sankar8,Imaran Sankar,Legal Dept,Specialist,Regional Office,lpt-11984,DEV83126,Live,2023-05-21 12:34:03,,manager568
EMP10267,rohan.swaminathan95,Rohan Swaminathan,People Team,Trainee,Branch Office,VDR-10267,,Working,2023-05-17 07:01:46,,
EMP10770,ryan.goel27,Ryan Goel,Support,Analyst,remote,WS-10770,DEV-99443,Enabled,2021-02-14 04:40:26,,MANAGER530
EMP12165,samesh.gopal34,Samesh Gopal,Finance,Analyst,WORK FROM HOME,ws-12165,dev51254,Active,2023-02-05 11:47:22,,MANAGER553
EMP10437,wazir.parikh32,Wazir Parikh,Sales,Consultant,Remote,LPT-10437,dev23462,A,2025-01-02 22:28:04,,manager166
EMP10673,robert.bandi13,Robert Bandi,Support,Executive,Branch Office,VDR-10673,dev14791,ACTIVE,2026-01-26 07:38:35,,
EMP10249,vasatika.loke27,Vasatika Loke,Procurement,Trainee,,VDR-10249,DEV-68390,DISABLED,,2025-08-16 02:30:49,  manager159  
EMP12201,,Jai Chander,Innovation,Director,HEAD OFFICE,LPT-12201.corp.local,DEV-81793,Live,2022-06-07 23:58:02,,manager492
EMP11574,rajata.comar45,Rajata Comar,Hr,Engineer,Remote,LPT-11574,dev 62617,A,,,manager788
EMP12142,onveer.bumb55,Onveer Bumb,Information Technology,Administrator,,,,Live,,,manager674
EMP12081,jeevika.bajwa97,Jeevika Bajwa,It Dept,Engineer,,ws-12081,dev 49597,Working,,,manager934
EMP12698,amol.gole85,Amol Gole,Legal Dept,Executive,Work From Home,ws-12698,dev 68618,ACTIVE,2023-07-01 12:29:09,,manager878
EMP12647,ayush.tiwari76,Ayush Tiwari,Sales,Executive,HEAD OFFICE,VDR-12647,dev53857,Disabled,2022-01-01 00:00:00,2024-12-13 00:00:00,
EMP12822,NEELIMA.VERMA76,Neelima Verma,Finance,Analyst,remote,WS-12822,,LWP,2022-05-24 00:00:00,,manager437
EMP10448,nikita.gala83,Nikita Gala,Sales Dept,Trainee,remote,WS-10448,,ACTIVE,2021-06-26 18:42:00,,
EMP11469,janya.ganesh32,Janya Ganesh,It Dept,Consultant,Warehouse,WS-11469,dev38207,Active,2023-09-19 13:01:41,,manager805
EMP10716,orinder.pal67,Orinder Pal,Ops,Executive,remote,VDR-10716,dev 11386,Enabled,2020-07-30 02:51:00,,  manager200  
EMP12470,saanvi.manda62,Saanvi Manda,Finance,Consultant,DATA CENTER,LPT-12470,dev 34148,Terminated,,2021-08-09 07:34:06,manager320
EMP12985,,Champak Batra,IT,Trainee,WORK FROM HOME,lpt-12985,DEV-72126,Enabled,2020-07-02 02:11:36,,MANAGER270
EMP12048,lopa.dewan97,Lopa Dewan,Research And Development,Analyst,Remote,ws-12048,dev27009,Enabled,,,  manager977  
EMP11901,RADHA.ACHARYA83,Radha Acharya,Rd,Director,,VDR-11901,dev76807,Working,2021-03-25 13:01:00,,manager838
EMP11168,daksh.maharaj17,Daksh Maharaj,Accounts,Director,,WS-11168,,Enabled,2025-11-24 09:12:17,,
EMP10082,gabriel.tailor63,Gabriel Tailor,Hr,Analyst,Warehouse,WS-10082,DEV71524,Active,2022-11-24 12:52:33,,manager152
EMP12497,ethan.dave63,Ethan Dave,Ops Team,Specialist,Remote,VDR-12497.corp.local,dev 26569,Resigned,2026-04-23 00:00:00,,manager246
EMP11460,meera.ranganathan94,Meera Ranganathan,Innovation,Director,Head_Office,WS-11460,DEV46924,Live,,,manager151
EMP11893,damyanti.sha10,Damyanti Sha,Legal,Executive,branch office,WS_11893,,ACTIVE,2025-07-18 00:00:00,,MANAGER213
EMP11668,jeremiah.salvi4,Jeremiah Salvi,Research And Development,Consultant,,LPT-11668.corp.local,dev 95118,Live,2022-08-10 16:26:00,,manager543
EMP12000,indali.korpal18,Indali Korpal,Legal,Director,Regional Office,,DEV-88159,ACTIVE,2020-03-01 00:00:00,,manager194
EMP10475,nachiket.bhatia55,Nachiket Bhatia,IT,Officer,Head_Office,LPT-10475.corp.local,,Active,2025-09-13 09:46:26,,MANAGER373
EMP10517,rishi.tiwari28,Rishi Tiwari,Finance,Executive,branch office,WS-10517,,Active,,,manager524
EMP10404,yochana.kannan92,Yochana Kannan,It Dept,Officer,Warehouse,VDR-10404,,Enabled,2025-04-11 02:54:57,,manager875
EMP10384,,Aradhana Shankar,Accounts,Consultant,Regional_Office,LPT-10384,DEV52413,Live,,,manager245
EMP12507,ANUSHA.DOSHI69,Anusha Doshi,IT,Trainee,REGIONAL OFFICE,LPT-12507,dev 97678,ACTIVE,2021-01-28 03:14:50,,manager120
EMP12152,suhani.sinha90,Suhani Sinha,Brand Team,Administrator,head office,VDR-12152.corp.local,dev64577,Live,2020-07-15 07:00:00,,manager858
EMP11633,nakul.sodhi53,Nakul Sodhi,IT,Director,Work_From_Home,WS-11633,DEV59431,Live,2021-08-11 00:00:00,,unknown
EMP12944,SAI.BARAD47,Sai Barad,Legal,Administrator,Branch Office,WS-12944,dev 16887,ACTIVE,,,manager869
EMP10688,keya.solanki95,Keya Solanki,Procurement,Trainee,,VDR-10688,dev88128,Active,2024-09-20 14:20:21,,manager555
EMP11240,MEKHALA.SHENOY46,Mekhala Shenoy,Sales,Manager,branch office,VDR-11240,dev58714,A,2022-03-09 23:18:27,,manager426
EMP10062,,Samesh Mitra,Operations Dept,Director,,lpt-10062,dev71261,Resigned,2025-04-17 06:50:31,2026-02-17 07:54:42,manager778
EMP10852,janani_sen81,Janani Sen,Operations Dept,Director,,LPT-10852,dev 45918,Terminated,2024-03-07 00:00:00,2025-12-09 03:30:00,
EMP12834,FALAN.SURI68,Falan Suri,Purch,Officer,DATA CENTER,WS-12834,dev 49366,Disabled,2023-11-06 02:20:08,2025-04-08 00:00:00,manager226
EMP12552,pooja.suresh19,Pooja Suresh,Operations,Executive,Branch Office,VDR-12552,dev 45373,Live,2021-03-16 00:00:00,,
EMP11262,  devansh.ganguly55  ,Devansh Ganguly,Sales,Administrator,branch office,WS-11262,,Enabled,,,  manager631  
EMP10223,,Zinal Hari,Ops Team,Consultant,regional office,LPT-10223,dev64596,Enabled,2026-03-03 12:05:34,,unknown
EMP12193,raagini.palla68,Raagini Palla,Customer Support,Executive,WORK FROM HOME,VDR-12193,DEV-88492,A,,,manager819
EMP10373,teerth.sandal43,Teerth Sandal,People Team,Analyst,DATA CENTER,LPT_10373,,Exited,2023-09-07 18:28:00,2025-05-13 09:05:54,manager491
EMP11824,PRANAV.KUNDA94,Pranav Kunda,Procurement Team,Officer,Head Office,LPT-11824,,Live,2026-01-28 03:55:07,,manager839
EMP12614,anusha.bhargava60,Anusha Bhargava,Customer Care,Consultant,WORK FROM HOME,,dev 11235,ACTIVE,2020-08-27 08:37:00,,manager548
EMP12955,eiravati.mammen11,Eiravati Mammen,Marketing Dept,Engineer,Warehouse,lpt-12955,DEV52542,Live,2020-07-20 17:00:12,,manager543
EMP12676,urvashi.suri76,Urvashi Suri,Compliance,Executive,,VDR-12676,,A,2026-08-05 16:06:07,,manager760
EMP12766,aayush.sharaf53,Aayush Sharaf,Brand Team,Specialist,Head Office,LPT-12766,dev58867,Active,2024-10-27 10:40:41,,
EMP10009,waida.tandon82,Waida Tandon,Customer Care,Engineer,regional office,WS-10009,,Enabled,2020-04-09 17:34:02,,
EMP11944,logan.shroff83,Logan Shroff,Finance,Officer,DATA CENTER,WS-11944,dev42638,Active,2023-03-20 16:16:42,,  manager292  
EMP11838,yamini.ghose11,Yamini Ghose,Hr Dept,Manager,Head_Office,VDR-11838,dev11112,Live,,,manager194
EMP10708,krisha.dugar95,Krisha Dugar,Finance,Trainee,remote,lpt-10708,DEV-44242,Deactivated,2022-01-03 20:02:29,,
EMP10255,jonathan.sem1,Jonathan Sem,IT,Administrator,data center,VDR-10255,dev 81361,Live,2023-03-24 08:54:11,,unknown
EMP11617,RYAN.SARIN13,Ryan Sarin,Finance,Specialist,Remote,vdr-11617,DEV-33190,Left,2026-01-03 14:34:59,2026-03-13 12:55:42,manager933
EMP10389,manbir.toor79,Manbir Toor,Sales,Specialist,Head Office,WS-10389,DEV-28434,ACTIVE,2020-08-29 17:41:00,,MANAGER427
EMP11581,ONKAR.MITAL36,Onkar Mital,Mktg,Administrator,Regional Office,VDR-11581,dev 53100,Working,2022-02-19 00:00:00,,unknown
EMP10924,noah.ranganathan16,Noah Ranganathan,R&D,Administrator,,vdr-10924,dev 10683,ACTIVE,,,
EMP12036,inaya.arya14,Inaya Arya,Operations Dept,Director,,WS-12036,DEV-20434,Enabled,2022-10-15 00:00:00,,
EMP12475,KABIR.JOSHI32,Kabir Joshi,Compliance,Executive,Regional_Office,LPT-12475.corp.local,dev 21980,Exited,2020-07-30 05:39:41,,
EMP11224,chatresh.upadhyay99,Chatresh Upadhyay,Supply Chain,Executive,,VDR-11224.corp.local,DEV81260,Resigned,2020-09-01 00:00:00,2020-11-19 07:27:00,manager233
EMP11946,laban.mani87,Laban Mani,Mktg,Executive,Warehouse,VDR-11946.corp.local,dev94565,A,2026-03-19 17:53:18,,manager404
EMP10739,bhavna_bhalla19,Bhavna Bhalla,Legal,Executive,Regional Office,WS-10739,dev 82536,A,2022-01-26 23:27:30,,
EMP10040,kevin.tara47,Kevin Tara,It Dept,Consultant,branch office,VDR_10040,DEV-42706,A,2023-01-03 00:00:00,,
EMP10868,  raghav.kannan72  ,Raghav Kannan,IT,Specialist,Branch Office,WS-10868.corp.local,dev32264,Active,,,
EMP10539,  varsha.gera12  ,Varsha Gera,Marketing Dept,Director,remote,VDR-10539,,ACTIVE,,,manager854
EMP12587,charvi.bhavsar17,Charvi Bhavsar,Support,Engineer,Warehouse,LPT-12587.corp.local,dev 70067,Working,2020-10-05 18:50:01,,  manager863  
EMP11371,chanakya.sharaf74,Chanakya Sharaf,Legal,Trainee,Warehouse,LPT-11371,DEV69486,ACTIVE,2020-12-06 13:28:39,,manager965
EMP11145,  sathvik.krishnamurthy8  ,Sathvik Krishnamurthy,Sales,Director,Data Center,VDR-11145,,L,2020-08-20 23:19:34,2024-12-20 05:52:25,manager898
EMP11031,samuel.hari14,Samuel Hari,Ops Team,Consultant,branch office,LPT-11031.corp.local,DEV62709,Working,2020-02-07 05:23:46,,manager569
EMP10372,MADHAV.SOOD34,Madhav Sood,People Team,Analyst,Head Office,LPT-10372,DEV-94670,Live,,,manager967
EMP10667,nathaniel.dhaliwal53,Nathaniel Dhaliwal,It Dept,Officer,Remote,VDR-10667,DEV-98892,ACTIVE,,,manager691
EMP10357,bahadurjit.hegde65,Bahadurjit Hegde,It Dept,Executive,branch office,VDR-10357,DEV-16019,LWP,2020-08-02 03:31:00,,unknown
EMP10967,ikshita.luthra93,Ikshita Luthra,Sales Dept,Analyst,remote,ws-10967,dev 79784,Working,2020-01-17 00:42:00,,manager442
EMP11353,anamika.morar74,Anamika Morar,Mkt,Engineer,,LPT-11353,dev57443,Live,2022-09-05 02:24:36,,  manager218  
EMP11035,umang.dugal86,Umang Dugal,Rd,Manager,REMOTE,LPT-11035,DEV89761,Left,2023-10-26 17:16:20,2026-07-17 00:00:00,MANAGER615
EMP10470,noah.lad77,Noah Lad,Supply Chain,Consultant,,WS-10470,DEV64875,Leave,2025-11-21 13:42:00,,unknown
EMP11396,victor.ratta94,Victor Ratta,Legal,Consultant,,vdr-11396,dev 24195,ACTIVE,2024-11-30 09:49:03,,
EMP12705,aarush.mani1,Aarush Mani,It Dept,Director,Head Office,VDR-12705,dev28817,ACTIVE,2025-08-09 16:15:23,,manager509
EMP11549,  nidhi.chada17  ,Nidhi Chada,Customer Care,Executive,branch office,VDR-11549.corp.local,,A,2020-07-09 02:01:00,,manager314
EMP11256,odika.ray44,Odika Ray,Sales Dept,Specialist,work from home,VDR-11256,,Deactivated,2026-06-20 18:05:30,,  manager771  
EMP12094,gautam.samra20,Gautam Samra,Procurement Team,Administrator,Data_Center,LPT-12094,,Disabled,2025-01-11 10:04:00,2025-10-23 06:21:39,unknown
EMP11555,urmi.master69,Urmi Master,R&D,Executive,Work_From_Home,vdr-11555,dev93473,ACTIVE,2024-01-19 15:17:13,,manager363
EMP12668,manya.chaudry96,Manya Chaudry,Purchase,Consultant,head office,WS-12668,DEV10074,ACTIVE,2024-08-23 18:31:18,,manager935
EMP11250,triya.venkataraman48,Triya Venkataraman,Customer Care,Analyst,REGIONAL OFFICE,,dev 44037,Resigned,,2022-12-15 05:30:24,MANAGER437
EMP11699,VANSHA.MANI80,Vansha Mani,Operations,Manager,,WS-11699,DEV70645,Live,2026-03-11 06:42:00,,MANAGER560
EMP11252,zayan.bhalla97,Zayan Bhalla,Procurement,Director,REGIONAL OFFICE,WS-11252,dev 97586,Live,,,manager589
EMP12865,  frederick.sama65  ,Frederick Sama,Innovation,Manager,work from home,VDR-12865,,Enabled,,,manager638
EMP10079,reyansh.chauhan69,Reyansh Chauhan,Finance,Engineer,branch office,VDR-10079,DEV73464,A,2025-01-05 18:47:09,,
EMP11172,victor.khalsa18,Victor Khalsa,Human Resources,Analyst,remote,ws-11172,,ACTIVE,2021-03-23 19:52:31,,unknown
EMP10814,jagdish.soman87,Jagdish Soman,Hr,Manager,Branch Office,WS_10814,dev 62510,Live,2020-11-12 00:00:00,,manager272
EMP11852,kevin.pillai31,Kevin Pillai,Support,Specialist,Data_Center,WS-11852,dev 36510,A,2023-07-22 06:39:36,,manager109
EMP12220,adweta.rastogi43,Adweta Rastogi,Call Center,Specialist,Head Office,WS-12220,dev16998,Blocked,2022-04-01 00:00:00,2025-05-13 18:00:16,manager235
EMP12710,samar.modi39,Samar Modi,Fin,Engineer,REGIONAL OFFICE,LPT-12710,dev60998,Enabled,2022-12-06 20:52:18,,manager866
EMP12105,,Jatin Khare,Ops,Administrator,,LPT-12105,DEV-42256,Enabled,2020-11-26 15:37:00,,manager929
EMP10133,liam.kunda31,Liam Kunda,Procurement,Consultant,Head_Office,LPT-10133,dev 44782,Live,2026-04-23 10:30:25,,manager216
EMP11140,anusha.roy27,Anusha Roy,Purchase,Director,head office,LPT-11140,DEV-27102,A,2025-02-12 20:04:47,,manager700
EMP10933,saksham.balay20,Saksham Balay,Human Resource,Consultant,REMOTE,WS_10933,dev 49748,A,2020-03-27 22:10:28,,
EMP10928,baljiwan_das61,Baljiwan Das,Sales Dept,Trainee,,WS-10928,,Enabled,2025-01-01 14:18:46,,manager897
EMP10823,kala.parikh22,Kala Parikh,R&D,Director,branch office,WS-10823,DEV60997,Working,2020-12-05 20:06:45,,manager602
EMP11531,lakshit.barad43,Lakshit Barad,Sales,Administrator,,VDR-11531,,A,2025-06-18 00:00:00,,manager505
EMP11214,frado.toor13,Frado Toor,Hr,Manager,Head_Office,VDR-11214,dev12153,Live,2023-07-01 00:00:00,,manager867
EMP10504,harsh.kapadia89,Harsh Kapadia,Purch,Executive,Warehouse,VDR-10504,DEV-57774,Blocked,,2024-12-22 00:00:00,manager326
EMP12395,alexander.vohra99,Alexander Vohra,It Support,Manager,,VDR_12395,dev 31370,Leave,2025-08-18 12:08:17,,
EMP11996,harshil.chana4,Harshil Chana,Information Technology,Manager,data center,,DEV17338,Active,2022-05-17 00:00:00,,manager744
EMP12434,radha.arya51,Radha Arya,Sales,Manager,,WS-12434,,ACTIVE,2021-07-11 13:32:23,,manager642
EMP11958,,Vanya Parekh,Hr,Manager,Work_From_Home,vdr-11958,DEV76176,Active,2022-10-14 07:46:31,,
EMP11384,daniel_bains55,Daniel Bains,Compliance,Administrator,HEAD OFFICE,WS-11384,DEV73636,Live,,,manager146
EMP10894,balhaar.shukla89,Balhaar Shukla,Compliance,Administrator,HEAD OFFICE,LPT-10894,dev 27709,Active,,,
EMP10828,vincent.anne76,Vincent Anne,Hr Dept,Manager,Work From Home,WS-10828,dev25003,Enabled,,,MANAGER138
EMP11683,maanav.venkatesh88,Maanav Venkatesh,Mkt,Administrator,Work From Home,LPT-11683,,ACTIVE,2024-03-14 13:34:18,,manager850
EMP12653,andrew.sabharwal19,Andrew Sabharwal,R&D,Manager,Head_Office,LPT-12653,dev70920,Deactivated,2025-07-16 08:37:54,,manager223
EMP12637,ijaya.naik56,Ijaya Naik,Ops,Administrator,Data_Center,WS-12637,,ACTIVE,2023-01-17 14:05:55,,manager204
EMP12589,pratyush.pillay84,Pratyush Pillay,Mktg,Officer,Regional Office,WS-12589,DEV-11511,Working,2023-08-27 01:08:00,,  manager432  
EMP10652,ayush.srinivasan64,Ayush Srinivasan,Cs,Analyst,warehouse,ws-10652,dev 41179,Active,2025-08-10 21:41:00,,manager519
EMP10172,chakradhar.ravi22,Chakradhar Ravi,Research And Development,Analyst,Data Center,WS-10172,DEV98652,ACTIVE,2023-10-12 01:51:22,,  manager870  
EMP10038,GIRIK.PALLA99,Girik Palla,Finance,Administrator,Branch_Office,VDR-10038,DEV67912,Enabled,2023-08-21 18:38:52,,manager214
EMP12946,  faris.khosla82  ,Faris Khosla,Ops,Consultant,Warehouse,lpt-12946,dev 93802,Live,,,  manager971  
EMP10713,azaan.luthra2,Azaan Luthra,Mktg,Trainee,data center,VDR-10713,DEV51377,On Leave,2025-10-22 14:56:53,,unknown
EMP10090,yashasvi.chacko19,Yashasvi Chacko,Hr Dept,Analyst,Branch_Office,ws-10090,,Live,2024-11-03 00:00:00,,
EMP11205,,Mitali Tandon,R&D,Trainee,Warehouse,vdr-11205,DEV31061,ON_LEAVE,,,manager809
EMP12549,neel.chad33,Neel Chad,Operations,Administrator,Regional Office,WS-12549.corp.local,DEV24663,ON_LEAVE,,,manager660
EMP12664,chanchal.chandran29,Chanchal Chandran,Finance,Trainee,,LPT_12664,DEV-74652,Enabled,2020-09-27 07:41:07,,manager686
EMP11827,aditya.krishnan20,Aditya Krishnan,Legal,Officer,Warehouse,WS-11827,dev37605,A,2020-07-24 18:20:14,,manager138
EMP11155,  andrew.sura23  ,Andrew Sura,Sales,Specialist,Data_Center,VDR-11155,DEV33646,Active,2020-03-06 09:24:03,,manager281
EMP11324,yash.rattan31,Yash Rattan,Sales,Manager,Warehouse,LPT-11324,DEV-39769,Live,2026-05-27 03:36:59,,
EMP10216,nitesh.devi69,Nitesh Devi,It Support,Manager,data center,lpt-10216,,Active,2026-07-01 05:17:18,,manager146
EMP10510,waida.naik66,Waida Naik,Hr Dept,Director,Remote,VDR-10510,DEV11388,ACTIVE,,,manager875
EMP11680,WIDISHA.PARIKH34,Widisha Parikh,Accounts,Officer,WAREHOUSE,LPT-11680,DEV26254,Live,2020-08-23 00:00:00,,manager968
EMP10499,UMANG.HANS19,Umang Hans,Hr,Analyst,,VDR-10499,DEV-88204,ACTIVE,2024-08-28 02:27:23,,
EMP12555,fitan.dada61,Fitan Dada,Legal Dept,Manager,regional office,WS-12555,,DISABLED,2026-02-15 14:00:40,2026-08-04 14:23:24,manager453
EMP11856,isha.nadkarni6,Isha Nadkarni,Rd,Specialist,Warehouse,WS_11856,dev80620,On Leave,,,manager440
EMP11388,VICTOR.DANI26,Victor Dani,Finance,Officer,,VDR-11388.corp.local,,A,2021-05-16 11:10:02,,unknown
EMP11519,jagvi.kar22,Jagvi Kar,Finance,Specialist,regional office,,,ON_LEAVE,,,manager907
EMP12386,diya.vala41,Diya Vala,It Support,Executive,Branch_Office,VDR-12386,dev58052,Resigned,2021-05-22 13:42:53,2026-02-22 00:00:00,
EMP12804,libni.guha87,Libni Guha,Hr Dept,Specialist,REGIONAL OFFICE,VDR-12804,DEV22144,Working,,,
EMP12076,saumya.puri42,Saumya Puri,Finance,Specialist,Warehouse,VDR-12076,DEV41854,Working,2020-03-28 05:40:00,,
EMP11540,daksh.ravel78,Daksh Ravel,Information Technology,Executive,WAREHOUSE,ws-11540,DEV19078,Working,2022-09-06 00:00:00,,
EMP11217,harinakshi.bhatia16,Harinakshi Bhatia,Ops Team,Trainee,Data Center,VDR-11217,DEV61879,Active,2023-03-09 00:00:00,,
EMP11416,ria.khare57,Ria Khare,Legal,Trainee,Remote,WS-11416,dev75585,Active,2022-01-18 00:00:00,,manager486
EMP12217,HIRAL.BOBAL16,Hiral Bobal,R&D,Trainee,,WS-12217,DEV21824,A,2021-03-04 15:46:11,,MANAGER494
EMP12596,HAMSINI.JAYARAMAN36,Hamsini Jayaraman,Human Resource,Specialist,DATA CENTER,WS-12596,DEV-81536,ACTIVE,,,
EMP11676,balhaar.swaminathan14,Balhaar Swaminathan,Purch,Manager,head office,VDR-11676.corp.local,DEV-28181,A,,,
EMP11197,oliver.venkataraman8,Oliver Venkataraman,Sales Dept,Officer,,LPT-11197,dev 23801,Enabled,,,  manager974  
EMP11542,warinder.thakur28,Warinder Thakur,Operations,Analyst,Branch_Office,WS-11542,DEV26136,Deactivated,2023-03-11 10:31:00,2026-05-10 02:42:00,
EMP10953,laban.sankar95,Laban Sankar,Customer Care,Specialist,Head_Office,ws-10953,DEV-21759,Working,2021-01-17 00:00:00,,
EMP10750,wazir.bobal30,Wazir Bobal,People Team,Consultant,Branch_Office,LPT-10750,DEV41079,Enabled,2021-09-13 05:47:15,,  manager325  
EMP10234,  kabir.dhawan31  ,Kabir Dhawan,Business Sales,Analyst,Regional Office,VDR_10234,,Live,2020-06-12 02:01:14,,MANAGER438
EMP10732,PETER.KHATRI9,Peter Khatri,Support,Administrator,data center,VDR-10732,DEV-68891,On Leave,,,manager157
EMP11156,RIA.SRIVASTAVA51,Ria Srivastava,Purch,Engineer,HEAD OFFICE,lpt-11156,dev 19443,ACTIVE,2023-11-14 17:03:37,,
EMP12652,oliver.seshadri52,Oliver Seshadri,Accounts,Trainee,REGIONAL OFFICE,LPT-12652,DEV33627,Enabled,2021-07-01 00:15:00,,manager758
EMP12445,madhavi.pandya32,Madhavi Pandya,Human Resources,Specialist,Branch_Office,WS-12445,DEV89521,ACTIVE,2023-06-27 01:17:27,,manager615
EMP11209,oscar.bumb13,Oscar Bumb,IT,Engineer,Regional Office,LPT-11209.corp.local,dev65073,ACTIVE,2021-05-31 00:00:00,,manager321
EMP11065,benjamin.toor48,Benjamin Toor,Operations Dept,Consultant,Work From Home,LPT-11065,dev57344,Working,2023-03-21 18:12:00,,manager464
EMP12156,oscar.tak70,Oscar Tak,Legal Dept,Specialist,,VDR-12156,DEV-90924,D,2022-12-02 12:58:46,2025-06-26 08:01:18,manager662
EMP11062,vedant.halder11,Vedant Halder,Legal,Manager,REMOTE,lpt-11062,dev54846,A,,,manager788
EMP11167,yagnesh.goswami58,Yagnesh Goswami,R&D,Manager,head office,VDR-11167,DEV66027,Leave,2022-05-15 04:41:11,,manager430
EMP11492,vasudha.sridhar67,Vasudha Sridhar,R&D,Director,HEAD OFFICE,WS-11492,DEV-44082,Terminated,2024-07-27 11:04:56,2026-03-22 15:53:26,MANAGER646
EMP12550,CHARAN.VORA9,Charan Vora,Rd,Analyst,,WS-12550,dev50159,Live,,,unknown
EMP10884,ayushman.ravi61,Ayushman Ravi,Marketing Dept,Specialist,WAREHOUSE,WS-10884,DEV-21825,Working,,,manager544
EMP10143,rushil.chauhan74,Rushil Chauhan,Customer Care,Engineer,Branch Office,VDR-10143,,Enabled,2020-12-02 00:00:00,,manager669
EMP10850,faqid.char88,Faqid Char,People Team,Officer,,LPT_10850,,ACTIVE,2023-05-05 22:22:55,,
EMP10717,nisha.nagarajan68,Nisha Nagarajan,People Team,Trainee,Remote,LPT-10717,dev 47132,Working,2020-04-15 18:20:17,,
EMP12927,quincy.toor85,Quincy Toor,Mkt,Executive,work from home,LPT-12927,dev 39706,Working,2020-10-08 01:56:00,,manager854
EMP12502,bina.agate14,Bina Agate,Hr Dept,Executive,REGIONAL OFFICE,LPT-12502,,ACTIVE,2024-06-28 22:41:47,,manager870
EMP10264,laban.mangat50,Laban Mangat,Sales,Administrator,BRANCH OFFICE,WS-10264,DEV94765,A,2023-10-29 10:32:00,,
EMP10075,MAANAS.CHANDA72,Maanas Chanda,Information Technology,Officer,branch office,LPT-10075,dev 41635,Live,2024-02-26 00:00:00,,manager346
EMP12492,jonathan.krish81,Jonathan Krish,Legal Dept,Administrator,Remote,LPT-12492,DEV-89900,Enabled,2024-12-25 03:11:00,,
EMP10395,charles.saini84,Charles Saini,Finance,Specialist,data center,LPT-10395,dev17019,ACTIVE,2021-09-30 14:57:14,,unknown
EMP12624,yahvi.oommen57,Yahvi Oommen,Operations Dept,Manager,DATA CENTER,VDR_12624,dev25518,Enabled,2023-02-07 00:17:49,,manager998
EMP12224,QUSHI.SHENOY44,Qushi Shenoy,Legal,Administrator,Head Office,WS-12224,DEV32502,Enabled,2021-02-26 13:49:19,,manager985
EMP12884,panini.gaba68,Panini Gaba,IT,Administrator,REMOTE,LPT-12884,DEV-70822,ACTIVE,2026-05-30 01:51:00,,unknown
EMP10396,bhavini.bhakta53,Bhavini Bhakta,Cs,Officer,Remote,VDR_10396,,Working,2020-10-25 00:00:35,,MANAGER685
EMP11365,  osha.modi13  ,Osha Modi,Business Sales,Administrator,,WS-11365,DEV-16329,Enabled,2024-06-19 17:16:35,,manager964
EMP12577,kala.rai4,Kala Rai,R&D,Consultant,DATA CENTER,VDR-12577.corp.local,dev 89588,Enabled,2022-05-30 10:36:00,,manager820
EMP11903,amruta.modi14,Amruta Modi,Sales,Administrator,remote,LPT-11903,DEV-97614,Exited,2025-03-21 08:53:36,2026-05-06 00:00:00,
EMP10595,chaitanya.sodhi25,Chaitanya Sodhi,Cs,Trainee,Work_From_Home,VDR-10595.corp.local,DEV-30202,Enabled,,,manager429
EMP12109,nitesh.deol94,Nitesh Deol,Ops,Trainee,Head_Office,LPT-12109,dev 87692,A,2026-02-14 07:37:39,,manager450
EMP11296,upma.warrior70,Upma Warrior,Marketing Dept,Specialist,regional office,,DEV-96266,Working,2023-09-05 00:00:00,,manager122
EMP11821,caleb.murty72,Caleb Murty,Mkt,Analyst,Head Office,VDR-11821,DEV-38664,ACTIVE,2023-02-27 11:37:00,,manager513
EMP10872,vanya.upadhyay82,Vanya Upadhyay,Rd,Analyst,branch office,lpt-10872,,Active,2020-04-21 10:04:59,,manager267
EMP12997,  naksh.bal73  ,Naksh Bal,Customer Care,Administrator,,VDR-12997,DEV18136,On Leave,2023-09-10 21:20:00,,manager321
EMP12326,JONATHAN.PRAKASH23,Jonathan Prakash,Information Technology,Specialist,regional office,LPT-12326,dev 85446,Working,,,
EMP11548,suhani.kapur11,Suhani Kapur,Legal,Trainee,Head Office,WS-11548,DEV-94850,Terminated,2020-05-20 22:59:40,2022-07-03 00:00:00,manager109
EMP10036,lipika.ahuja14,Lipika Ahuja,Call Center,Executive,Remote,WS-10036,DEV89276,Live,2022-12-01 07:00:00,,manager749
EMP12924,nirja.dutt28,Nirja Dutt,R&D,Officer,,lpt-12924,DEV-25600,Live,2024-03-27 21:56:09,,manager823
EMP12143,ubika.ranganathan44,Ubika Ranganathan,Human Resource,Director,Branch_Office,LPT-12143,DEV-56605,Live,2022-01-25 11:10:00,,unknown
EMP12635,ikbal.sharaf98,Ikbal Sharaf,Purch,Trainee,WAREHOUSE,LPT-12635,DEV-54743,Enabled,2021-04-25 20:04:32,,manager754
EMP10977,udyati.trivedi33,Udyati Trivedi,Operations Dept,Director,Data_Center,VDR-10977,,Live,2022-01-25 10:45:46,,manager145
EMP11571,,Vidhi Bansal,R&D,Trainee,,LPT-11571,DEV49320,Enabled,,,manager784
EMP11122,jacob.hayer63,Jacob Hayer,It Support,Consultant,Head_Office,VDR-11122,dev70339,Active,2023-01-04 12:09:21,,manager458
EMP12239,zilmil.minhas52,Zilmil Minhas,Brand Team,Officer,Data Center,LPT-12239.corp.local,DEV-66264,ACTIVE,2025-01-01 00:00:00,,manager834
EMP12504,jatin_das11,Jatin Das,Mkt,Consultant,Warehouse,LPT-12504,DEV-12970,Working,,,MANAGER987
EMP11892,  sudiksha.patil75  ,Sudiksha Patil,Human Resource,Engineer,BRANCH OFFICE,VDR-11892,DEV15269,Enabled,2022-02-15 17:03:03,,  manager848  
EMP10675,  jackson.lad85  ,Jackson Lad,Marketing Dept,Analyst,warehouse,WS-10675,dev 93735,L,2022-09-23 22:34:28,2023-12-13 02:34:50,manager426
EMP10728,harita.lall46,Harita Lall,Ops Team,Administrator,Data Center,LPT-10728,,OOO,2025-07-03 09:21:55,,manager647
EMP10412,rohan.dada48,Rohan Dada,It Dept,Consultant,,WS-10412,,Active,2024-03-07 09:47:00,,
EMP11516,ria.batra56,Ria Batra,Mktg,Manager,,WS-11516,dev54883,A,,,
EMP11649,ekbal.dhar82,Ekbal Dhar,Accounts,Director,REMOTE,LPT-11649.corp.local,DEV-58244,Live,2023-09-03 00:00:00,,
EMP10825,abeer.mishra34,Abeer Mishra,Innovation,Specialist,DATA CENTER,VDR_10825,DEV98668,Enabled,2022-02-06 17:12:00,,manager128
EMP10616,ISHA.BIR7,Isha Bir,Cs,Director,Remote,LPT-10616.corp.local,dev62235,Working,2025-12-08 04:59:51,,MANAGER238
EMP10114,CHATURA.DUBE60,Chatura Dube,Mktg,Officer,BRANCH OFFICE,LPT-10114,dev67898,L,2024-12-30 00:00:00,,manager567
EMP10417,falguni.borde91,Falguni Borde,Sales,Administrator,Remote,WS-10417.corp.local,,Active,,,MANAGER347
EMP11625,vansha.bhalla14,Vansha Bhalla,Operations Dept,Officer,,VDR-11625,DEV60961,ACTIVE,,,manager800
EMP10089,  brijesh.din81  ,Brijesh Din,Procurement,Engineer,Data_Center,lpt-10089,DEV81376,ACTIVE,2021-04-07 21:27:16,,
EMP12082,nikita.toor74,Nikita Toor,Procurement Team,Consultant,HEAD OFFICE,WS_12082,dev 18704,Active,2021-05-21 00:00:00,,
EMP10753,tanmayi.rai5,Tanmayi Rai,Procurement,Analyst,REMOTE,LPT-10753,DEV24563,Blocked,2023-11-25 00:00:00,,manager402
EMP12546,  reva.nayak73  ,Reva Nayak,IT,Analyst,work from home,WS-12546,dev 38336,Active,2020-10-04 23:45:27,,manager897
EMP11630,lakshmi.lalla82,Lakshmi Lalla,Procurement Team,Analyst,Head Office,WS_11630,DEV-37004,Terminated,2020-12-27 10:16:10,,manager346
EMP10011,wriddhish.dey59,Wriddhish Dey,Fin,Administrator,branch office,LPT-10011,,A,,,manager697
EMP12444,raagini.bhakta93,Raagini Bhakta,Ops,Specialist,branch office,LPT-12444,dev93205,L,2024-07-30 00:00:00,2026-05-26 07:39:00,manager372
EMP10284,nihal.kamdar76,Nihal Kamdar,Fin,Director,,WS-10284.corp.local,DEV31292,A,2024-10-26 15:54:00,,
EMP11066,ekansh.bawa43,Ekansh Bawa,People Team,Analyst,DATA CENTER,VDR-11066,,Active,2021-03-07 00:00:00,,manager225
EMP11191,ekbal.shah56,Ekbal Shah,It Dept,Director,branch office,LPT-11191,DEV90004,ACTIVE,,,manager609
EMP11440,yutika.raju42,Yutika Raju,Hr Dept,Consultant,work from home,LPT-11440,dev 30807,Working,2022-11-05 00:00:00,,manager202
EMP12886,nathaniel.banerjee74,Nathaniel Banerjee,Marketing,Analyst,Remote,VDR-12886,DEV-92304,ACTIVE,2020-05-20 07:10:45,,manager542
EMP12885,EKANTA.BAVA97,Ekanta Bava,Rd,Administrator,warehouse,LPT-12885,DEV85109,Live,2025-06-12 02:14:00,,manager328
EMP12793,raksha.dugal5,Raksha Dugal,Purch,Manager,warehouse,WS-12793,,Enabled,2022-12-11 23:14:00,,manager180
EMP11568,oviya.shukla26,Oviya Shukla,Ops Team,Officer,Warehouse,LPT-11568,DEV-83778,Deactivated,,2026-01-03 15:00:39,  manager810  
EMP12427,oviya.mannan17,Oviya Mannan,Sales Dept,Administrator,,LPT_12427,dev 24652,A,2026-01-29 23:45:00,,
EMP12656,amaira.nath55,Amaira Nath,Purchase,Analyst,,VDR-12656,,Working,2021-07-13 00:00:00,,manager682
EMP11687,wridesh.karpe22,Wridesh Karpe,IT,Consultant,,WS-11687,DEV70508,Live,2023-06-06 00:00:00,,manager575
EMP10851,DARPAN.KAPOOR33,Darpan Kapoor,Brand Team,Manager,Work_From_Home,lpt-10851,,A,2021-05-12 19:24:29,,unknown
EMP12207,yutika.dugar86,Yutika Dugar,Legal,Director,Remote,LPT-12207,,A,2025-07-04 00:00:00,,manager479
EMP10895,hardik.basu90,Hardik Basu,Sales Dept,Analyst,BRANCH OFFICE,ws-10895,DEV-95016,Enabled,2022-01-21 04:26:22,,manager741
EMP10496,ati_chaudhary14,Ati Chaudhary,Mkt,Administrator,warehouse,lpt-10496,dev46899,Working,2023-09-21 19:29:56,,manager941
EMP12305,viraj.chandran86,Viraj Chandran,Customer Care,Trainee,DATA CENTER,lpt-12305,DEV59002,Leave,2022-04-09 18:38:00,,manager578
EMP11782,qadim.amble59,Qadim Amble,Customer Support,Consultant,BRANCH OFFICE,WS-11782,DEV-89427,A,2021-01-21 14:07:08,,
EMP10335,fariq.saxena84,Fariq Saxena,Finance,Analyst,data center,VDR-10335,DEV50043,Active,2026-06-04 10:11:28,,manager771
EMP10515,,Anamika Bir,People Team,Officer,REMOTE,WS-10515,dev39215,Active,2023-01-01 09:58:56,,
EMP11348,amaira.karpe43,Amaira Karpe,Legal Dept,Consultant,data center,WS-11348,dev 91515,ACTIVE,2023-02-18 00:00:00,,manager253
EMP11015,EIRAVATI.DYAL26,Eiravati Dyal,Information Technology,Executive,data center,LPT-11015,DEV-62328,Enabled,,,manager682
EMP12893,ANAY.DUBEY90,Anay Dubey,Support,Administrator,HEAD OFFICE,VDR-12893,DEV65087,Active,2025-07-02 00:00:00,,
EMP11781,vivaan.sur44,Vivaan Sur,Finance,Trainee,REMOTE,LPT-11781,,Live,2022-04-21 00:00:00,,
EMP12569,mitali.bhardwaj73,Mitali Bhardwaj,People Team,Manager,Remote,LPT-12569,dev63240,D,2020-03-12 00:00:00,,manager871
EMP11785,vidhi.banerjee77,Vidhi Banerjee,People Team,Trainee,Data_Center,WS-11785,dev 51044,A,2021-07-16 16:08:51,,  manager878  
EMP12070,,Suhani Ghose,Cs,Officer,branch office,LPT-12070,dev 31831,Working,2023-02-03 22:51:46,,manager350
EMP10356,samaksh.munshi71,Samaksh Munshi,Legal,Engineer,Remote,LPT-10356,DEV64559,L,2022-09-21 00:00:00,2023-01-19 23:55:59,MANAGER222
EMP12937,turvi.garg83,Turvi Garg,Supply Chain,Director,Regional Office,LPT-12937,dev 25279,Enabled,2021-08-08 23:36:10,,manager563
EMP11312,lekha.raman10,Lekha Raman,Ops,Executive,Regional Office,vdr-11312,DEV94178,Active,2021-08-13 17:38:05,,
EMP11635,  varenya.gopal89  ,Varenya Gopal,Sales,Manager,Regional Office,LPT-11635,DEV-25109,ACTIVE,2024-02-26 19:56:41,,manager649
EMP10550,harini.chakrabarti74,Harini Chakrabarti,Mkt,Trainee,Branch Office,VDR-10550,,A,,,manager155
EMP12388,edhitha.kurian21,Edhitha Kurian,Sales Dept,Engineer,BRANCH OFFICE,vdr-12388,,Live,2021-12-27 07:23:14,,manager116
EMP12479,abdul.nair65,Abdul Nair,Operations Dept,Trainee,REMOTE,VDR-12479,DEV-21014,Working,2020-06-19 00:00:00,,manager153
EMP12521,jackson.sarma53,Jackson Sarma,Brand Team,Analyst,REMOTE,LPT-12521,DEV14911,ACTIVE,2024-10-06 12:46:15,,manager238
EMP12265,charvi.saraf85,Charvi Saraf,Supply Chain,Executive,branch office,LPT-12265,DEV-50332,Live,2020-10-22 22:16:24,,manager854
EMP11227,omya.mutti75,Omya Mutti,Human Resource,Manager,,VDR-11227,DEV26080,Working,2022-05-27 00:00:00,,manager284
EMP12762,nathaniel.jhaveri55,Nathaniel Jhaveri,Marketing,Officer,Work From Home,LPT-12762,DEV-79833,Disabled,2023-02-14 21:39:51,2024-04-22 08:28:23,manager348
EMP10957,gautami.chaudhry72,Gautami Chaudhry,Innovation,Director,WAREHOUSE,LPT-10957,DEV95078,ACTIVE,2024-07-31 00:00:00,,manager952
EMP11773,osha.purohit36,Osha Purohit,Innovation,Consultant,,,DEV89337,Working,2022-08-15 08:43:21,,unknown
EMP12141,  darpan.keer78  ,Darpan Keer,Legal,Administrator,,VDR-12141.corp.local,dev 59324,Active,2022-02-11 13:03:17,,manager726
EMP11008,jason.ravi20,Jason Ravi,Ops,Specialist,Regional Office,VDR-11008,DEV89670,ACTIVE,2023-04-29 10:33:50,,
EMP11092,ati.kota16,Ati Kota,Hr,Manager,head office,WS-11092,DEV94070,Enabled,2024-05-02 17:36:00,,manager700
EMP12756,karan.mohan54,Karan Mohan,Sales,Administrator,remote,WS-12756,dev 38618,Active,2025-01-22 04:08:02,,
EMP10996,oeshi.bal11,Oeshi Bal,Finance,Manager,REMOTE,,DEV-78002,Working,2024-12-19 00:00:00,,manager624
EMP11679,jacob.devan87,Jacob Devan,Purchase,Analyst,Data Center,LPT_11679,dev76530,Live,2021-06-30 08:23:38,,unknown
EMP10153,arunima.lanka10,Arunima Lanka,Operations,Specialist,,,,Active,2023-07-21 17:31:00,,manager514
EMP12867,banjeet.singh7,Banjeet Singh,Legal,Manager,,LPT-12867,dev43478,Enabled,2023-02-23 00:00:00,,
EMP10580,anay.palan12,Anay Palan,Fin,Analyst,Data Center,LPT-10580,DEV-54815,Live,,,
EMP11470,vansha.lalla24,Vansha Lalla,Marketing,Officer,Regional Office,,DEV-89249,Working,,,manager379
EMP10703,rachana_nath10,Rachana Nath,Support,Specialist,remote,VDR-10703,dev 16917,Left,2024-07-20 06:58:17,2025-07-19 00:00:00,  manager580  
EMP11212,  naksh.kalita55  ,Naksh Kalita,Customer Support,Consultant,head office,LPT-11212,,Live,2021-07-03 14:15:33,,manager266
EMP10896,omisha.raju69,Omisha Raju,Sales,Manager,Remote,WS_10896,DEV-29420,A,2020-03-08 00:00:00,,manager256
EMP10487,aadi.hari72,Aadi Hari,IT,Manager,Regional Office,WS-10487,DEV-68414,ACTIVE,2025-06-18 00:00:00,,manager736
EMP10559,elijah.mani33,Elijah Mani,Research And Development,Manager,DATA CENTER,VDR-10559,dev 53864,Working,2023-01-24 10:24:21,,manager929
EMP11141,champak.banerjee84,Champak Banerjee,Sales Dept,Engineer,regional office,WS-11141,dev22928,Live,2024-08-25 00:00:00,,manager408
EMP11119,rajeshri.wagle66,Rajeshri Wagle,Operations,Analyst,data center,WS_11119,,Enabled,2020-12-17 19:18:00,,manager795
EMP10512,chanchal.karan62,Chanchal Karan,Operations,Analyst,BRANCH OFFICE,WS-10512,dev 40375,Active,2023-02-21 19:05:02,,manager784
EMP10633,pahal_sidhu88,Pahal Sidhu,Sales,Executive,,,DEV78656,LEFT,2023-08-29 03:55:00,,unknown
EMP11664,qabil.vig75,Qabil Vig,Procurement,Executive,Data Center,LPT-11664,,Terminated,2024-10-26 22:24:14,2025-07-17 20:17:58,
EMP11012,SHIVANSH.KORPAL9,Shivansh Korpal,R&D,Analyst,Remote,vdr-11012,dev11447,ACTIVE,2023-06-30 00:00:00,,manager213
EMP11931,tamanna.ravi2,Tamanna Ravi,It Dept,Analyst,WORK FROM HOME,,dev 13977,ACTIVE,2021-05-27 09:37:10,,
EMP11150,nicholas.swaminathan78,Nicholas Swaminathan,Ops,Consultant,Head_Office,VDR-11150,DEV81994,Active,2021-02-19 02:48:10,,manager726
EMP12890,vedhika.sami86,Vedhika Sami,R&D,Trainee,remote,VDR-12890,DEV67250,Enabled,2025-03-09 03:43:43,,MANAGER216
EMP10116,wahab.bir90,Wahab Bir,Marketing,Analyst,Work_From_Home,VDR-10116,DEV61879,ACTIVE,2024-10-24 06:43:00,,
EMP10740,devansh.raman6,Devansh Raman,Finance,Manager,Work_From_Home,VDR-10740,,ACTIVE,2021-05-05 02:57:56,,  manager598  
EMP12846,  waida.som50  ,Waida Som,Information Technology,Trainee,remote,WS-12846,dev84500,Active,2025-04-17 12:42:57,,manager664
EMP11974,wyatt.sibal38,Wyatt Sibal,It Support,Manager,,WS-11974,,Live,2024-06-27 20:21:25,,
EMP11081,  vanya.om40  ,Vanya Om,Customer Care,Manager,REMOTE,VDR-11081,dev85231,Enabled,2021-11-01 00:00:00,,manager821
EMP11810,isaiah.merchant78,Isaiah Merchant,It Support,Manager,data center,LPT-11810,,Working,,,unknown
EMP10830,warjas.wason49,Warjas Wason,Procurement,Director,Remote,VDR-10830.corp.local,DEV22809,D,2020-11-06 20:46:00,2022-08-08 14:24:13,manager614
EMP10119,orinder.sarraf83,Orinder Sarraf,It Dept,Administrator,,,dev 14373,A,,,MANAGER402
EMP10656,daksh.pau74,Daksh Pau,Cs,Executive,DATA CENTER,VDR-10656,,ACTIVE,2020-04-21 08:25:39,,  manager406  
EMP12815,balhaar.khosla43,Balhaar Khosla,IT,Director,BRANCH OFFICE,LPT-12815.corp.local,DEV-61934,Working,,,
EMP12774,baghyawati.kumer77,Baghyawati Kumer,People Team,Executive,,,DEV11290,Live,2020-07-25 14:29:20,,manager150
EMP10635,lopa.sehgal19,Lopa Sehgal,It Dept,Consultant,Data_Center,WS-10635,DEV49760,Working,2025-06-01 14:47:00,,
EMP10369,JASMIT.BUCH51,Jasmit Buch,Customer Support,Analyst,,WS-10369,,DISABLED,2021-06-24 04:31:05,2024-12-01 14:11:00,
EMP10268,yagnesh.parikh71,Yagnesh Parikh,Ops Team,Administrator,DATA CENTER,WS-10268,dev79946,Enabled,2022-08-16 05:37:56,,
EMP10046,aadi.boase41,Aadi Boase,Legal,Specialist,,LPT-10046,dev60488,Left,,2025-04-29 00:00:00,  manager925  
EMP10991,anthony.vora42,Anthony Vora,Sales,Analyst,regional office,WS-10991,dev26575,DISABLED,2024-12-19 00:00:00,,  manager183  
EMP10876,AASHI.SRIDHAR24,Aashi Sridhar,Legal,Manager,Branch_Office,WS-10876,dev 98723,Live,,,manager797
EMP10773,BANJEET.TRIVEDI73,Banjeet Trivedi,Accounts,Administrator,BRANCH OFFICE,WS-10773,DEV39724,Live,2022-06-14 05:44:00,,
EMP11219,nilima.nanda54,Nilima Nanda,IT,Analyst,Head Office,LPT-11219,dev59074,Deactivated,2024-05-31 08:42:15,,manager685
EMP11126,liam.murthy21,Liam Murthy,Finance,Consultant,REGIONAL OFFICE,WS-11126,,Working,2026-01-12 11:14:00,,manager294
EMP10004,ekalinga.balan13,Ekalinga Balan,Operations Dept,Consultant,Warehouse,WS-10004,DEV15695,Working,2024-07-24 00:00:00,,manager487
EMP11595,xalak.sathe12,Xalak Sathe,People Team,Specialist,REGIONAL OFFICE,WS-11595,,ACTIVE,2022-11-22 00:00:00,,manager506
EMP12311,vasatika.vig48,Vasatika Vig,Procurement Team,Director,data center,WS-12311,DEV-68547,A,2022-01-14 04:35:00,,manager990
EMP12958,qadim.zachariah98,Qadim Zachariah,R&D,Analyst,DATA CENTER,VDR-12958,,Active,2020-01-08 03:28:13,,manager538
EMP12491,unni.salvi40,Unni Salvi,Sales Dept,Engineer,,WS-12491,,Active,2024-11-23 07:13:00,,manager485
EMP11077,veer.sekhon76,Veer Sekhon,Sales,Manager,WAREHOUSE,WS_11077,dev26700,Disabled,2023-03-27 00:00:00,2023-03-29 19:58:00,manager704
EMP10837,,Samesh Bedi,Customer Support,Specialist,,ws-10837,dev 84202,Live,,,manager473
EMP10681,ABDUL.MANNAN92,Abdul Mannan,Support,Manager,Work From Home,WS-10681,,A,2025-12-10 11:20:50,,manager566
EMP11715,harinakshi.kohli18,Harinakshi Kohli,Support,Consultant,remote,WS-11715,,Working,,,manager396
EMP12352,ojas.shere59,Ojas Shere,Operations,Specialist,Warehouse,VDR-12352,dev91479,ACTIVE,2024-08-19 00:00:00,,manager342
EMP12617,hemangini.sundaram15,Hemangini Sundaram,Legal Dept,Manager,,LPT-12617,,ACTIVE,2020-11-12 01:50:40,,
EMP12361,  ethan.jani95  ,Ethan Jani,Legal,Administrator,WAREHOUSE,WS-12361,DEV-90800,Live,2023-12-13 00:00:00,,manager212
EMP12197,qasim.rout20,Qasim Rout,People Team,Officer,data center,LPT_12197,DEV-61366,L,2021-05-03 03:26:00,,manager276
EMP11148,bhanumati.mukhopadhyay71,Bhanumati Mukhopadhyay,Human Resource,Executive,branch office,,dev79935,Live,2020-01-05 10:48:43,,  manager384  
EMP10574,forum_devi62,Forum Devi,Marketing,Analyst,WORK FROM HOME,WS-10574,DEV-48393,Live,2020-01-23 10:12:00,,manager293
EMP10050,  zayan.pandit56  ,Zayan Pandit,Procurement,Specialist,REGIONAL OFFICE,WS-10050,DEV-70946,A,2025-09-30 02:25:05,,manager584
EMP10853,,Nitesh Kara,Legal,Manager,,LPT-10853.corp.local,dev 44205,ACTIVE,2022-12-29 00:00:00,,manager846
EMP11982,parth.raval73,Parth Raval,Human Resources,Administrator,Head_Office,VDR-11982,dev50579,A,2021-08-27 00:00:00,,unknown
EMP11823,maanas.mangal75,Maanas Mangal,Human Resource,Trainee,WORK FROM HOME,WS-11823,dev66807,Active,2020-04-22 00:00:00,,manager661
EMP10833,jagdish.bhatia80,Jagdish Bhatia,Human Resource,Specialist,Head_Office,VDR-10833.corp.local,DEV-54150,A,,,
EMP11115,ISHAAN.PRABHAKAR11,Ishaan Prabhakar,Mkt,Officer,Data Center,LPT-11115,dev 65572,Enabled,2026-03-20 12:12:04,,  manager609  
EMP11166,gauri.dass35,Gauri Dass,R&D,Consultant,Remote,VDR-11166,DEV20009,DISABLED,,2022-07-06 00:00:00,
EMP12518,RUSHIL.KURUVILLA99,Rushil Kuruvilla,Compliance,Director,,WS-12518,,Live,2024-06-07 10:28:21,,manager926
EMP11906,abeer.palla55,Abeer Palla,Marketing,Administrator,Warehouse,LPT-11906,dev92424,Enabled,2025-02-12 00:00:00,,manager465
EMP10971,chavvi.loyal80,Chavvi Loyal,Research And Development,Manager,Regional Office,WS-10971,DEV-85882,Active,,,
EMP12701,BAGHYAWATI.NORI89,Baghyawati Nori,R&D,Analyst,Branch_Office,WS_12701,DEV-62232,ACTIVE,2022-11-30 16:54:12,,
EMP10399,dipta.date61,Dipta Date,Human Resource,Administrator,,WS-10399,,Enabled,2025-08-15 18:43:09,,manager757
EMP12559,tristan.agarwal66,Tristan Agarwal,Legal Dept,Executive,branch office,WS-12559,dev59724,ON_LEAVE,,,manager375
EMP12368,  lohit.sarma91  ,Lohit Sarma,Mkt,Administrator,,WS-12368,,ACTIVE,2022-04-17 17:45:00,,
EMP10019,vasana_bhasin70,Vasana Bhasin,Business Sales,Administrator,DATA CENTER,VDR-10019.corp.local,,Live,2024-05-27 01:15:07,,manager353
EMP10684,kashish_sarin22,Kashish Sarin,Brand Team,Consultant,Warehouse,VDR-10684,dev 26697,ACTIVE,2023-06-14 10:08:20,,
EMP10035,tamanna.karan84,Tamanna Karan,Call Center,Analyst,regional office,VDR-10035,dev49240,Exited,,,manager218
EMP12914,TIMOTHY.DOSHI94,Timothy Doshi,Sales,Engineer,REMOTE,WS-12914,,Working,2024-02-21 13:18:04,,manager857
EMP10524,zarna.bora26,Zarna Bora,Call Center,Officer,Regional Office,WS-10524,DEV-29603,Working,,,
EMP12455,devansh.deshmukh67,Devansh Deshmukh,Ops,Engineer,,VDR-12455,DEV-86221,Working,2024-07-14 15:36:00,,manager489
EMP10920,LAKSHIT.DIVAN84,Lakshit Divan,Legal,Engineer,Remote,LPT-10920.corp.local,DEV-14845,A,2023-04-26 16:01:33,,manager857
EMP11841,gaurav.gala79,Gaurav Gala,It Support,Engineer,Work_From_Home,LPT-11841,dev 61231,Blocked,2024-03-03 00:00:00,2025-05-30 05:08:16,manager638
EMP11890,zansi.baria53,Zansi Baria,Purch,Administrator,REMOTE,LPT-11890,DEV-90790,Deactivated,2021-01-22 00:00:00,2023-03-25 12:36:00,manager609
EMP10537,kiaan.hari8,Kiaan Hari,Accounts,Trainee,Data Center,LPT-10537,dev 36438,D,2024-05-28 20:18:32,2024-07-20 01:21:22,
EMP11705,arin.bir11,Arin Bir,Operations,Trainee,Work From Home,LPT-11705,dev 68547,Live,2024-09-21 03:30:43,,manager554
EMP10245,netra.mitter48,Netra Mitter,Purchase,Engineer,,LPT-10245.corp.local,dev 72676,ACTIVE,2026-12-05 03:09:01,,unknown
EMP10784,charles.kohli47,Charles Kohli,Legal,Executive,Regional_Office,WS-10784,DEV-58448,Active,2020-02-07 21:00:41,,  manager459  
EMP11409,anay.din8,Anay Din,Procurement,Trainee,warehouse,LPT-11409,dev18751,ACTIVE,2024-10-03 05:41:59,,
EMP12537,girindra.peri83,Girindra Peri,People Team,Analyst,,WS_12537,,ACTIVE,2025-05-24 16:13:22,,
EMP10154,GAGAN.PANDEY3,Gagan Pandey,Ops,Executive,WORK FROM HOME,,,Disabled,2023-01-29 00:00:00,2023-07-12 00:00:00,manager703
EMP11686,ekani.bhat62,Ekani Bhat,Operations,Trainee,Remote,WS-11686,dev 51087,Enabled,2026-05-03 00:00:00,,manager701
EMP10625,dominic.loyal90,Dominic Loyal,Supply Chain,Administrator,Head Office,WS-10625,dev95820,Exited,2020-07-25 21:53:29,2022-11-15 20:15:00,manager775
EMP12962,meghana.sethi13,Meghana Sethi,Human Resources,Administrator,,lpt-12962,DEV-13579,Enabled,2024-02-01 13:11:31,,manager422
EMP11346,anirudh.ahuja57,Anirudh Ahuja,Hr,Officer,,LPT-11346,DEV36744,Live,2023-02-27 18:33:39,,
EMP10569,wridesh.bedi4,Wridesh Bedi,IT,Consultant,Work_From_Home,WS_10569,,Active,2024-08-06 12:52:35,,
EMP11758,naksh.madan88,Naksh Madan,Purch,Trainee,Branch_Office,VDR-11758,DEV-68283,D,,2022-04-03 04:09:50,manager719
EMP11816,alexander.dhar96,Alexander Dhar,Finance,Administrator,data center,LPT-11816,DEV28653,Enabled,2021-12-06 11:40:37,,
EMP12065,dev.barad20,Dev Barad,Purchase,Analyst,Remote,lpt-12065,DEV-91082,A,2025-09-11 22:43:00,,manager491
EMP10127,,Ryan Tella,Finance,Director,regional office,LPT-10127,,Active,,,manager479
EMP12006,,Ladli Dada,Legal,Manager,,LPT-12006,DEV68653,ACTIVE,2025-09-06 00:27:15,,manager414
EMP10980,imaran.dayal67,Imaran Dayal,Purchase,Executive,HEAD OFFICE,LPT-10980,,Disabled,2024-04-10 03:36:32,,  manager300  
EMP10190,anjali.ganesan67,Anjali Ganesan,Brand Team,Manager,,,dev20345,Enabled,2021-07-14 15:48:00,,manager428
EMP11139,ranveer.rattan17,Ranveer Rattan,Operations Dept,Consultant,Regional Office,WS-11139,DEV87189,Live,2023-02-28 11:55:44,,manager382
EMP10992,charita.kala61,Charita Kala,Purchase,Manager,Branch Office,VDR-10992,,ACTIVE,,,unknown
EMP10699,yatan.randhawa50,Yatan Randhawa,Operations,Engineer,branch office,ws-10699,DEV-89242,A,2024-03-27 17:16:31,,
EMP10606,hemani.bose33,Hemani Bose,Ops Team,Trainee,,WS-10606.corp.local,,Working,,,manager630
EMP10180,BHAVIKA.SUBRAMANIAN78,Bhavika Subramanian,Support,Director,Head_Office,WS-10180,dev 41147,Working,2020-05-28 08:27:24,,manager754
EMP10301,abeer.bhatnagar33,Abeer Bhatnagar,Finance,Director,work from home,WS-10301.corp.local,DEV-19694,ACTIVE,2025-01-31 17:10:46,,  manager510  
EMP12544,jason.memon54,Jason Memon,Finance,Manager,WAREHOUSE,WS-12544.corp.local,dev35767,A,2024-08-16 05:18:42,,  manager110  
EMP12860,isha.mand56,Isha Mand,Mktg,Engineer,Branch_Office,LPT-12860,,ON_LEAVE,2022-03-10 06:41:00,,
EMP11060,charan.dua15,Charan Dua,Research And Development,Specialist,Work From Home,LPT-11060,dev 34331,Working,2026-05-18 21:46:12,,manager877
EMP12964,samarth.patla52,Samarth Patla,Legal,Engineer,Branch Office,VDR-12964,DEV78066,Enabled,2021-02-25 13:17:26,,unknown
EMP12565,vanya.atwal53,Vanya Atwal,Ops,Administrator,Data_Center,LPT-12565.corp.local,dev 29403,Enabled,2020-01-31 05:23:52,,manager270
EMP11069,vihaan.oak52,Vihaan Oak,Procurement Team,Manager,Remote,WS-11069,,ON_LEAVE,,,
EMP12524,dominic.talwar30,Dominic Talwar,Supply Chain,Consultant,Work From Home,LPT-12524.corp.local,dev 12832,ACTIVE,2024-11-21 21:00:08,,
EMP12205,avni.sani5,Avni Sani,Information Technology,Engineer,regional office,LPT-12205,DEV-69905,DISABLED,,,manager936
EMP11243,,Hema Agate,Compliance,Consultant,,WS-11243,DEV35971,Active,2024-03-14 14:24:00,,manager381
EMP10016,jacob.ranganathan48,Jacob Ranganathan,Finance,Officer,,VDR-10016,dev 10074,ACTIVE,2024-02-27 00:00:00,,manager471
EMP10546,bhanumati.ranganathan44,Bhanumati Ranganathan,Human Resources,Officer,,WS-10546,,Live,2024-11-17 11:06:49,,  manager864  
EMP10658,NITESH.GARG36,Nitesh Garg,Ops Team,Officer,DATA CENTER,VDR-10658,dev37504,Live,2025-03-16 14:02:07,,
EMP12787,sachi.sane26,Sachi Sane,Cs,Trainee,Branch Office,LPT-12787,DEV70243,Active,2022-07-15 16:37:19,,manager929
EMP12818,henry.nori8,Henry Nori,Sales,Analyst,Branch Office,WS-12818,DEV27728,ACTIVE,2022-03-25 00:00:00,,manager805
EMP11504,qabil.sharma49,Qabil Sharma,IT,Manager,,LPT_11504,DEV-50541,Working,2021-04-11 07:24:41,,manager896
EMP10959,  ira.bhatnagar90  ,Ira Bhatnagar,IT,Manager,Data Center,WS-10959,dev35295,Live,2021-11-19 05:47:07,,manager876
EMP12331,janani.dugar16,Janani Dugar,Cs,Executive,WORK FROM HOME,LPT-12331,DEV-59955,Live,2020-02-13 23:48:00,,manager259
EMP10797,harita.koshy69,Harita Koshy,Purchase,Consultant,Work_From_Home,lpt-10797,DEV11690,ACTIVE,2022-05-24 08:01:45,,manager596
EMP10225,AAHANA.RAMA22,Aahana Rama,Call Center,Specialist,Work From Home,WS-10225,DEV-29369,DISABLED,2022-01-22 11:29:04,2022-12-29 21:53:18,manager551
EMP12074,QADIM.MALLICK75,Qadim Mallick,Innovation,Analyst,,VDR-12074,dev32849,A,2021-05-18 14:16:00,,manager352
EMP11799,kamya.ganesan47,Kamya Ganesan,Legal,Analyst,,WS-11799,,Left,,2023-09-21 20:36:11,manager475
EMP12485,kamya.deo83,Kamya Deo,Support,Specialist,BRANCH OFFICE,,DEV-14906,ACTIVE,2024-04-21 00:00:00,,manager279
EMP12277,luke.puri22,Luke Puri,Human Resources,Director,WAREHOUSE,VDR-12277.corp.local,DEV15827,ACTIVE,2026-05-20 10:48:28,,
EMP12085,,Samarth Kanda,Sales,Analyst,,LPT_12085,dev10643,Live,2023-12-31 12:56:00,,manager803
EMP11693,madhav.murthy19,Madhav Murthy,Sales,Officer,Data Center,,dev 64571,Live,2022-08-14 22:43:00,,
EMP11045,anjali.bhalla61,Anjali Bhalla,R&D,Director,,VDR-11045,DEV-66810,Active,2024-02-06 12:34:00,,  manager490  
EMP10469,kavya.pandit75,Kavya Pandit,R&D,Officer,Work_From_Home,,DEV-85832,Enabled,2021-02-02 20:50:23,,manager773
EMP10954,BALENDRA.CHADA93,Balendra Chada,Support,Administrator,DATA CENTER,LPT-10954,DEV90012,Active,2022-09-15 22:27:00,,
EMP12735,irya.mall82,Irya Mall,Brand Team,Specialist,branch office,LPT-12735,dev 25459,Working,2020-07-01 00:00:00,,MANAGER977
EMP10639,gabriel.dugal63,Gabriel Dugal,Innovation,Executive,Branch Office,LPT-10639,,Live,,,
EMP12863,darsh_bera88,Darsh Bera,Rd,Director,,VDR-12863,dev31410,Enabled,,,unknown
EMP11218,karan.goda65,Karan Goda,Mkt,Administrator,Regional_Office,WS-11218,,D,2023-07-12 11:30:18,2023-07-18 22:30:35,
EMP11158,ikshita.sampath2,Ikshita Sampath,It Dept,Executive,Branch Office,LPT-11158,DEV-45082,Live,,,  manager911  
EMP11415,nihal.varkey79,Nihal Varkey,Finance,Executive,Branch Office,WS-11415,dev10032,Enabled,2020-06-11 00:00:00,,manager926
EMP12934,GAURAV.BAINS91,Gaurav Bains,Purchase,Administrator,WORK FROM HOME,VDR-12934,dev36659,A,2023-10-29 07:40:41,,manager853
EMP11527,,Varsha Gulati,Hr,Trainee,Branch Office,VDR-11527,dev 19697,ACTIVE,,,MANAGER255
EMP11300,,Ekantika Venkataraman,IT,Specialist,data center,lpt-11300,,OOO,,,unknown
EMP12952,chakrika.ratta76,Chakrika Ratta,Innovation,Officer,warehouse,WS-12952,dev 87286,Deactivated,2021-10-25 19:21:56,,manager697
EMP11603,nicholas.tara41,Nicholas Tara,Human Resources,Specialist,BRANCH OFFICE,VDR-11603,dev55657,A,2025-06-26 20:08:50,,unknown
EMP10160,leena.dhar76,Leena Dhar,It Dept,Consultant,Warehouse,LPT-10160,,Active,2020-04-26 20:11:59,,manager951
EMP11704,abeer.goel2,Abeer Goel,Mkt,Administrator,,,DEV48810,Live,2025-07-17 13:25:00,,manager531
EMP10956,devika.contractor43,Devika Contractor,It Support,Executive,,LPT-10956,DEV-89794,ACTIVE,2020-01-30 18:13:00,,  manager523  
EMP10877,amara.sawhney88,Amara Sawhney,Hr Dept,Director,Remote,vdr-10877,,Deactivated,2021-04-22 18:19:00,2025-03-22 00:00:00,
EMP11919,aachal.tara39,Aachal Tara,Legal,Executive,Regional Office,lpt-11919,dev30849,A,2020-01-24 16:23:48,,manager135
EMP11884,RANBIR.BOBAL52,Ranbir Bobal,It Support,Administrator,Data Center,LPT-11884,dev96231,Working,2026-04-21 11:59:53,,manager170
EMP12200,  yatan.panchal49  ,Yatan Panchal,Hr Dept,Analyst,,VDR-12200,DEV92756,Active,,,
EMP10098,maya.yadav97,Maya Yadav,Innovation,Trainee,work from home,LPT-10098,dev36680,A,,,unknown
EMP12912,chaitaly.seshadri29,Chaitaly Seshadri,Marketing,Officer,,WS-12912,dev 96684,ACTIVE,2023-11-11 21:44:00,,
EMP12557,brinda.sibal86,Brinda Sibal,Hr,Consultant,,VDR-12557,,Live,,,  manager514  
EMP10253,FORUM.SHARMA83,Forum Sharma,Legal,Consultant,Data_Center,WS-10253,dev 59479,Live,2025-10-22 04:03:52,,
EMP10103,ira.mohanty76,Ira Mohanty,Procurement Team,Trainee,,LPT-10103,DEV68529,Active,2022-12-08 06:18:23,,manager881
EMP11445,urvashi_dugar39,Urvashi Dugar,Procurement Team,Officer,Branch_Office,VDR-11445,,Active,2022-01-11 01:14:56,,
EMP11443,xavier.sarma77,Xavier Sarma,Operations,Trainee,,WS-11443,DEV49344,Working,,,
EMP11648,PARTH.VARMA79,Parth Varma,Mkt,Consultant,regional office,WS-11648,dev 72800,Exited,2021-04-20 18:47:26,2024-05-13 16:24:48,manager393
EMP10586,nicholas.tailor28,Nicholas Tailor,Hr Dept,Engineer,Regional_Office,WS-10586,DEV-52534,Live,,,manager505
EMP10627,  tara.devan13  ,Tara Devan,Operations,Trainee,Work_From_Home,,,Working,2021-09-09 21:12:34,,  manager568  
EMP11696,amrita.saran42,Amrita Saran,Sales,Consultant,Regional_Office,WS-11696,DEV-46769,Live,,,unknown
EMP12101,agastya.sule56,Agastya Sule,Legal Dept,Specialist,Head Office,WS-12101,dev 39910,Enabled,2022-05-24 06:36:50,,manager209
EMP12199,deepa.verma2,Deepa Verma,Finance,Engineer,Branch_Office,LPT-12199,DEV-12133,Working,2024-06-09 20:44:54,,manager544
EMP10403,ETHAN.SETTY54,Ethan Setty,Support,Trainee,,LPT-10403,DEV-72424,Working,2023-11-05 14:44:49,,
EMP11154,rachita.peri30,Rachita Peri,Compliance,Consultant,branch office,WS-11154,DEV22280,Enabled,2023-11-28 06:36:34,,manager983
EMP12255,EKBAL.VAIDYA45,Ekbal Vaidya,Accounts,Analyst,Branch_Office,ws-12255,,Enabled,2025-12-10 00:00:00,,
EMP11682,azad.sahota28,Azad Sahota,Compliance,Administrator,Work From Home,WS-11682,DEV-41558,Working,2025-07-27 00:00:00,,
EMP12056,,Chakradev Ramaswamy,Compliance,Officer,Regional_Office,LPT-12056,DEV-99390,Live,2022-07-31 04:53:00,,manager632
EMP12929,triveni.prasad4,Triveni Prasad,R&D,Engineer,,ws-12929,DEV-60371,D,2026-01-11 00:00:00,2026-03-21 00:00:00,manager453
EMP10452,UDYATI.SANGHA89,Udyati Sangha,Innovation,Director,REGIONAL OFFICE,LPT-10452,DEV-24818,Live,2026-03-06 21:08:00,,manager964
EMP12301,yauvani.viswanathan80,Yauvani Viswanathan,People Team,Specialist,DATA CENTER,LPT-12301,,A,2022-08-24 15:53:59,,unknown
EMP11327,zayyan.naidu85,Zayyan Naidu,Hr Dept,Manager,Remote,vdr-11327,DEV-36982,Enabled,2026-04-03 05:52:00,,unknown
EMP12049,kalpit.bahri99,Kalpit Bahri,Ops Team,Director,Branch_Office,LPT-12049,,Live,2023-08-23 05:18:34,,manager432
EMP10880,ADVAY.SEKHON37,Advay Sekhon,Operations,Analyst,REGIONAL OFFICE,LPT-10880,dev81716,LWP,2023-03-30 22:34:00,,manager361
EMP10623,deepa.bahl95,Deepa Bahl,Cs,Engineer,branch office,VDR-10623.corp.local,,ACTIVE,2024-09-01 00:00:00,,manager847
EMP12393,fitan.vohra30,Fitan Vohra,Purchase,Officer,Work From Home,WS-12393,dev 73915,Enabled,,,manager833
EMP12856,bishakha.vohra41,Bishakha Vohra,Procurement Team,Trainee,,VDR_12856,DEV37376,Active,2021-11-07 00:00:00,,
EMP11787,LAJITA.BUCH96,Lajita Buch,Compliance,Engineer,,VDR-11787,,ACTIVE,2020-12-12 00:00:00,,manager739
EMP10262,ekaraj_bhatnagar68,Ekaraj Bhatnagar,Ops Team,Director,DATA CENTER,LPT-10262,DEV-49306,ACTIVE,2026-01-06 21:20:29,,  manager346  
EMP11634,xavier.thaker63,Xavier Thaker,Mkt,Specialist,Head_Office,VDR-11634,DEV61834,Active,2026-07-11 09:06:00,,MANAGER778
EMP11438,joshua.patel12,Joshua Patel,Support,Engineer,Remote,LPT-11438,DEV71300,Working,2020-12-24 05:15:20,,manager746
EMP12198,abhiram.bhatt67,Abhiram Bhatt,Customer Support,Analyst,Regional_Office,VDR-12198,DEV83013,L,,,unknown
EMP11969,theodore.pandya55,Theodore Pandya,Compliance,Analyst,warehouse,VDR-11969,,Enabled,,,manager966
EMP12520,anamika.hegde80,Anamika Hegde,Research And Development,Consultant,REGIONAL OFFICE,LPT-12520,dev53877,Enabled,2025-05-26 00:00:00,,
EMP11802,hemani.saxena71,Hemani Saxena,It Support,Administrator,head office,VDR_11802,DEV43442,ACTIVE,2022-06-29 00:00:00,,manager546
EMP10640,raksha.chandra35,Raksha Chandra,Legal Dept,Engineer,,VDR-10640,dev 36585,Working,2020-07-24 11:28:55,,  manager549  
EMP12385,TANVEER.KAPUR63,Tanveer Kapur,Research And Development,Administrator,HEAD OFFICE,WS-12385,,A,2020-04-26 15:10:00,,manager961
EMP12598,  teerth.naidu2  ,Teerth Naidu,It Support,Director,,VDR-12598,DEV49755,ACTIVE,2024-02-10 00:00:00,,
EMP12915,ria.dar13,Ria Dar,Finance,Engineer,head office,WS-12915,dev53158,A,,,manager886
EMP11959,nathaniel.das13,Nathaniel Das,R&D,Officer,work from home,WS-11959,,Active,,,
EMP10488,  maanas.anand32  ,Maanas Anand,IT,Consultant,DATA CENTER,,dev 60577,Enabled,,,manager629
EMP11843,sarthak.baria90,Sarthak Baria,Support,Manager,DATA CENTER,vdr-11843,dev 39332,A,,,manager446
EMP11734,arunima.chad1,Arunima Chad,It Support,Specialist,Work From Home,,dev 83261,LWP,2024-02-26 19:15:00,,unknown
EMP10146,maanas.reddy9,Maanas Reddy,Finance,Analyst,Head Office,VDR-10146,dev 79531,A,2023-07-28 08:58:46,,manager261
EMP11534,xavier.bal12,Xavier Bal,Customer Support,Manager,,LPT-11534,,Deactivated,2020-09-29 00:00:00,2024-09-23 00:00:00,manager295
EMP11986,yahvi.bhat30,Yahvi Bhat,Customer Care,Specialist,Branch Office,WS-11986,DEV97837,ACTIVE,2023-01-29 01:53:29,,manager632
EMP11369,sachi.mishra30,Sachi Mishra,Marketing,Executive,Head Office,lpt-11369,dev 82373,Disabled,2026-06-03 06:47:41,2026-07-31 00:00:00,unknown
EMP12450,hiral.bansal2,Hiral Bansal,Rd,Administrator,Branch Office,,DEV89669,Enabled,,,manager246
EMP12811,forum_kala10,Forum Kala,Procurement Team,Specialist,REMOTE,VDR-12811,DEV41965,Active,,,
EMP10659,pahal.sethi94,Pahal Sethi,Customer Support,Manager,data center,VDR-10659,dev 89269,Exited,2026-01-04 23:14:00,2026-08-29 10:05:29,
EMP11794,chatura.gopal50,Chatura Gopal,Procurement Team,Director,Head Office,VDR_11794,DEV-45615,ACTIVE,2025-09-22 00:00:00,,manager908
EMP12511,EKANI.SUBRAMANIAN65,Ekani Subramanian,Human Resource,Analyst,,WS-12511,dev17994,Left,2022-07-19 00:00:00,2024-07-04 04:56:11,MANAGER171
EMP10186,ISHWAR.BORA23,Ishwar Bora,R&D,Trainee,REGIONAL OFFICE,LPT-10186.corp.local,dev 27675,Active,2023-11-22 23:03:00,,manager306
EMP11147,yashodhara.minhas2,Yashodhara Minhas,Support,Trainee,Warehouse,VDR-11147,dev78822,Active,2021-11-15 13:28:00,,manager374
EMP10608,yagnesh.dutta71,Yagnesh Dutta,Call Center,Officer,,VDR-10608.corp.local,DEV30278,Active,,,manager241
EMP12191,varsha.sekhon93,Varsha Sekhon,Operations,Engineer,REGIONAL OFFICE,VDR-12191,dev 26165,Live,,,unknown
EMP12799,yashodhara.desai66,Yashodhara Desai,Ops,Officer,warehouse,ws-12799,dev99717,Left,2025-05-06 04:34:00,,manager775
EMP11930,  upma.mani95  ,Upma Mani,Operations Dept,Trainee,,VDR-11930,DEV46216,LWP,2022-11-15 03:21:24,,manager883
EMP10197,fitan.om64,Fitan Om,Cs,Director,Warehouse,LPT-10197,dev 44311,A,2025-12-27 08:51:51,,MANAGER726
EMP12327,FORUM.KAUR45,Forum Kaur,Accounts,Consultant,warehouse,WS-12327,dev 96412,Active,2021-12-29 23:22:36,,manager254
EMP10293,,Hamsini Nair,Call Center,Engineer,Warehouse,VDR-10293,DEV32227,Working,2021-10-06 14:57:59,,manager408
EMP10766,vedika_kala75,Vedika Kala,Sales,Engineer,,WS-10766,dev 45043,Working,,,manager164
EMP10400,hemang.rana70,Hemang Rana,Legal,Executive,REMOTE,ws-10400,DEV-58418,Working,2020-05-18 14:52:44,,  manager576  
EMP10122,osha.chakraborty87,Osha Chakraborty,Legal Dept,Officer,REMOTE,LPT_10122,dev 61717,Enabled,2024-07-25 01:43:53,,manager477
EMP10202,adweta.bera51,Adweta Bera,R&D,Officer,DATA CENTER,WS-10202,DEV85353,Live,,,manager560
EMP10835,samesh.amble26,Samesh Amble,Legal,Director,Remote,VDR-10835.corp.local,,A,2026-06-29 22:22:00,,manager119
EMP12294,,Avni Bhagat,Legal,Trainee,Work From Home,LPT-12294,DEV-60222,Enabled,,,
EMP11439,bhavya.morar24,Bhavya Morar,Rd,Executive,Data_Center,VDR-11439,DEV52335,Active,,,manager134
EMP11733,  vivaan.sagar91  ,Vivaan Sagar,Marketing,Trainee,Branch Office,,dev13199,A,2021-08-07 07:30:00,,MANAGER558
EMP11695,fiyaz.mishra48,Fiyaz Mishra,Finance,Consultant,WAREHOUSE,WS-11695,dev18273,ACTIVE,2023-02-23 13:50:05,,manager314
EMP11707,hemal_rama76,Hemal Rama,Accounts,Consultant,Head Office,LPT-11707,dev 16871,Left,2024-12-09 18:59:15,2024-12-31 00:00:00,manager837
EMP12999,girik.upadhyay76,Girik Upadhyay,People Team,Analyst,Head Office,WS-12999,DEV-96003,Resigned,2021-05-16 00:00:00,,manager642
EMP11153,zehaan.ahluwalia27,Zehaan Ahluwalia,Research And Development,Engineer,REMOTE,WS-11153,,Working,2026-05-28 04:07:16,,manager556
EMP11661,  rachana.badami21  ,Rachana Badami,Finance,Executive,DATA CENTER,lpt-11661,DEV-79770,Exited,,2025-10-31 19:58:25,manager816
EMP12432,  bhavika.mangat15  ,Bhavika Mangat,Support,Analyst,head office,LPT-12432,,Live,2020-03-06 01:09:30,,manager863
EMP11759,gautami.chaudhary73,Gautami Chaudhary,It Dept,Trainee,data center,WS-11759,,A,2024-06-19 15:54:09,,unknown
EMP10854,upkaar_pathak71,Upkaar Pathak,Ops Team,Trainee,Regional Office,lpt-10854,dev16828,ACTIVE,2021-07-24 00:00:00,,  manager910  
EMP11589,gaurangi.patel7,Gaurangi Patel,Ops Team,Trainee,,vdr-11589,DEV44494,Enabled,,,manager889
EMP12267,nandini.sabharwal70,Nandini Sabharwal,Cs,Director,Warehouse,WS-12267,,ACTIVE,2020-12-28 09:55:28,,  manager502  
EMP10641,qadim.kari79,Qadim Kari,R&D,Consultant,work from home,,dev 42346,Enabled,2020-05-09 22:47:35,,manager944
EMP10001,  anjali.sandal70  ,Anjali Sandal,People Team,Specialist,DATA CENTER,LPT-10001.corp.local,,Active,,,manager127
EMP12160,  ladli.chanda88  ,Ladli Chanda,It Support,Engineer,Work From Home,VDR-12160,,A,2024-09-21 00:00:00,,
EMP10698,YASHVI.KORPAL54,Yashvi Korpal,R&D,Specialist,Data Center,VDR-10698.corp.local,dev 33566,Active,2023-08-10 17:01:42,,manager560
EMP11636,yasti.wagle42,Yasti Wagle,Fin,Administrator,regional office,VDR-11636,dev 62193,Live,2022-06-08 00:00:00,,MANAGER683
EMP11291,gayathri.cherian73,Gayathri Cherian,Innovation,Consultant,WORK FROM HOME,LPT-11291,dev 25917,A,2025-09-26 07:52:00,,manager834
EMP12941,sarthak.aggarwal71,Sarthak Aggarwal,Business Sales,Director,,WS-12941,,Enabled,2020-10-18 00:00:00,,manager563
EMP12489,ronith.toor73,Ronith Toor,Hr Dept,Consultant,,VDR-12489,,Active,2022-05-17 00:00:00,,unknown
EMP11520,kevin.vig54,Kevin Vig,Marketing Dept,Engineer,,WS-11520,dev 49795,Live,2022-08-09 10:20:30,,manager462
EMP11853,falak.konda81,Falak Konda,Operations,Consultant,WORK FROM HOME,VDR-11853,dev 58892,Working,2020-11-20 23:20:00,,manager944
EMP11136,chaman_ravi35,Chaman Ravi,Operations,Administrator,remote,VDR-11136,dev 64797,ACTIVE,,,manager100
EMP12984,krish.nair87,Krish Nair,Customer Care,Manager,Head Office,WS-12984,DEV-77537,Active,2025-11-28 03:58:00,,manager129
EMP11631,  libni.ahuja85  ,Libni Ahuja,Operations,Executive,Data Center,LPT-11631,dev58730,Exited,2023-06-02 20:12:56,2024-01-08 22:02:03,MANAGER736
EMP11998,nakul.sastry75,Nakul Sastry,R&D,Director,Regional Office,lpt-11998,,A,2021-11-16 00:00:00,,manager376
EMP10663,urmi.dixit82,Urmi Dixit,Sales,Analyst,Regional_Office,lpt-10663,DEV46913,Active,2020-07-29 00:00:00,,manager618
EMP10683,shaurya.saini86,Shaurya Saini,Operations,Consultant,Data_Center,WS-10683.corp.local,DEV13966,Live,,,manager572
EMP11257,  kala.cheema20  ,Kala Cheema,Cs,Manager,BRANCH OFFICE,lpt-11257,dev57663,Working,2023-06-11 15:46:01,,
EMP10317,girik.merchant23,Girik Merchant,Customer Support,Executive,Data Center,WS-10317,dev28388,ACTIVE,2023-11-02 05:04:11,,manager986
EMP10648,  tripti.karpe21  ,Tripti Karpe,Hr Dept,Manager,HEAD OFFICE,VDR-10648,dev 68903,ACTIVE,2020-09-22 00:55:01,,manager493
EMP11434,TANMAYI.CHERIAN36,Tanmayi Cherian,Finance,Specialist,Remote,WS-11434,,Blocked,2022-04-27 13:23:00,,  manager402  
EMP11479,patrick.dewan49,Patrick Dewan,Support,Executive,,,DEV-26186,ACTIVE,2021-11-09 06:01:00,,manager213
EMP10709,christopher.rajagopal44,Christopher Rajagopal,Hr Dept,Executive,,LPT-10709,dev 75004,Working,2023-07-06 23:37:00,,
EMP11282,jason.doshi92,Jason Doshi,Mkt,Executive,REGIONAL OFFICE,LPT-11282,,Working,2020-09-07 18:45:00,,manager132
EMP11768,anvi.mukherjee10,Anvi Mukherjee,Purchase,Executive,Branch Office,VDR-11768,dev64199,Deactivated,2023-01-28 19:59:00,,
EMP10972,zaitra.hayre49,Zaitra Hayre,Operations,Manager,WORK FROM HOME,LPT-10972,DEV18126,Terminated,2023-10-04 23:49:29,2026-05-10 00:00:00,  manager167  
EMP12675,ronith.madan37,Ronith Madan,Sales,Specialist,Branch_Office,lpt-12675,DEV-35263,Exited,2022-07-04 00:00:00,2024-03-07 00:00:00,
EMP12680,RANVEER.GOKHALE2,Ranveer Gokhale,Legal Dept,Executive,,WS-12680,,Enabled,2021-09-23 00:00:00,,unknown
EMP11306,,Xalak Swamy,Operations,Engineer,Work_From_Home,VDR-11306,DEV41013,Live,2021-06-24 14:13:41,,manager493
EMP11400,  vrishti.nadig44  ,Vrishti Nadig,Accounts,Analyst,Remote,VDR_11400,DEV84096,A,2020-01-18 07:27:41,,MANAGER314
EMP11408,  balendra.dixit9  ,Balendra Dixit,IT,Administrator,REGIONAL OFFICE,LPT-11408,,A,,,  manager196  
EMP12237,,Guneet Zacharia,Supply Chain,Director,Branch_Office,,DEV-34009,Active,2022-07-11 00:46:00,,MANAGER902
EMP11496,veda_gala19,Veda Gala,Business Sales,Trainee,Branch_Office,WS-11496.corp.local,DEV-22730,Live,2025-11-25 07:13:07,,manager826
EMP12038,jagvi.morar29,Jagvi Morar,Business Sales,Consultant,,VDR-12038,,ACTIVE,2021-11-25 00:00:00,,
EMP11529,chakradhar.basak98,Chakradhar Basak,Brand Team,Officer,WAREHOUSE,WS-11529,,Live,2026-07-20 00:20:36,,manager904
EMP11663,jagrati.bava61,Jagrati Bava,Legal,Trainee,,LPT-11663,DEV-86831,Live,2023-01-30 21:19:35,,unknown
EMP11354,vedika.de89,Vedika De,Business Sales,Trainee,REGIONAL OFFICE,,dev 57432,Working,2024-10-07 00:00:00,,manager470
EMP11643,odika.varughese57,Odika Varughese,Hr,Engineer,WAREHOUSE,VDR-11643,,ACTIVE,2021-03-21 09:57:13,,manager425
EMP11051,yamini.thakur93,Yamini Thakur,Ops Team,Officer,Regional_Office,WS-11051,DEV-93228,Active,2025-12-03 19:28:46,,manager494
EMP10795,aditya.nagarajan68,Aditya Nagarajan,People Team,Officer,Branch Office,VDR-10795,,Live,2025-02-03 06:58:00,,
EMP12693,shaurya.gade38,Shaurya Gade,Legal,Administrator,,VDR-12693,,Enabled,2023-01-21 05:39:17,,manager643
EMP11597,isha.bhargava57,Isha Bhargava,It Support,Engineer,Warehouse,LPT-11597,DEV97493,Leave,2020-03-22 21:29:00,,manager953
EMP12604,,Aachal Balan,Mkt,Officer,WORK FROM HOME,VDR-12604,,Active,2024-06-29 04:03:47,,manager700
EMP12729,,Bhavani More,Call Center,Engineer,BRANCH OFFICE,lpt-12729,DEV-61951,Live,2023-09-29 03:08:07,,manager122
EMP12625,  caleb.loke19  ,Caleb Loke,Hr Dept,Consultant,Head Office,VDR_12625,dev25130,DISABLED,2022-07-15 10:47:29,2024-03-09 00:00:00,manager591
EMP11819,nitara.dass84,Nitara Dass,Legal Dept,Manager,Warehouse,WS-11819,dev 56500,DISABLED,,2026-07-16 11:11:49,
EMP11722,JYOTI.GABA89,Jyoti Gaba,Sales Dept,Specialist,work from home,WS-11722.corp.local,DEV-57308,Enabled,2025-07-05 17:42:00,,manager680
EMP11183,azaan.nigam47,Azaan Nigam,Procurement,Consultant,Head_Office,LPT-11183.corp.local,DEV46989,Working,2020-11-26 18:34:18,,manager711
EMP12572,nathan.wali44,Nathan Wali,Mktg,Officer,,lpt-12572,dev 81776,Active,2022-12-03 14:51:37,,manager141
EMP11059,wridesh.dass37,Wridesh Dass,Legal Dept,Executive,,WS-11059,dev34431,Live,2021-09-07 00:00:00,,manager614
EMP10540,zinal.samra91,Zinal Samra,Hr Dept,Manager,Warehouse,ws-10540,,Resigned,2022-12-17 11:51:46,2026-06-06 08:27:00,manager720
EMP11678,alka_tata42,Alka Tata,Customer Support,Engineer,Data_Center,LPT-11678,dev74920,ACTIVE,,,manager849
EMP12796,charvi.krishnan2,Charvi Krishnan,Procurement,Engineer,work from home,LPT-12796,dev50826,Live,,,  manager382  
EMP12974,adweta.grewal52,Adweta Grewal,Operations,Consultant,Warehouse,lpt-12974,dev 45063,Live,2023-04-26 22:58:00,,
EMP12532,advaith.kumar2,Advaith Kumar,Supply Chain,Analyst,,lpt-12532,DEV-55758,A,2025-06-01 00:00:00,,
EMP11757,yashvi.sanghvi32,Yashvi Sanghvi,It Support,Director,Work_From_Home,vdr-11757,,Left,2026-07-27 22:59:28,2026-08-11 15:10:00,manager448
EMP11923,jatin.bansal55,Jatin Bansal,Finance,Specialist,Work From Home,WS-11923.corp.local,DEV46592,Live,2025-02-26 00:00:00,,manager851
EMP10095,pranav.apte61,Pranav Apte,Ops Team,Director,remote,WS-10095,dev 97835,ACTIVE,2021-05-14 00:00:00,,manager810
EMP11020,yochana.johal10,Yochana Johal,Hr,Officer,Work_From_Home,WS-11020,dev 63752,Enabled,2022-02-24 07:38:42,,manager145
EMP10563,unnati.rau74,Unnati Rau,Legal Dept,Manager,Head Office,LPT-10563,dev55039,A,2022-09-11 12:09:15,,manager827
EMP12790,chaman.acharya41,Chaman Acharya,People Team,Analyst,Regional Office,WS-12790,,ACTIVE,2026-06-10 02:09:00,,manager905
EMP10863,benjamin.rajan54,Benjamin Rajan,Finance,Director,,LPT-10863,DEV13771,Active,2022-03-24 09:10:59,,manager561
EMP11484,,Waida Dyal,Innovation,Executive,,LPT-11484,dev60246,Working,2023-07-22 23:47:16,,
EMP12939,DHRUV.NARAIN96,Dhruv Narain,Legal,Engineer,remote,LPT-12939,DEV14203,Enabled,2021-02-01 16:48:53,,manager815
EMP11881,nidra_nagar68,Nidra Nagar,Supply Chain,Specialist,,LPT-11881,,Live,,,
EMP11038,samaksh.acharya5,Samaksh Acharya,Business Sales,Specialist,,VDR-11038,DEV-53082,A,2022-09-13 13:23:55,,manager878
EMP10206,mitali.raja39,Mitali Raja,Procurement,Officer,HEAD OFFICE,VDR-10206,DEV-94015,A,2024-12-09 00:00:00,,manager774
EMP10392,gaurav.dey45,Gaurav Dey,Customer Support,Director,Head Office,WS-10392,dev 85766,Enabled,2025-11-04 00:00:00,,manager562
EMP12842,ISAAC.RAJ84,Isaac Raj,Finance,Analyst,Branch Office,LPT-12842,DEV99916,Working,,,manager805
EMP10870,ucchal.pingle64,Ucchal Pingle,Marketing Dept,Consultant,Data_Center,WS-10870,dev 44500,Live,2026-06-24 02:19:17,,
EMP10397,kala.jani71,Kala Jani,R&D,Executive,HEAD OFFICE,WS-10397.corp.local,dev 10500,ACTIVE,,,
EMP12814,harini.tandon3,Harini Tandon,Finance,Consultant,DATA CENTER,VDR-12814,dev68775,Working,2023-04-21 06:53:02,,manager149
EMP12968,guneet.dewan24,Guneet Dewan,Support,Director,HEAD OFFICE,lpt-12968,DEV-30751,Live,2025-01-31 00:06:18,,manager952
EMP11028,aditya.anne26,Aditya Anne,Human Resources,Analyst,Data_Center,LPT-11028.corp.local,dev11908,Active,2021-08-19 23:52:40,,manager164
EMP12690,oviya.ganguly15,Oviya Ganguly,Procurement,Executive,regional office,LPT_12690,DEV-49650,Enabled,2024-02-09 00:00:00,,manager541
EMP11485,harita.patel53,Harita Patel,Sales,Analyst,Warehouse,LPT-11485,,Enabled,2024-04-12 21:20:00,,unknown
EMP12660,girik.bhat27,Girik Bhat,Finance,Director,Work_From_Home,WS-12660,,Active,2022-05-18 21:10:57,,  manager329  
EMP10960,mason.rao36,Mason Rao,Operations,Engineer,head office,VDR-10960,dev 91951,Enabled,2026-02-08 03:45:29,,manager605
EMP11570,xavier.hayre29,Xavier Hayre,Finance,Officer,,,DEV-36502,Working,2023-05-30 11:14:44,,manager634
EMP12773,,Arya Som,Procurement Team,Engineer,,WS-12773,DEV-36233,Active,2026-05-06 00:00:00,,manager882
EMP11895,  ayushman.dave16  ,Ayushman Dave,Operations,Consultant,Data_Center,WS-11895,DEV-96444,Active,2022-04-05 14:18:09,,manager306
EMP12731,shivansh.mani61,Shivansh Mani,Purchase,Administrator,,LPT-12731.corp.local,,Active,2024-05-09 10:05:08,,manager762
EMP12146,ranbir.om18,Ranbir Om,Mkt,Director,Data_Center,,dev79102,ACTIVE,2024-11-23 19:03:00,,MANAGER122
EMP10804,janya.sinha66,Janya Sinha,Procurement,Analyst,,LPT-10804,DEV-43162,ACTIVE,2022-07-26 04:20:00,,manager872
EMP11751,abhimanyu.edwin12,Abhimanyu Edwin,Research And Development,Administrator,warehouse,LPT-11751,,ACTIVE,,,manager196
EMP12454,  arunima.khare25  ,Arunima Khare,Procurement Team,Officer,work from home,,dev 24751,ACTIVE,2022-01-23 12:29:00,,manager569
EMP10502,JAGDISH.PANCHAL9,Jagdish Panchal,Marketing Dept,Manager,BRANCH OFFICE,VDR-10502,DEV-86099,Live,2022-10-24 22:02:00,,manager787
EMP10779,  qabil.bhavsar61  ,Qabil Bhavsar,Mktg,Specialist,regional office,LPT-10779,DEV-84086,ACTIVE,2023-10-05 13:46:40,,manager215
EMP11863,,Chandresh Chakrabarti,IT,Director,Head_Office,WS-11863,DEV94783,Enabled,,,manager232
EMP10200,yashoda.lad92,Yashoda Lad,Finance,Consultant,WAREHOUSE,LPT-10200,dev25907,On Leave,2021-03-07 11:24:36,,manager605
EMP12182,ojas.din58,Ojas Din,Research And Development,Director,WORK FROM HOME,LPT-12182.corp.local,,Live,2025-06-27 03:31:30,,MANAGER860
EMP12088,timothy.chad15,Timothy Chad,Purch,Manager,Head_Office,LPT-12088,DEV60145,Enabled,2021-02-06 00:00:00,,unknown
EMP12278,LIAM.GODA44,Liam Goda,Business Sales,Trainee,,VDR-12278,DEV89150,Deactivated,2020-07-27 16:27:51,2023-10-07 03:07:43,manager258
EMP11796,  teerth.sura19  ,Teerth Sura,Hr Dept,Specialist,Work From Home,VDR-11796,dev 99558,Working,2023-06-09 04:53:00,,manager421
EMP10378,FALGUNI.GERA65,Falguni Gera,Operations Dept,Director,REMOTE,LPT_10378,dev 13416,ACTIVE,2021-11-11 11:19:45,,manager930
EMP12336,yatin.patla20,Yatin Patla,Ops Team,Officer,,VDR-12336,,Working,,,
EMP10418,jairaj.arora48,Jairaj Arora,Research And Development,Specialist,,LPT-10418,dev 72204,A,2022-12-22 15:59:18,,MANAGER957
EMP11698,mahika.sarraf31,Mahika Sarraf,Sales Dept,Trainee,Warehouse,ws-11698,dev12542,Live,2020-10-23 23:09:34,,manager251
EMP10391,chaman.bhakta14,Chaman Bhakta,IT,Analyst,data center,WS-10391,dev65004,ON_LEAVE,2023-10-07 07:30:22,,MANAGER487
EMP12640,rajeshri_trivedi41,Rajeshri Trivedi,Brand Team,Engineer,warehouse,LPT-12640,dev 34341,Left,2022-07-10 00:00:00,2026-02-04 22:37:47,manager966
EMP11522,gunbir.rajagopal8,Gunbir Rajagopal,Legal,Consultant,,LPT-11522,dev69885,Enabled,2020-03-01 00:00:00,,
EMP11162,JASMIT.KEER54,Jasmit Keer,Fin,Analyst,branch office,LPT-11162,dev39710,Live,2021-04-02 21:11:21,,manager393
EMP11495,darpan.morar14,Darpan Morar,Finance,Administrator,,VDR-11495,dev24651,Active,,,manager447
EMP12695,sai.mann23,Sai Mann,It Support,Officer,,WS_12695,DEV-73210,Live,2024-12-20 23:33:00,,
EMP12027,bhavika.mall58,Bhavika Mall,Mkt,Director,WORK FROM HOME,,DEV-90481,A,2025-05-04 13:34:35,,manager572
EMP11152,tanmayi.dara69,Tanmayi Dara,Supply Chain,Manager,REGIONAL OFFICE,VDR-11152,DEV60067,Exited,2022-03-10 13:02:46,,MANAGER664
EMP11367,unnati.sane95,Unnati Sane,Sales,Director,Warehouse,ws-11367,dev85384,Terminated,2022-09-03 16:55:00,2023-11-20 02:42:29,manager394
EMP12568,netra_kumar59,Netra Kumar,Business Sales,Specialist,HEAD OFFICE,VDR-12568,DEV-10632,Working,,,MANAGER896
EMP10064,onveer.seshadri42,Onveer Seshadri,Ops Team,Director,,WS-10064,DEV43065,DISABLED,,,MANAGER458
EMP12062,manan.bhattacharyya67,Manan Bhattacharyya,Sales Dept,Director,Remote,WS-12062,DEV-30991,Working,2024-09-13 07:43:00,,manager124
EMP11180,frederick_cheema35,Frederick Cheema,Hr,Officer,Data_Center,LPT-11180,,ACTIVE,,,manager288
EMP10492,anamika.mutti95,Anamika Mutti,Legal Dept,Manager,Regional_Office,VDR-10492,dev30152,Enabled,2026-02-05 05:34:24,,manager189
EMP10379,tejas.nagy36,Tejas Nagy,It Support,Trainee,Warehouse,WS-10379,DEV86544,Leave,2021-05-10 00:00:00,,manager772
EMP12235,pahal_pingle94,Pahal Pingle,Hr,Specialist,Work_From_Home,VDR-12235,dev 77458,Exited,,,unknown
EMP10763,nitesh.sekhon11,Nitesh Sekhon,Purch,Consultant,Regional_Office,LPT-10763,DEV77467,Left,2025-09-27 00:00:00,2025-10-17 02:22:09,manager474
EMP12264,yoshita.kaur51,Yoshita Kaur,Finance,Administrator,,WS-12264,DEV80416,Live,2024-12-13 13:29:00,,manager291
EMP10791,ishani.date54,Ishani Date,Finance,Trainee,Regional Office,VDR-10791,dev42079,A,2026-07-03 21:32:00,,manager168
EMP11076,bina.rana72,Bina Rana,Compliance,Engineer,,,dev 25163,Active,2020-12-12 01:16:59,,MANAGER858
EMP10878,  irya.manda85  ,Irya Manda,R&D,Trainee,Regional Office,WS-10878,,Active,2022-10-20 11:51:00,,
EMP10337,lucky.balakrishnan2,Lucky Balakrishnan,IT,Consultant,Work_From_Home,LPT-10337,DEV65353,Enabled,2024-01-24 03:54:00,,manager492
EMP12767,pahal.chokshi86,Pahal Chokshi,Finance,Executive,,LPT-12767,,Enabled,2024-06-17 08:41:49,,manager269
EMP12343,anamika.anne36,Anamika Anne,R&D,Analyst,REMOTE,WS-12343,DEV-42955,ACTIVE,2021-06-25 11:15:02,,
EMP11016,neel.joshi63,Neel Joshi,Innovation,Trainee,,LPT-11016,dev21941,Active,2023-11-18 16:41:16,,manager962
EMP11275,DHRITI.HEGDE74,Dhriti Hegde,Legal Dept,Consultant,Branch Office,vdr-11275,DEV-21701,Working,2023-03-19 17:11:18,,manager380
EMP10455,aarnav.sanghvi57,Aarnav Sanghvi,It Support,Manager,Remote,VDR-10455,,ACTIVE,2025-07-10 06:02:38,,manager861
EMP10815,samesh.padmanabhan9,Samesh Padmanabhan,Ops Team,Engineer,,LPT-10815,DEV-87982,Blocked,2023-06-10 01:58:31,2025-03-30 20:05:00,manager385
EMP12317,zilmil.kara36,Zilmil Kara,Ops,Executive,BRANCH OFFICE,WS-12317,dev 96237,Live,,,MANAGER617
EMP10995,triveni.keer58,Triveni Keer,Sales,Director,Branch Office,,dev65708,LEFT,,2026-08-26 12:31:00,  manager663  
EMP11981,logan.nagi59,Logan Nagi,Hr,Officer,Remote,LPT-11981,dev80158,D,,2026-02-19 12:41:37,manager438
EMP10201,warhi.sharma4,Warhi Sharma,Operations,Officer,,WS-10201,,Disabled,2024-09-09 21:46:37,2026-07-28 17:19:31,manager416
EMP10161,timothy.hegde37,Timothy Hegde,Human Resource,Manager,WAREHOUSE,VDR_10161,,A,2024-12-08 00:00:00,,manager910
EMP11579,naksh.sekhon89,Naksh Sekhon,Research And Development,Administrator,branch office,VDR-11579,DEV23506,A,2026-03-23 11:55:42,,manager713
EMP12777,yamini.lal74,Yamini Lal,R&D,Consultant,Branch Office,VDR-12777,dev81246,Enabled,2020-04-13 00:00:00,,manager653
EMP12449,azad.natarajan76,Azad Natarajan,Procurement Team,Executive,remote,WS-12449.corp.local,dev 39296,ACTIVE,2025-09-16 05:30:05,,  manager751  
EMP10702,anjali.merchant97,Anjali Merchant,Marketing,Trainee,,LPT-10702.corp.local,dev 78597,LEFT,2020-10-01 19:02:00,2026-02-12 00:00:00,manager784
EMP11500,falak.bhattacharyya87,Falak Bhattacharyya,Brand Team,Executive,regional office,VDR-11500,DEV-26849,Working,2022-06-27 00:00:00,,
EMP11129,anay.barad50,Anay Barad,Finance,Manager,Head_Office,LPT-11129.corp.local,DEV26531,Live,2024-04-02 00:00:00,,manager800
EMP12613,JAGDISH.SINHA46,Jagdish Sinha,Procurement,Analyst,Regional Office,vdr-12613,DEV43865,Live,2025-07-06 07:26:20,,MANAGER751
EMP11021,gaurika.raman60,Gaurika Raman,Information Technology,Manager,REGIONAL OFFICE,VDR-11021,DEV98555,Active,2023-03-30 05:01:08,,manager508
EMP11585,,Ekantika Natarajan,Sales,Consultant,warehouse,VDR-11585,DEV89142,A,,,  manager140  
EMP11955,ronith.narayan29,Ronith Narayan,Accounts,Manager,,LPT-11955,,Active,,,manager906
EMP12253,hitesh.dani91,Hitesh Dani,Supply Chain,Consultant,Regional Office,LPT-12253,dev 40225,A,2020-07-23 07:38:03,,  manager502  
EMP10034,lajita.varkey45,Lajita Varkey,Hr,Engineer,remote,WS-10034,dev 30676,ACTIVE,2024-08-14 17:16:00,,manager726
EMP10775,vamakshi.chacko24,Vamakshi Chacko,Finance,Executive,BRANCH OFFICE,LPT_10775,DEV-25324,Working,,,manager551
EMP12556,siya.baria89,Siya Baria,Operations,Specialist,,,dev24673,ACTIVE,,,manager688
EMP11478,rudra.chakrabarti73,Rudra Chakrabarti,Legal,Director,work from home,LPT-11478,dev47209,Enabled,2024-04-03 17:29:05,,
EMP11390,lakshmi_madan63,Lakshmi Madan,IT,Executive,,ws-11390,DEV-13177,Working,2026-07-27 19:11:08,,manager134
EMP12139,wridesh.jha71,Wridesh Jha,Sales,Executive,DATA CENTER,WS_12139,dev98367,Left,2025-11-16 15:30:29,2026-02-11 16:33:27,manager486
EMP11363,chatura.sankar90,Chatura Sankar,Accounts,Executive,Regional_Office,VDR-11363.corp.local,DEV76764,A,2020-01-25 04:23:52,,manager478
EMP12945,  ekapad.dass17  ,Ekapad Dass,Compliance,Engineer,Head Office,VDR-12945,DEV86618,Deactivated,2023-01-13 05:47:30,2025-10-07 00:00:00,manager727
EMP12612,advay.dani76,Advay Dani,R&D,Officer,DATA CENTER,lpt-12612,dev23757,L,2026-06-11 00:00:00,2026-06-27 02:32:00,unknown
EMP12824,dominic.borde50,Dominic Borde,Operations Dept,Consultant,Warehouse,LPT_12824,DEV-47144,Resigned,2022-05-29 05:16:25,2025-10-17 00:00:00,
EMP12041,advaith.choudhary34,Advaith Choudhary,Business Sales,Analyst,BRANCH OFFICE,WS-12041,DEV-92329,Enabled,2025-09-29 00:00:00,,
EMP10241,varenya.narain82,Varenya Narain,Legal Dept,Director,WAREHOUSE,WS-10241,,Live,2020-10-23 00:00:00,,MANAGER243
EMP12061,harish.sura83,Harish Sura,IT,Administrator,Warehouse,LPT-12061,dev17731,Enabled,2020-01-26 05:05:13,,
EMP12363,peter.sampath76,Peter Sampath,R&D,Analyst,branch office,WS-12363,,A,2024-07-01 00:00:00,,manager523
EMP10600,PALLAVI.DESHPANDE10,Pallavi Deshpande,Marketing,Manager,Branch_Office,VDR-10600,dev22729,Active,2021-12-18 17:57:02,,  manager294  
EMP12435,vasana.pandey31,Vasana Pandey,Call Center,Analyst,REMOTE,VDR-12435,dev31212,LEFT,2025-03-28 16:08:49,2026-06-10 04:13:09,
EMP11297,zansi.sodhi24,Zansi Sodhi,Finance,Engineer,Branch_Office,VDR-11297.corp.local,,A,2024-02-01 18:10:35,,manager783
EMP12214,samuel.acharya59,Samuel Acharya,People Team,Specialist,Data Center,WS_12214,,Live,2022-01-05 00:00:00,,manager189
EMP12888,  mekhala.jani12  ,Mekhala Jani,Operations,Officer,Warehouse,LPT-12888,DEV-53532,Live,2025-03-11 00:00:00,,unknown
EMP12068,fariq_dayal84,Fariq Dayal,Purchase,Executive,Work From Home,LPT-12068,DEV52706,Live,2021-04-27 00:00:00,,manager680
EMP10646,nirja.rau58,Nirja Rau,People Team,Officer,,LPT-10646,DEV86735,Exited,2025-12-02 18:01:56,2026-05-04 09:40:46,manager561
EMP11528,udyati_thaker20,Udyati Thaker,Procurement,Administrator,WAREHOUSE,LPT-11528,,Working,2022-01-31 00:00:00,,MANAGER659
EMP12879,nirja_mani53,Nirja Mani,Sales,Analyst,,WS-12879,,Working,2021-10-21 03:51:10,,manager521
EMP11267,indira.tella80,Indira Tella,Rd,Administrator,Work From Home,VDR-11267,dev 41276,Enabled,2025-10-18 04:02:04,,manager291
EMP11899,rayaan.srinivas61,Rayaan Srinivas,Customer Support,Manager,Warehouse,WS-11899.corp.local,,Enabled,2021-11-27 22:11:37,,manager804
EMP10562,manan.desai49,Manan Desai,Purch,Administrator,,,dev 28985,Exited,2025-06-13 05:09:19,,manager727
EMP12734,xavier.kade65,Xavier Kade,R&D,Director,head office,VDR-12734,dev51276,DISABLED,2025-06-04 04:54:00,2025-06-21 05:17:00,
EMP10189,kai.sastry56,Kai Sastry,Legal,Trainee,Data Center,WS-10189,DEV34486,Live,2024-03-25 00:00:00,,manager916
EMP11806,shivansh.goyal35,Shivansh Goyal,Fin,Officer,HEAD OFFICE,WS-11806,,Live,2026-02-24 22:20:02,,  manager646  
EMP10975,azad.baral80,Azad Baral,People Team,Consultant,,VDR-10975,dev13404,Working,2022-10-16 15:53:00,,manager210
EMP12747,chanakya.keer83,Chanakya Keer,Brand Team,Engineer,REGIONAL OFFICE,lpt-12747,dev55054,Exited,2024-06-27 12:27:27,2024-09-15 23:53:22,manager766
EMP12047,tamanna.mital68,Tamanna Mital,Hr,Specialist,Warehouse,WS-12047,,ACTIVE,2026-03-25 19:17:29,,
EMP12558,nidra.vasa97,Nidra Vasa,Mkt,Specialist,Work_From_Home,VDR-12558,DEV-64214,Enabled,2024-09-23 10:33:31,,manager999
EMP11082,om_jain49,Om Jain,It Support,Consultant,Branch_Office,vdr-11082,dev 37605,Disabled,,2022-12-05 14:11:31,
EMP10474,ekani.wadhwa15,Ekani Wadhwa,Operations Dept,Officer,,VDR-10474,DEV-84794,Terminated,2026-01-15 06:39:21,2026-08-10 00:00:00,manager967
EMP12904,charan.narang96,Charan Narang,Sales,Trainee,Warehouse,LPT-12904,DEV56234,Working,2022-09-22 00:00:00,,MANAGER159
EMP10747,yashica.patla7,Yashica Patla,Operations Dept,Administrator,branch office,WS-10747,DEV42949,ACTIVE,2026-06-14 00:00:00,,manager206
EMP12300,jeevika.bhardwaj87,Jeevika Bhardwaj,Customer Care,Officer,Regional_Office,LPT-12300,DEV-79966,Active,2025-01-19 20:41:20,,
EMP10021,alexander.sha81,Alexander Sha,IT,Engineer,Head_Office,LPT-10021,dev 53309,Live,,,manager597
EMP10459,advika.dey22,Advika Dey,People Team,Trainee,remote,LPT_10459,dev53371,OOO,,,manager663
EMP11184,IRA.TRIPATHI2,Ira Tripathi,Mktg,Engineer,,LPT-11184,DEV-93674,Resigned,2022-01-16 16:41:00,2022-06-05 00:00:00,manager909
EMP12324,krishna.panchal99,Krishna Panchal,Business Sales,Director,warehouse,VDR-12324.corp.local,DEV21382,Live,,,
EMP10955,janya.kuruvilla44,Janya Kuruvilla,Mkt,Trainee,Remote,LPT-10955,DEV-96805,ON_LEAVE,,,manager713
EMP11215,gopal.nath97,Gopal Nath,Purch,Officer,Head Office,VDR-11215,dev68209,Working,,,MANAGER972
EMP12433,osha_dora22,Osha Dora,Information Technology,Analyst,Head_Office,WS-12433.corp.local,DEV35782,Working,2024-08-02 00:00:00,,manager657
EMP12853,ADVIKA.THAKUR47,Advika Thakur,Support,Executive,,WS-12853,,ACTIVE,2024-03-11 08:44:16,,
EMP11515,  yashoda.kalita15  ,Yashoda Kalita,Finance,Trainee,HEAD OFFICE,WS-11515.corp.local,dev76787,Working,2021-05-21 00:00:00,,manager878
EMP12391,pooja.iyengar59,Pooja Iyengar,Operations Dept,Analyst,Data_Center,WS-12391,,ACTIVE,2025-03-09 04:28:39,,manager868
EMP10769,,Aashi Joshi,Brand Team,Manager,HEAD OFFICE,LPT-10769,DEV-46168,Active,,,  manager995  
EMP11685,zaid.kata76,Zaid Kata,Operations,Specialist,Regional Office,LPT-11685,DEV84606,A,2022-09-18 07:08:04,,
EMP10130,arjun.deol3,Arjun Deol,Information Technology,Consultant,BRANCH OFFICE,LPT-10130,dev84000,Enabled,2026-07-05 06:16:08,,  manager700  
EMP12919,baghyawati.boase84,Baghyawati Boase,Hr,Executive,Branch_Office,vdr-12919,,Deactivated,2021-09-08 13:39:41,2025-06-18 22:26:00,manager742
EMP12135,arunima.sharaf86,Arunima Sharaf,Human Resources,Executive,work from home,lpt-12135,dev59840,Live,,,manager193
EMP11482,simon.srinivasan98,Simon Srinivasan,Ops,Officer,Warehouse,VDR-11482,DEV61402,Live,2023-09-06 01:53:08,,manager575
EMP10330,madhavi.saraf42,Madhavi Saraf,Procurement,Analyst,work from home,VDR-10330,dev22208,Live,2023-11-25 08:27:00,,manager814
EMP11238,brinda.kade46,Brinda Kade,Operations Dept,Manager,Data_Center,LPT-11238.corp.local,DEV14424,ON_LEAVE,2022-02-25 00:00:00,,manager400
EMP10466,tanvi.mane92,Tanvi Mane,Legal Dept,Manager,Remote,VDR-10466,DEV35679,Enabled,2023-05-05 00:00:00,,manager944
EMP12169,banjeet.bains78,Banjeet Bains,Operations,Engineer,Head Office,LPT-12169,dev 98508,Active,,,manager255
EMP11638,daniel.kala5,Daniel Kala,R&D,Trainee,head office,LPT-11638.corp.local,DEV-39968,A,2023-04-20 16:08:16,,manager880
EMP11095,nicholas.sur69,Nicholas Sur,Cs,Trainee,head office,VDR-11095,dev 86640,Enabled,2025-07-17 18:19:24,,MANAGER871
EMP11130,radhika.sampath31,Radhika Sampath,IT,Consultant,Data_Center,VDR-11130,dev11052,ACTIVE,2022-06-18 08:11:46,,manager184
EMP11294,forum.gala78,Forum Gala,Hr Dept,Officer,Head Office,lpt-11294,DEV-36777,ACTIVE,2020-03-17 14:30:46,,
EMP10860,alexander.d’alia12,Alexander D’Alia,Ops Team,Executive,Warehouse,LPT-10860,dev 11850,Active,,,
